"Step","PWM_HopperEnv_sweep_2 - rewards","PWM_HopperEnv_sweep_2 - rewards__MIN","PWM_HopperEnv_sweep_2 - rewards__MAX","PWM_HopperEnv_sweep_1 - rewards","PWM_HopperEnv_sweep_1 - rewards__MIN","PWM_HopperEnv_sweep_1 - rewards__MAX","PWM_HopperEnv_sweep_0 - rewards","PWM_HopperEnv_sweep_0 - rewards__MIN","PWM_HopperEnv_sweep_0 - rewards__MAX"
"51200","181.22943115234375","181.22943115234375","181.22943115234375","207.62527465820312","207.62527465820312","207.62527465820312","205.91030883789062","205.91030883789062","205.91030883789062"
"102400","391.66802978515625","391.66802978515625","391.66802978515625","862.0012817382812","862.0012817382812","862.0012817382812","383.270263671875","383.270263671875","383.270263671875"
"153600","1283.3304443359375","1283.3304443359375","1283.3304443359375","1074.306640625","1074.306640625","1074.306640625","1104.642578125","1104.642578125","1104.642578125"
"204800","1549.15625","1549.15625","1549.15625","1299.525390625","1299.525390625","1299.525390625","1397.2159423828125","1397.2159423828125","1397.2159423828125"
"256000","2072.419677734375","2072.419677734375","2072.419677734375","1795.16162109375","1795.16162109375","1795.16162109375","1409.5755615234375","1409.5755615234375","1409.5755615234375"
"307200","1552.1212158203125","1552.1212158203125","1552.1212158203125","2011.4454345703125","2011.4454345703125","2011.4454345703125","1651.8111572265625","1651.8111572265625","1651.8111572265625"
"358400","1112.623291015625","1112.623291015625","1112.623291015625","1393.64404296875","1393.64404296875","1393.64404296875","2056.474609375","2056.474609375","2056.474609375"
"409600","1923.8629150390625","1923.8629150390625","1923.8629150390625","994.9596557617188","994.9596557617188","994.9596557617188","2393.529296875","2393.529296875","2393.529296875"
"460800","2406.177490234375","2406.177490234375","2406.177490234375","1481.83984375","1481.83984375","1481.83984375","2325.768798828125","2325.768798828125","2325.768798828125"
"512000","2582.96533203125","2582.96533203125","2582.96533203125","1065.638671875","1065.638671875","1065.638671875","2359.48974609375","2359.48974609375","2359.48974609375"
"563200","1981.77490234375","1981.77490234375","1981.77490234375","1127.3369140625","1127.3369140625","1127.3369140625","1716.435791015625","1716.435791015625","1716.435791015625"
"614400","1450.9383544921875","1450.9383544921875","1450.9383544921875","1192.0211181640625","1192.0211181640625","1192.0211181640625","2372.37890625","2372.37890625","2372.37890625"
"665600","1505.76513671875","1505.76513671875","1505.76513671875","2156.218017578125","2156.218017578125","2156.218017578125","2583.15087890625","2583.15087890625","2583.15087890625"
"716800","1810.387451171875","1810.387451171875","1810.387451171875","1510.480712890625","1510.480712890625","1510.480712890625","2629.0625","2629.0625","2629.0625"
"768000","1416.055908203125","1416.055908203125","1416.055908203125","1384.88232421875","1384.88232421875","1384.88232421875","1634.79150390625","1634.79150390625","1634.79150390625"
"819200","1799.6771240234375","1799.6771240234375","1799.6771240234375","2208.79296875","2208.79296875","2208.79296875","1377.433349609375","1377.433349609375","1377.433349609375"
"870400","2202.646240234375","2202.646240234375","2202.646240234375","1542.3126220703125","1542.3126220703125","1542.3126220703125","700.940673828125","700.940673828125","700.940673828125"
"921600","2497.981689453125","2497.981689453125","2497.981689453125","2219.212646484375","2219.212646484375","2219.212646484375","1046.9195556640625","1046.9195556640625","1046.9195556640625"
"972800","3336.00244140625","3336.00244140625","3336.00244140625","1778.57275390625","1778.57275390625","1778.57275390625","1493.6729736328125","1493.6729736328125","1493.6729736328125"
"1024000","2063.023193359375","2063.023193359375","2063.023193359375","2971.322021484375","2971.322021484375","2971.322021484375","2450.796630859375","2450.796630859375","2450.796630859375"
"1075200","1113.5321044921875","1113.5321044921875","1113.5321044921875","2279.96484375","2279.96484375","2279.96484375","1965.330078125","1965.330078125","1965.330078125"
"1126400","2410.61376953125","2410.61376953125","2410.61376953125","2197.76806640625","2197.76806640625","2197.76806640625","2143.59716796875","2143.59716796875","2143.59716796875"
"1177600","2946.975830078125","2946.975830078125","2946.975830078125","2276.512939453125","2276.512939453125","2276.512939453125","2178.0478515625","2178.0478515625","2178.0478515625"
"1228800","3135.752685546875","3135.752685546875","3135.752685546875","2302.1455078125","2302.1455078125","2302.1455078125","2727.627685546875","2727.627685546875","2727.627685546875"
"1280000","3487.10302734375","3487.10302734375","3487.10302734375","3172.647705078125","3172.647705078125","3172.647705078125","2412.380126953125","2412.380126953125","2412.380126953125"
"1331200","2556.37646484375","2556.37646484375","2556.37646484375","2932.93310546875","2932.93310546875","2932.93310546875","2491.182861328125","2491.182861328125","2491.182861328125"
"1382400","1384.6563720703125","1384.6563720703125","1384.6563720703125","3086.54931640625","3086.54931640625","3086.54931640625","3049.8427734375","3049.8427734375","3049.8427734375"
"1433600","306.5651550292969","306.5651550292969","306.5651550292969","3173.0556640625","3173.0556640625","3173.0556640625","3288.2734375","3288.2734375","3288.2734375"
"1484800","1562.3255615234375","1562.3255615234375","1562.3255615234375","3294.67138671875","3294.67138671875","3294.67138671875","3201.124267578125","3201.124267578125","3201.124267578125"
"1536000","2908.933349609375","2908.933349609375","2908.933349609375","2974.62109375","2974.62109375","2974.62109375","3339.745849609375","3339.745849609375","3339.745849609375"
"1587200","3119.735595703125","3119.735595703125","3119.735595703125","3350.02783203125","3350.02783203125","3350.02783203125","3643.43701171875","3643.43701171875","3643.43701171875"
"1638400","3389.439208984375","3389.439208984375","3389.439208984375","3234.6806640625","3234.6806640625","3234.6806640625","3856.432373046875","3856.432373046875","3856.432373046875"
"1689600","3611.16455078125","3611.16455078125","3611.16455078125","3389.50830078125","3389.50830078125","3389.50830078125","3169.91796875","3169.91796875","3169.91796875"
"1740800","3939.521484375","3939.521484375","3939.521484375","3622.75244140625","3622.75244140625","3622.75244140625","2919.4775390625","2919.4775390625","2919.4775390625"
"1792000","4148.49951171875","4148.49951171875","4148.49951171875","3314.7275390625","3314.7275390625","3314.7275390625","3666.078369140625","3666.078369140625","3666.078369140625"
"1843200","4292.439453125","4292.439453125","4292.439453125","3928.22705078125","3928.22705078125","3928.22705078125","3970.76513671875","3970.76513671875","3970.76513671875"
"1894400","4478.6083984375","4478.6083984375","4478.6083984375","4426.65625","4426.65625","4426.65625","3628.561767578125","3628.561767578125","3628.561767578125"
"1945600","4506.97216796875","4506.97216796875","4506.97216796875","4127.7353515625","4127.7353515625","4127.7353515625","3061.107177734375","3061.107177734375","3061.107177734375"
"1996800","4385.91845703125","4385.91845703125","4385.91845703125","4187.275390625","4187.275390625","4187.275390625","3383.53564453125","3383.53564453125","3383.53564453125"
"2048000","4493.0126953125","4493.0126953125","4493.0126953125","4258.09814453125","4258.09814453125","4258.09814453125","3978.75","3978.75","3978.75"
"2099200","4509.59814453125","4509.59814453125","4509.59814453125","4548.455078125","4548.455078125","4548.455078125","3326.45654296875","3326.45654296875","3326.45654296875"
"2150400","4478.9658203125","4478.9658203125","4478.9658203125","4678.0498046875","4678.0498046875","4678.0498046875","3347.73828125","3347.73828125","3347.73828125"
"2201600","4351.17724609375","4351.17724609375","4351.17724609375","4093.552734375","4093.552734375","4093.552734375","3248.904052734375","3248.904052734375","3248.904052734375"
"2252800","4408.37841796875","4408.37841796875","4408.37841796875","2771.252685546875","2771.252685546875","2771.252685546875","3079.646728515625","3079.646728515625","3079.646728515625"
"2304000","4630.56689453125","4630.56689453125","4630.56689453125","2998.35595703125","2998.35595703125","2998.35595703125","3189.375244140625","3189.375244140625","3189.375244140625"
"2355200","4376.60009765625","4376.60009765625","4376.60009765625","3773.204345703125","3773.204345703125","3773.204345703125","3536.708740234375","3536.708740234375","3536.708740234375"
"2406400","4192.84130859375","4192.84130859375","4192.84130859375","3892.634033203125","3892.634033203125","3892.634033203125","3859.852294921875","3859.852294921875","3859.852294921875"
"2457600","3086.162353515625","3086.162353515625","3086.162353515625","4035.59619140625","4035.59619140625","4035.59619140625","3464.729248046875","3464.729248046875","3464.729248046875"
"2508800","3568.732177734375","3568.732177734375","3568.732177734375","4410.4443359375","4410.4443359375","4410.4443359375","3757.4375","3757.4375","3757.4375"
"2560000","4012.49365234375","4012.49365234375","4012.49365234375","4202.88037109375","4202.88037109375","4202.88037109375","3385.505615234375","3385.505615234375","3385.505615234375"
"2611200","4244.51318359375","4244.51318359375","4244.51318359375","3827.13671875","3827.13671875","3827.13671875","3046.416259765625","3046.416259765625","3046.416259765625"
"2662400","4360.52685546875","4360.52685546875","4360.52685546875","3705.178955078125","3705.178955078125","3705.178955078125","3704.021484375","3704.021484375","3704.021484375"
"2713600","4522.77392578125","4522.77392578125","4522.77392578125","4030.907958984375","4030.907958984375","4030.907958984375","3620.256103515625","3620.256103515625","3620.256103515625"
"2764800","4546.1416015625","4546.1416015625","4546.1416015625","4274.49169921875","4274.49169921875","4274.49169921875","2988.24609375","2988.24609375","2988.24609375"
"2816000","4494.05224609375","4494.05224609375","4494.05224609375","4513.90185546875","4513.90185546875","4513.90185546875","2911.071533203125","2911.071533203125","2911.071533203125"
"2867200","4278.5283203125","4278.5283203125","4278.5283203125","3707.927490234375","3707.927490234375","3707.927490234375","3431.45703125","3431.45703125","3431.45703125"
"2918400","4476.267578125","4476.267578125","4476.267578125","3941.345947265625","3941.345947265625","3941.345947265625","3319.55517578125","3319.55517578125","3319.55517578125"
"2969600","4348.638671875","4348.638671875","4348.638671875","4289.40234375","4289.40234375","4289.40234375","3617.256591796875","3617.256591796875","3617.256591796875"
"3020800","4591.48828125","4591.48828125","4591.48828125","4139.70849609375","4139.70849609375","4139.70849609375","2929.09765625","2929.09765625","2929.09765625"
"3072000","4765.3251953125","4765.3251953125","4765.3251953125","3845.348876953125","3845.348876953125","3845.348876953125","2104.91748046875","2104.91748046875","2104.91748046875"
"3123200","4805.92822265625","4805.92822265625","4805.92822265625","4392.05126953125","4392.05126953125","4392.05126953125","3176.59814453125","3176.59814453125","3176.59814453125"
"3174400","4725.4404296875","4725.4404296875","4725.4404296875","3563.796875","3563.796875","3563.796875","2990.154052734375","2990.154052734375","2990.154052734375"
"3225600","4503.51513671875","4503.51513671875","4503.51513671875","4125.00390625","4125.00390625","4125.00390625","3766.4365234375","3766.4365234375","3766.4365234375"
"3276800","4273.4326171875","4273.4326171875","4273.4326171875","3280.537109375","3280.537109375","3280.537109375","3741.26025390625","3741.26025390625","3741.26025390625"
"3328000","4147.8779296875","4147.8779296875","4147.8779296875","3606.890869140625","3606.890869140625","3606.890869140625","3200.00048828125","3200.00048828125","3200.00048828125"
"3379200","4441.9951171875","4441.9951171875","4441.9951171875","4145.70263671875","4145.70263671875","4145.70263671875","3849.373779296875","3849.373779296875","3849.373779296875"
"3430400","4563.46875","4563.46875","4563.46875","2667.039306640625","2667.039306640625","2667.039306640625","1678.63916015625","1678.63916015625","1678.63916015625"
"3481600","4689.0966796875","4689.0966796875","4689.0966796875","2799.92236328125","2799.92236328125","2799.92236328125","1554.169921875","1554.169921875","1554.169921875"
"3532800","4791.66357421875","4791.66357421875","4791.66357421875","3396.125244140625","3396.125244140625","3396.125244140625","3130.654052734375","3130.654052734375","3130.654052734375"
"3584000","4819.2119140625","4819.2119140625","4819.2119140625","3047.76513671875","3047.76513671875","3047.76513671875","3935.661865234375","3935.661865234375","3935.661865234375"
"3635200","4754.1337890625","4754.1337890625","4754.1337890625","2682.306396484375","2682.306396484375","2682.306396484375","3633.00927734375","3633.00927734375","3633.00927734375"
"3686400","4760.6484375","4760.6484375","4760.6484375","3540.30810546875","3540.30810546875","3540.30810546875","3728.44580078125","3728.44580078125","3728.44580078125"
"3737600","4710.166015625","4710.166015625","4710.166015625","4136.87158203125","4136.87158203125","4136.87158203125","3967.244384765625","3967.244384765625","3967.244384765625"
"3788800","4849.7451171875","4849.7451171875","4849.7451171875","3085.230224609375","3085.230224609375","3085.230224609375","4412.10009765625","4412.10009765625","4412.10009765625"
"3840000","4874.7685546875","4874.7685546875","4874.7685546875","3974.18017578125","3974.18017578125","3974.18017578125","4559.2421875","4559.2421875","4559.2421875"
"3891200","4725.57568359375","4725.57568359375","4725.57568359375","4514.6611328125","4514.6611328125","4514.6611328125","4755.0712890625","4755.0712890625","4755.0712890625"
"3942400","4691.73291015625","4691.73291015625","4691.73291015625","4502.18408203125","4502.18408203125","4502.18408203125","4843.8974609375","4843.8974609375","4843.8974609375"
"3993600","4682.30029296875","4682.30029296875","4682.30029296875","4545.66748046875","4545.66748046875","4545.66748046875","4615.8544921875","4615.8544921875","4615.8544921875"
"4044800","3380.415283203125","3380.415283203125","3380.415283203125","4525.82763671875","4525.82763671875","4525.82763671875","4225.2763671875","4225.2763671875","4225.2763671875"
"4096000","3173.434814453125","3173.434814453125","3173.434814453125","4401.7724609375","4401.7724609375","4401.7724609375","4393.87451171875","4393.87451171875","4393.87451171875"
"4147200","3698.91796875","3698.91796875","3698.91796875","4716.13232421875","4716.13232421875","4716.13232421875","4004.8896484375","4004.8896484375","4004.8896484375"
"4198400","4047.02490234375","4047.02490234375","4047.02490234375","4614.7802734375","4614.7802734375","4614.7802734375","4228.43310546875","4228.43310546875","4228.43310546875"
"4249600","4449.65625","4449.65625","4449.65625","4845.64697265625","4845.64697265625","4845.64697265625","4315.34912109375","4315.34912109375","4315.34912109375"
"4300800","4703.39111328125","4703.39111328125","4703.39111328125","4627.8291015625","4627.8291015625","4627.8291015625","4444.1826171875","4444.1826171875","4444.1826171875"
"4352000","4823.31689453125","4823.31689453125","4823.31689453125","4330.26220703125","4330.26220703125","4330.26220703125","4460.39501953125","4460.39501953125","4460.39501953125"
"4403200","4898.8427734375","4898.8427734375","4898.8427734375","4272.03125","4272.03125","4272.03125","4868.09130859375","4868.09130859375","4868.09130859375"
"4454400","4949.79736328125","4949.79736328125","4949.79736328125","4660.4423828125","4660.4423828125","4660.4423828125","4698.283203125","4698.283203125","4698.283203125"
"4505600","4890.59765625","4890.59765625","4890.59765625","4893.65771484375","4893.65771484375","4893.65771484375","4757.39794921875","4757.39794921875","4757.39794921875"
"4556800","4991.1572265625","4991.1572265625","4991.1572265625","4956.048828125","4956.048828125","4956.048828125","4521.6669921875","4521.6669921875","4521.6669921875"
"4608000","4951.57470703125","4951.57470703125","4951.57470703125","4901.45166015625","4901.45166015625","4901.45166015625","3852.4482421875","3852.4482421875","3852.4482421875"
"4659200","4994.5712890625","4994.5712890625","4994.5712890625","4683.5546875","4683.5546875","4683.5546875","4216.80859375","4216.80859375","4216.80859375"
"4710400","5020.3974609375","5020.3974609375","5020.3974609375","4942.85498046875","4942.85498046875","4942.85498046875","3914.8544921875","3914.8544921875","3914.8544921875"
"4761600","5000.78857421875","5000.78857421875","5000.78857421875","4736.76806640625","4736.76806640625","4736.76806640625","4524.99560546875","4524.99560546875","4524.99560546875"
"4812800","5035.81689453125","5035.81689453125","5035.81689453125","4610.876953125","4610.876953125","4610.876953125","4571.29248046875","4571.29248046875","4571.29248046875"
"4864000","5055.39599609375","5055.39599609375","5055.39599609375","4759.3984375","4759.3984375","4759.3984375","4112.791015625","4112.791015625","4112.791015625"
"4915200","5052.9033203125","5052.9033203125","5052.9033203125","4921","4921","4921","4174.61474609375","4174.61474609375","4174.61474609375"
"4966400","5039.9296875","5039.9296875","5039.9296875","4756.85888671875","4756.85888671875","4756.85888671875","4556.0546875","4556.0546875","4556.0546875"
"5017600","5027.1357421875","5027.1357421875","5027.1357421875","4409.486328125","4409.486328125","4409.486328125","4736.06298828125","4736.06298828125","4736.06298828125"
"5068800","4966.88232421875","4966.88232421875","4966.88232421875","3284.134033203125","3284.134033203125","3284.134033203125","5082.5283203125","5082.5283203125","5082.5283203125"
"5120000","4811.3818359375","4811.3818359375","4811.3818359375","2906.27392578125","2906.27392578125","2906.27392578125","4956.86572265625","4956.86572265625","4956.86572265625"
"5171200","4770.54541015625","4770.54541015625","4770.54541015625","3847.43896484375","3847.43896484375","3847.43896484375","4923.05908203125","4923.05908203125","4923.05908203125"
"5222400","4862.24072265625","4862.24072265625","4862.24072265625","3943.631103515625","3943.631103515625","3943.631103515625","4775.13671875","4775.13671875","4775.13671875"
"5273600","4863.5048828125","4863.5048828125","4863.5048828125","4608.65576171875","4608.65576171875","4608.65576171875","3663.500244140625","3663.500244140625","3663.500244140625"
"5324800","4928.5224609375","4928.5224609375","4928.5224609375","4812.72900390625","4812.72900390625","4812.72900390625","3044.787353515625","3044.787353515625","3044.787353515625"
"5376000","4977.5068359375","4977.5068359375","4977.5068359375","4804.6103515625","4804.6103515625","4804.6103515625","3006.62841796875","3006.62841796875","3006.62841796875"
"5427200","5008.96728515625","5008.96728515625","5008.96728515625","5093.4296875","5093.4296875","5093.4296875","4049.9169921875","4049.9169921875","4049.9169921875"
"5478400","4902.22314453125","4902.22314453125","4902.22314453125","5226.880859375","5226.880859375","5226.880859375","4632.509765625","4632.509765625","4632.509765625"
"5529600","4835.0078125","4835.0078125","4835.0078125","5106.26416015625","5106.26416015625","5106.26416015625","4428.10986328125","4428.10986328125","4428.10986328125"
"5580800","4315.3037109375","4315.3037109375","4315.3037109375","4321.90966796875","4321.90966796875","4321.90966796875","4794.73291015625","4794.73291015625","4794.73291015625"
"5632000","4533.029296875","4533.029296875","4533.029296875","4184.6826171875","4184.6826171875","4184.6826171875","4966.51806640625","4966.51806640625","4966.51806640625"
"5683200","4654.3662109375","4654.3662109375","4654.3662109375","4159.068359375","4159.068359375","4159.068359375","4311.65673828125","4311.65673828125","4311.65673828125"
"5734400","4748.27099609375","4748.27099609375","4748.27099609375","3788.158935546875","3788.158935546875","3788.158935546875","4691.49169921875","4691.49169921875","4691.49169921875"
"5785600","4830.56640625","4830.56640625","4830.56640625","4452.47998046875","4452.47998046875","4452.47998046875","4886.1787109375","4886.1787109375","4886.1787109375"
"5836800","4563.33447265625","4563.33447265625","4563.33447265625","4532.95654296875","4532.95654296875","4532.95654296875","4741.4638671875","4741.4638671875","4741.4638671875"
"5888000","4659.8466796875","4659.8466796875","4659.8466796875","4324.591796875","4324.591796875","4324.591796875","4936.587890625","4936.587890625","4936.587890625"
"5939200","4751.6669921875","4751.6669921875","4751.6669921875","3062.1240234375","3062.1240234375","3062.1240234375","5070.61767578125","5070.61767578125","5070.61767578125"
"5990400","4879.306640625","4879.306640625","4879.306640625","3792.91357421875","3792.91357421875","3792.91357421875","5208.17724609375","5208.17724609375","5208.17724609375"
"6041600","4925.10986328125","4925.10986328125","4925.10986328125","4530.30224609375","4530.30224609375","4530.30224609375","5114.99462890625","5114.99462890625","5114.99462890625"
"6092800","5002.51123046875","5002.51123046875","5002.51123046875","4663.15283203125","4663.15283203125","4663.15283203125","4922.3701171875","4922.3701171875","4922.3701171875"
"6144000","4976.7880859375","4976.7880859375","4976.7880859375","4569.6904296875","4569.6904296875","4569.6904296875","4243.84375","4243.84375","4243.84375"
"6195200","5003.9560546875","5003.9560546875","5003.9560546875","4864.9013671875","4864.9013671875","4864.9013671875","4457.26220703125","4457.26220703125","4457.26220703125"
"6246400","4954.6962890625","4954.6962890625","4954.6962890625","5008.9677734375","5008.9677734375","5008.9677734375","4514.11279296875","4514.11279296875","4514.11279296875"
"6297600","4917.73876953125","4917.73876953125","4917.73876953125","5234.25146484375","5234.25146484375","5234.25146484375","4860.45751953125","4860.45751953125","4860.45751953125"
"6348800","4877.8369140625","4877.8369140625","4877.8369140625","5126.017578125","5126.017578125","5126.017578125","4791.83056640625","4791.83056640625","4791.83056640625"
"6400000","4980.65234375","4980.65234375","4980.65234375","5254.6552734375","5254.6552734375","5254.6552734375","4683.5595703125","4683.5595703125","4683.5595703125"
"6451200","4972.126953125","4972.126953125","4972.126953125","5340.3935546875","5340.3935546875","5340.3935546875","4359.57666015625","4359.57666015625","4359.57666015625"
"6502400","4836.12109375","4836.12109375","4836.12109375","5238.869140625","5238.869140625","5238.869140625","4758.455078125","4758.455078125","4758.455078125"
"6553600","4767.2373046875","4767.2373046875","4767.2373046875","5331.12060546875","5331.12060546875","5331.12060546875","4936.001953125","4936.001953125","4936.001953125"
"6604800","4912.814453125","4912.814453125","4912.814453125","4887.2998046875","4887.2998046875","4887.2998046875","4382.84228515625","4382.84228515625","4382.84228515625"
"6656000","4959.708984375","4959.708984375","4959.708984375","4988.8994140625","4988.8994140625","4988.8994140625","4263.69140625","4263.69140625","4263.69140625"
"6707200","4873.9853515625","4873.9853515625","4873.9853515625","4971.58544921875","4971.58544921875","4971.58544921875","4771.29150390625","4771.29150390625","4771.29150390625"
"6758400","4910.78759765625","4910.78759765625","4910.78759765625","5042.8818359375","5042.8818359375","5042.8818359375","4878.03125","4878.03125","4878.03125"
"6809600","4935.4892578125","4935.4892578125","4935.4892578125","5129.15478515625","5129.15478515625","5129.15478515625","4259.65625","4259.65625","4259.65625"
"6860800","4927.1572265625","4927.1572265625","4927.1572265625","4344.0302734375","4344.0302734375","4344.0302734375","4593.6396484375","4593.6396484375","4593.6396484375"
"6912000","4792.955078125","4792.955078125","4792.955078125","4822.5166015625","4822.5166015625","4822.5166015625","4786.6943359375","4786.6943359375","4786.6943359375"
"6963200","4824.3203125","4824.3203125","4824.3203125","4898.4208984375","4898.4208984375","4898.4208984375","5082.16259765625","5082.16259765625","5082.16259765625"
"7014400","4764.01416015625","4764.01416015625","4764.01416015625","4028.35498046875","4028.35498046875","4028.35498046875","5009.5908203125","5009.5908203125","5009.5908203125"
"7065600","4838.125","4838.125","4838.125","4059.08740234375","4059.08740234375","4059.08740234375","5182.8662109375","5182.8662109375","5182.8662109375"
"7116800","4868.0048828125","4868.0048828125","4868.0048828125","3513.367431640625","3513.367431640625","3513.367431640625","5287.89697265625","5287.89697265625","5287.89697265625"
"7168000","4954.3212890625","4954.3212890625","4954.3212890625","3436.13232421875","3436.13232421875","3436.13232421875","5261.5341796875","5261.5341796875","5261.5341796875"
"7219200","4938.86279296875","4938.86279296875","4938.86279296875","3920.085205078125","3920.085205078125","3920.085205078125","5244.705078125","5244.705078125","5244.705078125"
"7270400","4796.49072265625","4796.49072265625","4796.49072265625","4293.69970703125","4293.69970703125","4293.69970703125","5320.1123046875","5320.1123046875","5320.1123046875"
"7321600","4754.41259765625","4754.41259765625","4754.41259765625","3990.830810546875","3990.830810546875","3990.830810546875","5413.87939453125","5413.87939453125","5413.87939453125"
"7372800","4745.1669921875","4745.1669921875","4745.1669921875","4432.50048828125","4432.50048828125","4432.50048828125","4138.7978515625","4138.7978515625","4138.7978515625"
"7424000","4857.6865234375","4857.6865234375","4857.6865234375","4891.58447265625","4891.58447265625","4891.58447265625","4510.0244140625","4510.0244140625","4510.0244140625"
"7475200","4866.60693359375","4866.60693359375","4866.60693359375","5196.63037109375","5196.63037109375","5196.63037109375","4582.5625","4582.5625","4582.5625"
"7526400","4930.70166015625","4930.70166015625","4930.70166015625","5175.1494140625","5175.1494140625","5175.1494140625","4320.97998046875","4320.97998046875","4320.97998046875"
"7577600","4916.5078125","4916.5078125","4916.5078125","4939.396484375","4939.396484375","4939.396484375","4896.1171875","4896.1171875","4896.1171875"
"7628800","4924.453125","4924.453125","4924.453125","5133.03515625","5133.03515625","5133.03515625","4195.3466796875","4195.3466796875","4195.3466796875"
"7680000","4892.5078125","4892.5078125","4892.5078125","5212.45703125","5212.45703125","5212.45703125","4477.98974609375","4477.98974609375","4477.98974609375"
"7731200","4927.2890625","4927.2890625","4927.2890625","5271.892578125","5271.892578125","5271.892578125","4814.8974609375","4814.8974609375","4814.8974609375"
"7782400","4983.95263671875","4983.95263671875","4983.95263671875","5362.6708984375","5362.6708984375","5362.6708984375","5091.5634765625","5091.5634765625","5091.5634765625"
"7833600","4935.77099609375","4935.77099609375","4935.77099609375","5186.8798828125","5186.8798828125","5186.8798828125","5109.87255859375","5109.87255859375","5109.87255859375"
"7884800","5004.88671875","5004.88671875","5004.88671875","5293.48974609375","5293.48974609375","5293.48974609375","5145.5224609375","5145.5224609375","5145.5224609375"
"7936000","4990.6474609375","4990.6474609375","4990.6474609375","5249.5986328125","5249.5986328125","5249.5986328125","5217.71875","5217.71875","5217.71875"
"7987200","4968.494140625","4968.494140625","4968.494140625","5396.93603515625","5396.93603515625","5396.93603515625","5180.07177734375","5180.07177734375","5180.07177734375"
"8038400","5021.0390625","5021.0390625","5021.0390625","5256.93798828125","5256.93798828125","5256.93798828125","5381.87939453125","5381.87939453125","5381.87939453125"
"8089600","4849.353515625","4849.353515625","4849.353515625","5282.8056640625","5282.8056640625","5282.8056640625","5127.9208984375","5127.9208984375","5127.9208984375"
"8140800","4964.05517578125","4964.05517578125","4964.05517578125","5380.7841796875","5380.7841796875","5380.7841796875","5145.3388671875","5145.3388671875","5145.3388671875"
"8192000","4940.76416015625","4940.76416015625","4940.76416015625","5449.6953125","5449.6953125","5449.6953125","5305.84716796875","5305.84716796875","5305.84716796875"
"8243200","4977.43115234375","4977.43115234375","4977.43115234375","5417.607421875","5417.607421875","5417.607421875","5270.8193359375","5270.8193359375","5270.8193359375"
"8294400","5022.85498046875","5022.85498046875","5022.85498046875","5475.43603515625","5475.43603515625","5475.43603515625","5383.3310546875","5383.3310546875","5383.3310546875"
"8345600","5055.25537109375","5055.25537109375","5055.25537109375","5526.2587890625","5526.2587890625","5526.2587890625","5357.3828125","5357.3828125","5357.3828125"
"8396800","5078.939453125","5078.939453125","5078.939453125","5553.73095703125","5553.73095703125","5553.73095703125","5474.33984375","5474.33984375","5474.33984375"
"8448000","5088.90087890625","5088.90087890625","5088.90087890625","5551.5537109375","5551.5537109375","5551.5537109375","5389.6640625","5389.6640625","5389.6640625"
"8499200","5048.44775390625","5048.44775390625","5048.44775390625","4426.6953125","4426.6953125","4426.6953125","5413.49853515625","5413.49853515625","5413.49853515625"
"8550400","5024.8896484375","5024.8896484375","5024.8896484375","4752.599609375","4752.599609375","4752.599609375","5408.6650390625","5408.6650390625","5408.6650390625"
"8601600","5047.9345703125","5047.9345703125","5047.9345703125","4727.96044921875","4727.96044921875","4727.96044921875","5291.06298828125","5291.06298828125","5291.06298828125"
"8652800","5088.3173828125","5088.3173828125","5088.3173828125","3568.821533203125","3568.821533203125","3568.821533203125","5307.51611328125","5307.51611328125","5307.51611328125"
"8704000","5103.38232421875","5103.38232421875","5103.38232421875","3445.259033203125","3445.259033203125","3445.259033203125","5252.45751953125","5252.45751953125","5252.45751953125"
"8755200","5107.703125","5107.703125","5107.703125","4419.19873046875","4419.19873046875","4419.19873046875","5379.37744140625","5379.37744140625","5379.37744140625"
"8806400","5116.3466796875","5116.3466796875","5116.3466796875","4384.63671875","4384.63671875","4384.63671875","5319.18408203125","5319.18408203125","5319.18408203125"
"8857600","5118.244140625","5118.244140625","5118.244140625","4879.119140625","4879.119140625","4879.119140625","5436.1904296875","5436.1904296875","5436.1904296875"
"8908800","5121.3359375","5121.3359375","5121.3359375","5075.3740234375","5075.3740234375","5075.3740234375","5376.31494140625","5376.31494140625","5376.31494140625"
"8960000","5088.56591796875","5088.56591796875","5088.56591796875","4974.57275390625","4974.57275390625","4974.57275390625","5402.01318359375","5402.01318359375","5402.01318359375"
"9011200","5081.85693359375","5081.85693359375","5081.85693359375","4416.48583984375","4416.48583984375","4416.48583984375","5485.41162109375","5485.41162109375","5485.41162109375"
"9062400","5091.3896484375","5091.3896484375","5091.3896484375","4622.48291015625","4622.48291015625","4622.48291015625","5155.7197265625","5155.7197265625","5155.7197265625"
"9113600","5094.966796875","5094.966796875","5094.966796875","4992.45703125","4992.45703125","4992.45703125","5271.24365234375","5271.24365234375","5271.24365234375"
"9164800","4972.9384765625","4972.9384765625","4972.9384765625","5204.216796875","5204.216796875","5204.216796875","5255.00537109375","5255.00537109375","5255.00537109375"
"9216000","4955.34521484375","4955.34521484375","4955.34521484375","5245.93359375","5245.93359375","5245.93359375","5346.5244140625","5346.5244140625","5346.5244140625"
"9267200","4993.33056640625","4993.33056640625","4993.33056640625","5344.66845703125","5344.66845703125","5344.66845703125","5450.5","5450.5","5450.5"
"9318400","5039.7568359375","5039.7568359375","5039.7568359375","5181.34716796875","5181.34716796875","5181.34716796875","5361.5478515625","5361.5478515625","5361.5478515625"
"9369600","5080.267578125","5080.267578125","5080.267578125","5301.1591796875","5301.1591796875","5301.1591796875","5480.83251953125","5480.83251953125","5480.83251953125"
"9420800","5107.541015625","5107.541015625","5107.541015625","5401.51904296875","5401.51904296875","5401.51904296875","5415.494140625","5415.494140625","5415.494140625"
"9472000","5117.837890625","5117.837890625","5117.837890625","4928.6259765625","4928.6259765625","4928.6259765625","5348.0029296875","5348.0029296875","5348.0029296875"
"9523200","5120.54296875","5120.54296875","5120.54296875","5251.79931640625","5251.79931640625","5251.79931640625","5459.6181640625","5459.6181640625","5459.6181640625"
"9574400","5071.232421875","5071.232421875","5071.232421875","5271.49853515625","5271.49853515625","5271.49853515625","5293.77783203125","5293.77783203125","5293.77783203125"
"9625600","5048.98779296875","5048.98779296875","5048.98779296875","5311.31005859375","5311.31005859375","5311.31005859375","5438.80126953125","5438.80126953125","5438.80126953125"
"9676800","5081.1826171875","5081.1826171875","5081.1826171875","5445.21240234375","5445.21240234375","5445.21240234375","5461.0791015625","5461.0791015625","5461.0791015625"
"9728000","5012.44287109375","5012.44287109375","5012.44287109375","5412.24658203125","5412.24658203125","5412.24658203125","5460.201171875","5460.201171875","5460.201171875"
"9779200","4991.76806640625","4991.76806640625","4991.76806640625","5484.63134765625","5484.63134765625","5484.63134765625","5443.72119140625","5443.72119140625","5443.72119140625"
"9830400","4971.33447265625","4971.33447265625","4971.33447265625","5421.06787109375","5421.06787109375","5421.06787109375","5370.0546875","5370.0546875","5370.0546875"
"9881600","5033.97900390625","5033.97900390625","5033.97900390625","5401.0390625","5401.0390625","5401.0390625","4878.0595703125","4878.0595703125","4878.0595703125"
"9932800","4939.619140625","4939.619140625","4939.619140625","5365.841796875","5365.841796875","5365.841796875","5060.6845703125","5060.6845703125","5060.6845703125"
"9984000","4870.75634765625","4870.75634765625","4870.75634765625","5437.3232421875","5437.3232421875","5437.3232421875","5111.97265625","5111.97265625","5111.97265625"
"10035200","4922.9794921875","4922.9794921875","4922.9794921875","5533.28125","5533.28125","5533.28125","4907.66845703125","4907.66845703125","4907.66845703125"
"10086400","4908.9970703125","4908.9970703125","4908.9970703125","5502.9697265625","5502.9697265625","5502.9697265625","5125.51123046875","5125.51123046875","5125.51123046875"
"10137600","4993.994140625","4993.994140625","4993.994140625","5427.15673828125","5427.15673828125","5427.15673828125","5309.50439453125","5309.50439453125","5309.50439453125"
"10188800","5027.65380859375","5027.65380859375","5027.65380859375","5469.8369140625","5469.8369140625","5469.8369140625","4958.09228515625","4958.09228515625","4958.09228515625"
"10240000","4974.30615234375","4974.30615234375","4974.30615234375","5527.41845703125","5527.41845703125","5527.41845703125","5030.98828125","5030.98828125","5030.98828125"
"10291200","5007.70166015625","5007.70166015625","5007.70166015625","5355.5703125","5355.5703125","5355.5703125","5218.4990234375","5218.4990234375","5218.4990234375"
"10342400","5044.45654296875","5044.45654296875","5044.45654296875","5443.20556640625","5443.20556640625","5443.20556640625","5369.40380859375","5369.40380859375","5369.40380859375"
"10393600","5076.51904296875","5076.51904296875","5076.51904296875","5298.5029296875","5298.5029296875","5298.5029296875","5424.931640625","5424.931640625","5424.931640625"
"10444800","5106.02490234375","5106.02490234375","5106.02490234375","5441.08544921875","5441.08544921875","5441.08544921875","5448.50244140625","5448.50244140625","5448.50244140625"
"10496000","5115.279296875","5115.279296875","5115.279296875","5268.2958984375","5268.2958984375","5268.2958984375","5457.4609375","5457.4609375","5457.4609375"
"10547200","5114.865234375","5114.865234375","5114.865234375","5320.509765625","5320.509765625","5320.509765625","5366.955078125","5366.955078125","5366.955078125"
"10598400","5121.529296875","5121.529296875","5121.529296875","5157.05908203125","5157.05908203125","5157.05908203125","5481.0146484375","5481.0146484375","5481.0146484375"
"10649600","5127.509765625","5127.509765625","5127.509765625","4990.837890625","4990.837890625","4990.837890625","5430.88916015625","5430.88916015625","5430.88916015625"
"10700800","5029.66796875","5029.66796875","5029.66796875","5101.91162109375","5101.91162109375","5101.91162109375","5382.6103515625","5382.6103515625","5382.6103515625"
"10752000","4991.59716796875","4991.59716796875","4991.59716796875","5037.28564453125","5037.28564453125","5037.28564453125","5420.43603515625","5420.43603515625","5420.43603515625"
"10803200","5025.01220703125","5025.01220703125","5025.01220703125","5152.55908203125","5152.55908203125","5152.55908203125","5525.666015625","5525.666015625","5525.666015625"
"10854400","4993.47998046875","4993.47998046875","4993.47998046875","5303.74658203125","5303.74658203125","5303.74658203125","5388.75537109375","5388.75537109375","5388.75537109375"
"10905600","5055.669921875","5055.669921875","5055.669921875","5312.9287109375","5312.9287109375","5312.9287109375","5341.49072265625","5341.49072265625","5341.49072265625"
"10956800","5004.5673828125","5004.5673828125","5004.5673828125","5340.1494140625","5340.1494140625","5340.1494140625","5472.65966796875","5472.65966796875","5472.65966796875"
"11008000","5048.16943359375","5048.16943359375","5048.16943359375","5365.6328125","5365.6328125","5365.6328125","5536.57470703125","5536.57470703125","5536.57470703125"
"11059200","5065.23876953125","5065.23876953125","5065.23876953125","5483.767578125","5483.767578125","5483.767578125","5496.1103515625","5496.1103515625","5496.1103515625"
"11110400","5089.48583984375","5089.48583984375","5089.48583984375","5403.291015625","5403.291015625","5403.291015625","5570.3310546875","5570.3310546875","5570.3310546875"
"11161600","5103.39501953125","5103.39501953125","5103.39501953125","5496.36669921875","5496.36669921875","5496.36669921875","5577.92919921875","5577.92919921875","5577.92919921875"
"11212800","5114.4853515625","5114.4853515625","5114.4853515625","5469.8515625","5469.8515625","5469.8515625","5583.03857421875","5583.03857421875","5583.03857421875"
"11264000","5121.791015625","5121.791015625","5121.791015625","5497.8359375","5497.8359375","5497.8359375","5620.8203125","5620.8203125","5620.8203125"
"11315200","5124.46435546875","5124.46435546875","5124.46435546875","5495.71484375","5495.71484375","5495.71484375","5581.29296875","5581.29296875","5581.29296875"
"11366400","5127.791015625","5127.791015625","5127.791015625","5460.6767578125","5460.6767578125","5460.6767578125","5455.24609375","5455.24609375","5455.24609375"
"11417600","5128.94384765625","5128.94384765625","5128.94384765625","5540.13916015625","5540.13916015625","5540.13916015625","5486.1884765625","5486.1884765625","5486.1884765625"
"11468800","5131.9111328125","5131.9111328125","5131.9111328125","5430.4853515625","5430.4853515625","5430.4853515625","5378.49560546875","5378.49560546875","5378.49560546875"
"11520000","5131.2216796875","5131.2216796875","5131.2216796875","5508.90380859375","5508.90380859375","5508.90380859375","5412.087890625","5412.087890625","5412.087890625"
"11571200","5130.4912109375","5130.4912109375","5130.4912109375","5552.7451171875","5552.7451171875","5552.7451171875","5452.49755859375","5452.49755859375","5452.49755859375"
"11622400","5130.5458984375","5130.5458984375","5130.5458984375","5559.6162109375","5559.6162109375","5559.6162109375","5414.70361328125","5414.70361328125","5414.70361328125"
"11673600","5131.17578125","5131.17578125","5131.17578125","5558.326171875","5558.326171875","5558.326171875","5529.2578125","5529.2578125","5529.2578125"
"11724800","5131.748046875","5131.748046875","5131.748046875","5373.798828125","5373.798828125","5373.798828125","5440.9677734375","5440.9677734375","5440.9677734375"
"11776000","5132.685546875","5132.685546875","5132.685546875","5484.2080078125","5484.2080078125","5484.2080078125","5518.017578125","5518.017578125","5518.017578125"
"11827200","5130.0732421875","5130.0732421875","5130.0732421875","5482.8974609375","5482.8974609375","5482.8974609375","5469.4482421875","5469.4482421875","5469.4482421875"
"11878400","5129.81396484375","5129.81396484375","5129.81396484375","5396.8359375","5396.8359375","5396.8359375","5563.5478515625","5563.5478515625","5563.5478515625"
"11929600","5132.49658203125","5132.49658203125","5132.49658203125","5479.8056640625","5479.8056640625","5479.8056640625","5619.85302734375","5619.85302734375","5619.85302734375"
"11980800","5138.9248046875","5138.9248046875","5138.9248046875","5567.41259765625","5567.41259765625","5567.41259765625","5611.1337890625","5611.1337890625","5611.1337890625"
"12032000","5106.7880859375","5106.7880859375","5106.7880859375","5567.72802734375","5567.72802734375","5567.72802734375","5407.83740234375","5407.83740234375","5407.83740234375"
"12083200","5116.35498046875","5116.35498046875","5116.35498046875","5480.15234375","5480.15234375","5480.15234375","5508.75439453125","5508.75439453125","5508.75439453125"
"12134400","5128.333984375","5128.333984375","5128.333984375","5552.73876953125","5552.73876953125","5552.73876953125","5440.2919921875","5440.2919921875","5440.2919921875"
"12185600","5137.30712890625","5137.30712890625","5137.30712890625","5612.77099609375","5612.77099609375","5612.77099609375","5560.80615234375","5560.80615234375","5560.80615234375"
"12236800","5143.0830078125","5143.0830078125","5143.0830078125","5648.2451171875","5648.2451171875","5648.2451171875","5614.7060546875","5614.7060546875","5614.7060546875"
"12288000","5142.63037109375","5142.63037109375","5142.63037109375","5409.9931640625","5409.9931640625","5409.9931640625","5641.828125","5641.828125","5641.828125"
"12339200","5144.533203125","5144.533203125","5144.533203125","5539.8798828125","5539.8798828125","5539.8798828125","5479.0302734375","5479.0302734375","5479.0302734375"
"12390400","5145.755859375","5145.755859375","5145.755859375","5566.31591796875","5566.31591796875","5566.31591796875","5506.5087890625","5506.5087890625","5506.5087890625"
"12441600","5144.62890625","5144.62890625","5144.62890625","5591.28369140625","5591.28369140625","5591.28369140625","5547.404296875","5547.404296875","5547.404296875"
"12492800","5118.4619140625","5118.4619140625","5118.4619140625","5565.02685546875","5565.02685546875","5565.02685546875","5547.66357421875","5547.66357421875","5547.66357421875"
"12544000","5127.88916015625","5127.88916015625","5127.88916015625","5611.7998046875","5611.7998046875","5611.7998046875","5587.7294921875","5587.7294921875","5587.7294921875"
"12595200","5132.658203125","5132.658203125","5132.658203125","5650.3330078125","5650.3330078125","5650.3330078125","5632.0859375","5632.0859375","5632.0859375"
"12646400","5138.2744140625","5138.2744140625","5138.2744140625","5614.7900390625","5614.7900390625","5614.7900390625","5610.63818359375","5610.63818359375","5610.63818359375"
"12697600","5144.95556640625","5144.95556640625","5144.95556640625","5647.43408203125","5647.43408203125","5647.43408203125","5652.6455078125","5652.6455078125","5652.6455078125"
"12748800","5144.634765625","5144.634765625","5144.634765625","5671.375","5671.375","5671.375","5678.7822265625","5678.7822265625","5678.7822265625"
"12800000","5147.4775390625","5147.4775390625","5147.4775390625","5534.9619140625","5534.9619140625","5534.9619140625","5650.6435546875","5650.6435546875","5650.6435546875"
"12851200","5147.8837890625","5147.8837890625","5147.8837890625","5448.2490234375","5448.2490234375","5448.2490234375","5680.314453125","5680.314453125","5680.314453125"
"12902400","5150.67919921875","5150.67919921875","5150.67919921875","5490.47216796875","5490.47216796875","5490.47216796875","5660.58544921875","5660.58544921875","5660.58544921875"
"12953600","5154.4541015625","5154.4541015625","5154.4541015625","5547.5087890625","5547.5087890625","5547.5087890625","5483.68115234375","5483.68115234375","5483.68115234375"
"13004800","5158.1044921875","5158.1044921875","5158.1044921875","5584.69482421875","5584.69482421875","5584.69482421875","5535.68603515625","5535.68603515625","5535.68603515625"
"13056000","5154.603515625","5154.603515625","5154.603515625","5151.18115234375","5151.18115234375","5151.18115234375","5550.765625","5550.765625","5550.765625"
"13107200","5152.18603515625","5152.18603515625","5152.18603515625","5364.16552734375","5364.16552734375","5364.16552734375","5625.14599609375","5625.14599609375","5625.14599609375"
"13158400","5141.0068359375","5141.0068359375","5141.0068359375","5495.4462890625","5495.4462890625","5495.4462890625","5669.58251953125","5669.58251953125","5669.58251953125"
"13209600","5120.26123046875","5120.26123046875","5120.26123046875","5541.6953125","5541.6953125","5541.6953125","5598.74755859375","5598.74755859375","5598.74755859375"
"13260800","5135.666015625","5135.666015625","5135.666015625","5468.982421875","5468.982421875","5468.982421875","5644.2900390625","5644.2900390625","5644.2900390625"
"13312000","5142.76416015625","5142.76416015625","5142.76416015625","5508.18505859375","5508.18505859375","5508.18505859375","5629.81982421875","5629.81982421875","5629.81982421875"
"13363200","5146.91796875","5146.91796875","5146.91796875","5514.9716796875","5514.9716796875","5514.9716796875","5625.98779296875","5625.98779296875","5625.98779296875"
"13414400","5151.12109375","5151.12109375","5151.12109375","5460.7890625","5460.7890625","5460.7890625","5676.27978515625","5676.27978515625","5676.27978515625"
"13465600","5153.53759765625","5153.53759765625","5153.53759765625","5463.4443359375","5463.4443359375","5463.4443359375","5648.81982421875","5648.81982421875","5648.81982421875"
"13516800","5155.9140625","5155.9140625","5155.9140625","5487.8974609375","5487.8974609375","5487.8974609375","5626.6201171875","5626.6201171875","5626.6201171875"
"13568000","5158.3125","5158.3125","5158.3125","5520.78564453125","5520.78564453125","5520.78564453125","5659.76904296875","5659.76904296875","5659.76904296875"
"13619200","5159.04833984375","5159.04833984375","5159.04833984375","5610.33251953125","5610.33251953125","5610.33251953125","5688.88427734375","5688.88427734375","5688.88427734375"
"13670400","5160.046875","5160.046875","5160.046875","5416.62255859375","5416.62255859375","5416.62255859375","5658.80615234375","5658.80615234375","5658.80615234375"
"13721600","5161.89599609375","5161.89599609375","5161.89599609375","5406.947265625","5406.947265625","5406.947265625","5582.75927734375","5582.75927734375","5582.75927734375"
"13772800","5165.9921875","5165.9921875","5165.9921875","5398.9990234375","5398.9990234375","5398.9990234375","5636.14599609375","5636.14599609375","5636.14599609375"
"13824000","5164.25732421875","5164.25732421875","5164.25732421875","5511.82177734375","5511.82177734375","5511.82177734375","5617.4287109375","5617.4287109375","5617.4287109375"
"13875200","5128.6142578125","5128.6142578125","5128.6142578125","5535.556640625","5535.556640625","5535.556640625","5616.37939453125","5616.37939453125","5616.37939453125"
"13926400","5138.9462890625","5138.9462890625","5138.9462890625","5567.51904296875","5567.51904296875","5567.51904296875","5670.44189453125","5670.44189453125","5670.44189453125"
"13977600","5145.79541015625","5145.79541015625","5145.79541015625","5542.12109375","5542.12109375","5542.12109375","5593.33349609375","5593.33349609375","5593.33349609375"
"14028800","5149.1630859375","5149.1630859375","5149.1630859375","5523.43408203125","5523.43408203125","5523.43408203125","5640.5869140625","5640.5869140625","5640.5869140625"
"14080000","5151.728515625","5151.728515625","5151.728515625","5594.89697265625","5594.89697265625","5594.89697265625","5580.345703125","5580.345703125","5580.345703125"
"14131200","5154.48876953125","5154.48876953125","5154.48876953125","5602.6513671875","5602.6513671875","5602.6513671875","5613.796875","5613.796875","5613.796875"
"14182400","5159.04638671875","5159.04638671875","5159.04638671875","5580.7802734375","5580.7802734375","5580.7802734375","5641.78759765625","5641.78759765625","5641.78759765625"
"14233600","5162.33544921875","5162.33544921875","5162.33544921875","5390.05029296875","5390.05029296875","5390.05029296875","5628.92236328125","5628.92236328125","5628.92236328125"
"14284800","5167.67529296875","5167.67529296875","5167.67529296875","5438.0693359375","5438.0693359375","5438.0693359375","5669.12841796875","5669.12841796875","5669.12841796875"
"14336000","5169.34033203125","5169.34033203125","5169.34033203125","5448.296875","5448.296875","5448.296875","5654.4951171875","5654.4951171875","5654.4951171875"
"14387200","5170.25927734375","5170.25927734375","5170.25927734375","5496.095703125","5496.095703125","5496.095703125","5693.74658203125","5693.74658203125","5693.74658203125"
"14438400","5171.95068359375","5171.95068359375","5171.95068359375","5552.19091796875","5552.19091796875","5552.19091796875","5716.83984375","5716.83984375","5716.83984375"
"14489600","5174.08251953125","5174.08251953125","5174.08251953125","5543.4228515625","5543.4228515625","5543.4228515625","5670.88671875","5670.88671875","5670.88671875"
"14540800","5174.4599609375","5174.4599609375","5174.4599609375","5533.1611328125","5533.1611328125","5533.1611328125","5695.4111328125","5695.4111328125","5695.4111328125"
"14592000","5174.27880859375","5174.27880859375","5174.27880859375","5606.32861328125","5606.32861328125","5606.32861328125","5626.08056640625","5626.08056640625","5626.08056640625"
"14643200","5175.111328125","5175.111328125","5175.111328125","5569.939453125","5569.939453125","5569.939453125","5678.45751953125","5678.45751953125","5678.45751953125"
"14694400","5177.75927734375","5177.75927734375","5177.75927734375","5494.4208984375","5494.4208984375","5494.4208984375","5656.77734375","5656.77734375","5656.77734375"
"14745600","5179.4306640625","5179.4306640625","5179.4306640625","5518.107421875","5518.107421875","5518.107421875","5642.8134765625","5642.8134765625","5642.8134765625"
"14796800","5181.26611328125","5181.26611328125","5181.26611328125","5526.28125","5526.28125","5526.28125","5625.8505859375","5625.8505859375","5625.8505859375"
"14848000","5181.63818359375","5181.63818359375","5181.63818359375","5556.0400390625","5556.0400390625","5556.0400390625","5619.78466796875","5619.78466796875","5619.78466796875"
"14899200","5183.8525390625","5183.8525390625","5183.8525390625","5483.10302734375","5483.10302734375","5483.10302734375","5673.5576171875","5673.5576171875","5673.5576171875"
"14950400","5184.328125","5184.328125","5184.328125","5586.33154296875","5586.33154296875","5586.33154296875","5706.79345703125","5706.79345703125","5706.79345703125"
"15001600","5186.5341796875","5186.5341796875","5186.5341796875","5652.6923828125","5652.6923828125","5652.6923828125","5684.85791015625","5684.85791015625","5684.85791015625"
"15052800","5188.375","5188.375","5188.375","5640.3154296875","5640.3154296875","5640.3154296875","5703.83984375","5703.83984375","5703.83984375"
"15104000","5189.6318359375","5189.6318359375","5189.6318359375","5583.0078125","5583.0078125","5583.0078125","5635.369140625","5635.369140625","5635.369140625"
"15155200","5190.5","5190.5","5190.5","5541.84716796875","5541.84716796875","5541.84716796875","5684.259765625","5684.259765625","5684.259765625"
"15206400","5191.92333984375","5191.92333984375","5191.92333984375","5622.384765625","5622.384765625","5622.384765625","5671.2998046875","5671.2998046875","5671.2998046875"
"15257600","5191.7431640625","5191.7431640625","5191.7431640625","5672.40673828125","5672.40673828125","5672.40673828125","5704.3203125","5704.3203125","5704.3203125"
"15308800","5193.05224609375","5193.05224609375","5193.05224609375","5659.658203125","5659.658203125","5659.658203125","5671.9736328125","5671.9736328125","5671.9736328125"
"15360000","5192.8466796875","5192.8466796875","5192.8466796875","5690.0478515625","5690.0478515625","5690.0478515625","5697.951171875","5697.951171875","5697.951171875"