"Step","PWM_AnymalEnv_sweep_2 - rewards","PWM_AnymalEnv_sweep_2 - rewards__MIN","PWM_AnymalEnv_sweep_2 - rewards__MAX","PWM_AnymalEnv_sweep_1 - rewards","PWM_AnymalEnv_sweep_1 - rewards__MIN","PWM_AnymalEnv_sweep_1 - rewards__MAX","PWM_AnymalEnv_sweep_0 - rewards","PWM_AnymalEnv_sweep_0 - rewards__MIN","PWM_AnymalEnv_sweep_0 - rewards__MAX"
"102400","21.54654312133789","21.54654312133789","21.54654312133789","22.369586944580078","22.369586944580078","22.369586944580078","23.541208267211914","23.541208267211914","23.541208267211914"
"153600","22.48332977294922","22.48332977294922","22.48332977294922","24.36138153076172","24.36138153076172","24.36138153076172","28.8629150390625","28.8629150390625","28.8629150390625"
"204800","27.499074935913086","27.499074935913086","27.499074935913086","18.426128387451172","18.426128387451172","18.426128387451172","20.37322998046875","20.37322998046875","20.37322998046875"
"256000","21.334123611450195","21.334123611450195","21.334123611450195","22.54056167602539","22.54056167602539","22.54056167602539","22.22515869140625","22.22515869140625","22.22515869140625"
"307200","21.606136322021484","21.606136322021484","21.606136322021484","28.437606811523438","28.437606811523438","28.437606811523438","21.30669403076172","21.30669403076172","21.30669403076172"
"358400","23.002721786499023","23.002721786499023","23.002721786499023","22.6075382232666","22.6075382232666","22.6075382232666","24.267162322998047","24.267162322998047","24.267162322998047"
"409600","22.319459915161133","22.319459915161133","22.319459915161133","22.576303482055664","22.576303482055664","22.576303482055664","21.16191291809082","21.16191291809082","21.16191291809082"
"460800","21.68010139465332","21.68010139465332","21.68010139465332","19.746253967285156","19.746253967285156","19.746253967285156","21.682003021240234","21.682003021240234","21.682003021240234"
"512000","23.02943229675293","23.02943229675293","23.02943229675293","22.644115447998047","22.644115447998047","22.644115447998047","21.226543426513672","21.226543426513672","21.226543426513672"
"563200","18.935136795043945","18.935136795043945","18.935136795043945","22.35280990600586","22.35280990600586","22.35280990600586","22.157936096191406","22.157936096191406","22.157936096191406"
"614400","20.43840217590332","20.43840217590332","20.43840217590332","22.3525390625","22.3525390625","22.3525390625","21.759017944335938","21.759017944335938","21.759017944335938"
"665600","23.475162506103516","23.475162506103516","23.475162506103516","23.214990615844727","23.214990615844727","23.214990615844727","21.734426498413086","21.734426498413086","21.734426498413086"
"716800","19.382184982299805","19.382184982299805","19.382184982299805","24.076650619506836","24.076650619506836","24.076650619506836","21.733505249023438","21.733505249023438","21.733505249023438"
"768000","22.678390502929688","22.678390502929688","22.678390502929688","20.873918533325195","20.873918533325195","20.873918533325195","22.023962020874023","22.023962020874023","22.023962020874023"
"819200","21.815675735473633","21.815675735473633","21.815675735473633","21.353403091430664","21.353403091430664","21.353403091430664","23.83514404296875","23.83514404296875","23.83514404296875"
"870400","21.15866470336914","21.15866470336914","21.15866470336914","21.76400375366211","21.76400375366211","21.76400375366211","22.367273330688477","22.367273330688477","22.367273330688477"
"921600","22.518903732299805","22.518903732299805","22.518903732299805","23.843475341796875","23.843475341796875","23.843475341796875","21.367938995361328","21.367938995361328","21.367938995361328"
"972800","23.54294204711914","23.54294204711914","23.54294204711914","20.340641021728516","20.340641021728516","20.340641021728516","22.294384002685547","22.294384002685547","22.294384002685547"
"1024000","22.09145736694336","22.09145736694336","22.09145736694336","22.12834358215332","22.12834358215332","22.12834358215332","21.439369201660156","21.439369201660156","21.439369201660156"
"1075200","22.697111129760742","22.697111129760742","22.697111129760742","21.217897415161133","21.217897415161133","21.217897415161133","21.6069278717041","21.6069278717041","21.6069278717041"
"1126400","23.189857482910156","23.189857482910156","23.189857482910156","21.535741806030273","21.535741806030273","21.535741806030273","20.758424758911133","20.758424758911133","20.758424758911133"
"1177600","23.37172508239746","23.37172508239746","23.37172508239746","21.709890365600586","21.709890365600586","21.709890365600586","21.352209091186523","21.352209091186523","21.352209091186523"
"1228800","24.89771842956543","24.89771842956543","24.89771842956543","22.23210906982422","22.23210906982422","22.23210906982422","21.100631713867188","21.100631713867188","21.100631713867188"
"1280000","25.516950607299805","25.516950607299805","25.516950607299805","22.307636260986328","22.307636260986328","22.307636260986328","21.98061180114746","21.98061180114746","21.98061180114746"
"1331200","23.55251693725586","23.55251693725586","23.55251693725586","22.30052947998047","22.30052947998047","22.30052947998047","21.31667709350586","21.31667709350586","21.31667709350586"
"1382400","22.329301834106445","22.329301834106445","22.329301834106445","22.90798568725586","22.90798568725586","22.90798568725586","21.097867965698242","21.097867965698242","21.097867965698242"
"1433600","22.500301361083984","22.500301361083984","22.500301361083984","21.88582420349121","21.88582420349121","21.88582420349121","22.880868911743164","22.880868911743164","22.880868911743164"
"1484800","21.753292083740234","21.753292083740234","21.753292083740234","22.944677352905273","22.944677352905273","22.944677352905273","22.185665130615234","22.185665130615234","22.185665130615234"
"1536000","21.573415756225586","21.573415756225586","21.573415756225586","21.467618942260742","21.467618942260742","21.467618942260742","23.799646377563477","23.799646377563477","23.799646377563477"
"1587200","25.533056259155273","25.533056259155273","25.533056259155273","23.74637222290039","23.74637222290039","23.74637222290039","20.960002899169922","20.960002899169922","20.960002899169922"
"1638400","25.177473068237305","25.177473068237305","25.177473068237305","20.985530853271484","20.985530853271484","20.985530853271484","21.043975830078125","21.043975830078125","21.043975830078125"
"1689600","25.323802947998047","25.323802947998047","25.323802947998047","21.764944076538086","21.764944076538086","21.764944076538086","22.81043243408203","22.81043243408203","22.81043243408203"
"1740800","27.96401023864746","27.96401023864746","27.96401023864746","21.765443801879883","21.765443801879883","21.765443801879883","21.417490005493164","21.417490005493164","21.417490005493164"
"1792000","24.10359001159668","24.10359001159668","24.10359001159668","21.03554916381836","21.03554916381836","21.03554916381836","21.04021453857422","21.04021453857422","21.04021453857422"
"1843200","22.606674194335938","22.606674194335938","22.606674194335938","21.819589614868164","21.819589614868164","21.819589614868164","20.71204376220703","20.71204376220703","20.71204376220703"
"1894400","21.366910934448242","21.366910934448242","21.366910934448242","25.77054786682129","25.77054786682129","25.77054786682129","26.319469451904297","26.319469451904297","26.319469451904297"
"1945600","23.01531982421875","23.01531982421875","23.01531982421875","22.803659439086914","22.803659439086914","22.803659439086914","24.92081069946289","24.92081069946289","24.92081069946289"
"1996800","24.770421981811523","24.770421981811523","24.770421981811523","23.47921371459961","23.47921371459961","23.47921371459961","24.368236541748047","24.368236541748047","24.368236541748047"
"2048000","27.23222541809082","27.23222541809082","27.23222541809082","23.119165420532227","23.119165420532227","23.119165420532227","22.748233795166016","22.748233795166016","22.748233795166016"
"2099200","23.935848236083984","23.935848236083984","23.935848236083984","23.62786865234375","23.62786865234375","23.62786865234375","22.692916870117188","22.692916870117188","22.692916870117188"
"2150400","24.16910171508789","24.16910171508789","24.16910171508789","28.331676483154297","28.331676483154297","28.331676483154297","25.627321243286133","25.627321243286133","25.627321243286133"
"2201600","23.40226936340332","23.40226936340332","23.40226936340332","27.18950080871582","27.18950080871582","27.18950080871582","24.22368812561035","24.22368812561035","24.22368812561035"
"2252800","23.590816497802734","23.590816497802734","23.590816497802734","21.919015884399414","21.919015884399414","21.919015884399414","24.715723037719727","24.715723037719727","24.715723037719727"
"2304000","22.95145606994629","22.95145606994629","22.95145606994629","25.30004119873047","25.30004119873047","25.30004119873047","24.41618537902832","24.41618537902832","24.41618537902832"
"2355200","24.290834426879883","24.290834426879883","24.290834426879883","28.759361267089844","28.759361267089844","28.759361267089844","25.234569549560547","25.234569549560547","25.234569549560547"
"2406400","24.311384201049805","24.311384201049805","24.311384201049805","24.259958267211914","24.259958267211914","24.259958267211914","22.82741928100586","22.82741928100586","22.82741928100586"
"2457600","22.93407440185547","22.93407440185547","22.93407440185547","26.679344177246094","26.679344177246094","26.679344177246094","25.443960189819336","25.443960189819336","25.443960189819336"
"2508800","23.69924545288086","23.69924545288086","23.69924545288086","21.65767478942871","21.65767478942871","21.65767478942871","23.693981170654297","23.693981170654297","23.693981170654297"
"2560000","22.16401481628418","22.16401481628418","22.16401481628418","23.825037002563477","23.825037002563477","23.825037002563477","22.495101928710938","22.495101928710938","22.495101928710938"
"2611200","24.25111961364746","24.25111961364746","24.25111961364746","23.1002140045166","23.1002140045166","23.1002140045166","23.46269416809082","23.46269416809082","23.46269416809082"
"2662400","23.512723922729492","23.512723922729492","23.512723922729492","25.04892349243164","25.04892349243164","25.04892349243164","23.345426559448242","23.345426559448242","23.345426559448242"
"2713600","28.953649520874023","28.953649520874023","28.953649520874023","24.55419158935547","24.55419158935547","24.55419158935547","23.690885543823242","23.690885543823242","23.690885543823242"
"2764800","24.31438636779785","24.31438636779785","24.31438636779785","28.357606887817383","28.357606887817383","28.357606887817383","21.602136611938477","21.602136611938477","21.602136611938477"
"2816000","24.48552131652832","24.48552131652832","24.48552131652832","28.679542541503906","28.679542541503906","28.679542541503906","21.80949592590332","21.80949592590332","21.80949592590332"
"2867200","24.06674575805664","24.06674575805664","24.06674575805664","27.52412223815918","27.52412223815918","27.52412223815918","23.025827407836914","23.025827407836914","23.025827407836914"
"2918400","25.45536994934082","25.45536994934082","25.45536994934082","25.767656326293945","25.767656326293945","25.767656326293945","23.908647537231445","23.908647537231445","23.908647537231445"
"2969600","25.567068099975586","25.567068099975586","25.567068099975586","27.012889862060547","27.012889862060547","27.012889862060547","25.95531463623047","25.95531463623047","25.95531463623047"
"3020800","27.326894760131836","27.326894760131836","27.326894760131836","30.776744842529297","30.776744842529297","30.776744842529297","28.83380126953125","28.83380126953125","28.83380126953125"
"3072000","28.13070297241211","28.13070297241211","28.13070297241211","30.58791732788086","30.58791732788086","30.58791732788086","27.547094345092773","27.547094345092773","27.547094345092773"
"3123200","25.32581329345703","25.32581329345703","25.32581329345703","26.606231689453125","26.606231689453125","26.606231689453125","28.261232376098633","28.261232376098633","28.261232376098633"
"3174400","28.496870040893555","28.496870040893555","28.496870040893555","31.744291305541992","31.744291305541992","31.744291305541992","29.12691879272461","29.12691879272461","29.12691879272461"
"3225600","28.359106063842773","28.359106063842773","28.359106063842773","28.78127098083496","28.78127098083496","28.78127098083496","28.813888549804688","28.813888549804688","28.813888549804688"
"3276800","27.90729522705078","27.90729522705078","27.90729522705078","29.968751907348633","29.968751907348633","29.968751907348633","27.869230270385742","27.869230270385742","27.869230270385742"
"3328000","26.264076232910156","26.264076232910156","26.264076232910156","31.014450073242188","31.014450073242188","31.014450073242188","30.227270126342773","30.227270126342773","30.227270126342773"
"3379200","24.817636489868164","24.817636489868164","24.817636489868164","31.285682678222656","31.285682678222656","31.285682678222656","30.69502067565918","30.69502067565918","30.69502067565918"
"3430400","22.538105010986328","22.538105010986328","22.538105010986328","31.392080307006836","31.392080307006836","31.392080307006836","29.58504867553711","29.58504867553711","29.58504867553711"
"3481600","25.80632781982422","25.80632781982422","25.80632781982422","31.691808700561523","31.691808700561523","31.691808700561523","31.225759506225586","31.225759506225586","31.225759506225586"
"3532800","24.876544952392578","24.876544952392578","24.876544952392578","31.545915603637695","31.545915603637695","31.545915603637695","31.692073822021484","31.692073822021484","31.692073822021484"
"3584000","27.498363494873047","27.498363494873047","27.498363494873047","39.55970001220703","39.55970001220703","39.55970001220703","33.69032287597656","33.69032287597656","33.69032287597656"
"3635200","25.715850830078125","25.715850830078125","25.715850830078125","42.57895278930664","42.57895278930664","42.57895278930664","32.62972640991211","32.62972640991211","32.62972640991211"
"3686400","23.453229904174805","23.453229904174805","23.453229904174805","64.85437774658203","64.85437774658203","64.85437774658203","29.918380737304688","29.918380737304688","29.918380737304688"
"3737600","26.20608901977539","26.20608901977539","26.20608901977539","96.41993713378906","96.41993713378906","96.41993713378906","34.368927001953125","34.368927001953125","34.368927001953125"
"3788800","28.312150955200195","28.312150955200195","28.312150955200195","83.53947448730469","83.53947448730469","83.53947448730469","30.578651428222656","30.578651428222656","30.578651428222656"
"3840000","27.069974899291992","27.069974899291992","27.069974899291992","92.21416473388672","92.21416473388672","92.21416473388672","31.678329467773438","31.678329467773438","31.678329467773438"
"3891200","27.925338745117188","27.925338745117188","27.925338745117188","98.43569946289062","98.43569946289062","98.43569946289062","41.64265060424805","41.64265060424805","41.64265060424805"
"3942400","25.19844627380371","25.19844627380371","25.19844627380371","104.60160064697266","104.60160064697266","104.60160064697266","46.7296028137207","46.7296028137207","46.7296028137207"
"3993600","30.866838455200195","30.866838455200195","30.866838455200195","98.64908599853516","98.64908599853516","98.64908599853516","61.71318054199219","61.71318054199219","61.71318054199219"
"4044800","29.622697830200195","29.622697830200195","29.622697830200195","98.51356506347656","98.51356506347656","98.51356506347656","89.64278411865234","89.64278411865234","89.64278411865234"
"4096000","31.31361198425293","31.31361198425293","31.31361198425293","108.04171752929688","108.04171752929688","108.04171752929688","95.35041809082031","95.35041809082031","95.35041809082031"
"4147200","29.94643783569336","29.94643783569336","29.94643783569336","109.78024291992188","109.78024291992188","109.78024291992188","96.97721099853516","96.97721099853516","96.97721099853516"
"4198400","31.898900985717773","31.898900985717773","31.898900985717773","106.99407958984375","106.99407958984375","106.99407958984375","110.81665802001953","110.81665802001953","110.81665802001953"
"4249600","28.426876068115234","28.426876068115234","28.426876068115234","102.48828125","102.48828125","102.48828125","119.2750473022461","119.2750473022461","119.2750473022461"
"4300800","29.02445411682129","29.02445411682129","29.02445411682129","129.02734375","129.02734375","129.02734375","117.50687408447266","117.50687408447266","117.50687408447266"
"4352000","30.112754821777344","30.112754821777344","30.112754821777344","126.68670654296875","126.68670654296875","126.68670654296875","102.58942413330078","102.58942413330078","102.58942413330078"
"4403200","29.335573196411133","29.335573196411133","29.335573196411133","121.43904113769531","121.43904113769531","121.43904113769531","108.6514892578125","108.6514892578125","108.6514892578125"
"4454400","30.4102725982666","30.4102725982666","30.4102725982666","131.81527709960938","131.81527709960938","131.81527709960938","117.13356018066406","117.13356018066406","117.13356018066406"
"4505600","27.15676498413086","27.15676498413086","27.15676498413086","128.11642456054688","128.11642456054688","128.11642456054688","130.85018920898438","130.85018920898438","130.85018920898438"
"4556800","31.62539291381836","31.62539291381836","31.62539291381836","130.03358459472656","130.03358459472656","130.03358459472656","112.53787994384766","112.53787994384766","112.53787994384766"
"4608000","42.48632049560547","42.48632049560547","42.48632049560547","125.76934051513672","125.76934051513672","125.76934051513672","128.59747314453125","128.59747314453125","128.59747314453125"
"4659200","38.7522087097168","38.7522087097168","38.7522087097168","126.91560363769531","126.91560363769531","126.91560363769531","126.7005844116211","126.7005844116211","126.7005844116211"
"4710400","43.31482696533203","43.31482696533203","43.31482696533203","129.6136474609375","129.6136474609375","129.6136474609375","134.04115295410156","134.04115295410156","134.04115295410156"
"4761600","43.827449798583984","43.827449798583984","43.827449798583984","123.95795440673828","123.95795440673828","123.95795440673828","130.54490661621094","130.54490661621094","130.54490661621094"
"4812800","46.22220230102539","46.22220230102539","46.22220230102539","136.79747009277344","136.79747009277344","136.79747009277344","150.10800170898438","150.10800170898438","150.10800170898438"
"4864000","74.68775177001953","74.68775177001953","74.68775177001953","137.21954345703125","137.21954345703125","137.21954345703125","194.80902099609375","194.80902099609375","194.80902099609375"
"4915200","97.63079833984375","97.63079833984375","97.63079833984375","130.6666717529297","130.6666717529297","130.6666717529297","258.2901611328125","258.2901611328125","258.2901611328125"
"4966400","107.39429473876953","107.39429473876953","107.39429473876953","126.12627410888672","126.12627410888672","126.12627410888672","396.68084716796875","396.68084716796875","396.68084716796875"
"5017600","95.3783950805664","95.3783950805664","95.3783950805664","135.44288635253906","135.44288635253906","135.44288635253906","261.7923583984375","261.7923583984375","261.7923583984375"
"5068800","103.40821075439453","103.40821075439453","103.40821075439453","136.50050354003906","136.50050354003906","136.50050354003906","420.17333984375","420.17333984375","420.17333984375"
"5120000","114.76424407958984","114.76424407958984","114.76424407958984","140.64572143554688","140.64572143554688","140.64572143554688","447.08123779296875","447.08123779296875","447.08123779296875"
"5171200","112.32746887207031","112.32746887207031","112.32746887207031","134.52850341796875","134.52850341796875","134.52850341796875","526.5442504882812","526.5442504882812","526.5442504882812"
"5222400","127.46866607666016","127.46866607666016","127.46866607666016","132.44866943359375","132.44866943359375","132.44866943359375","510.7769775390625","510.7769775390625","510.7769775390625"
"5273600","214.05335998535156","214.05335998535156","214.05335998535156","143.74851989746094","143.74851989746094","143.74851989746094","427.1194763183594","427.1194763183594","427.1194763183594"
"5324800","211.99644470214844","211.99644470214844","211.99644470214844","135.52366638183594","135.52366638183594","135.52366638183594","497.7747802734375","497.7747802734375","497.7747802734375"
"5376000","268.3167724609375","268.3167724609375","268.3167724609375","139.85484313964844","139.85484313964844","139.85484313964844","361.3340148925781","361.3340148925781","361.3340148925781"
"5427200","298.9143371582031","298.9143371582031","298.9143371582031","145.18438720703125","145.18438720703125","145.18438720703125","402.75927734375","402.75927734375","402.75927734375"
"5478400","317.92401123046875","317.92401123046875","317.92401123046875","161.0098876953125","161.0098876953125","161.0098876953125","331.7013854980469","331.7013854980469","331.7013854980469"
"5529600","521.3480834960938","521.3480834960938","521.3480834960938","168.6767578125","168.6767578125","168.6767578125","355.0220642089844","355.0220642089844","355.0220642089844"
"5580800","387.42291259765625","387.42291259765625","387.42291259765625","273.44781494140625","273.44781494140625","273.44781494140625","326.5977478027344","326.5977478027344","326.5977478027344"
"5632000","368.11187744140625","368.11187744140625","368.11187744140625","246.07974243164062","246.07974243164062","246.07974243164062","376.4908752441406","376.4908752441406","376.4908752441406"
"5683200","360.2418212890625","360.2418212890625","360.2418212890625","322.9804382324219","322.9804382324219","322.9804382324219","294.7445373535156","294.7445373535156","294.7445373535156"
"5734400","571.1954345703125","571.1954345703125","571.1954345703125","449.85107421875","449.85107421875","449.85107421875","684.5667114257812","684.5667114257812","684.5667114257812"
"5785600","791.26708984375","791.26708984375","791.26708984375","553.4656982421875","553.4656982421875","553.4656982421875","1037.4908447265625","1037.4908447265625","1037.4908447265625"
"5836800","692.8372802734375","692.8372802734375","692.8372802734375","709.8471069335938","709.8471069335938","709.8471069335938","793.8089599609375","793.8089599609375","793.8089599609375"
"5888000","646.1498413085938","646.1498413085938","646.1498413085938","1006.9652099609375","1006.9652099609375","1006.9652099609375","808.4188232421875","808.4188232421875","808.4188232421875"
"5939200","890.1635131835938","890.1635131835938","890.1635131835938","1072.8114013671875","1072.8114013671875","1072.8114013671875","1078.88720703125","1078.88720703125","1078.88720703125"
"5990400","1836.58056640625","1836.58056640625","1836.58056640625","634.815673828125","634.815673828125","634.815673828125","2026.696533203125","2026.696533203125","2026.696533203125"
"6041600","2067.52197265625","2067.52197265625","2067.52197265625","797.1763916015625","797.1763916015625","797.1763916015625","2531.117431640625","2531.117431640625","2531.117431640625"
"6092800","2669.434326171875","2669.434326171875","2669.434326171875","1514.3377685546875","1514.3377685546875","1514.3377685546875","2234.70068359375","2234.70068359375","2234.70068359375"
"6144000","3308.686279296875","3308.686279296875","3308.686279296875","1936.813232421875","1936.813232421875","1936.813232421875","1382.651123046875","1382.651123046875","1382.651123046875"
"6195200","3560.5205078125","3560.5205078125","3560.5205078125","3040.277099609375","3040.277099609375","3040.277099609375","1244.8330078125","1244.8330078125","1244.8330078125"
"6246400","2994.6396484375","2994.6396484375","2994.6396484375","3446.9033203125","3446.9033203125","3446.9033203125","1630.277587890625","1630.277587890625","1630.277587890625"
"6297600","1380.1102294921875","1380.1102294921875","1380.1102294921875","3391.509033203125","3391.509033203125","3391.509033203125","2517.812255859375","2517.812255859375","2517.812255859375"
"6348800","1491.5711669921875","1491.5711669921875","1491.5711669921875","1983.1060791015625","1983.1060791015625","1983.1060791015625","2523.526611328125","2523.526611328125","2523.526611328125"
"6400000","1311.6201171875","1311.6201171875","1311.6201171875","2939.564208984375","2939.564208984375","2939.564208984375","3160.993896484375","3160.993896484375","3160.993896484375"
"6451200","1977.6956787109375","1977.6956787109375","1977.6956787109375","1867.2969970703125","1867.2969970703125","1867.2969970703125","3527.4833984375","3527.4833984375","3527.4833984375"
"6502400","2491.58544921875","2491.58544921875","2491.58544921875","1774.0074462890625","1774.0074462890625","1774.0074462890625","3760.6982421875","3760.6982421875","3760.6982421875"
"6553600","3303.033447265625","3303.033447265625","3303.033447265625","2666.173095703125","2666.173095703125","2666.173095703125","4652.6875","4652.6875","4652.6875"
"6604800","3836.075439453125","3836.075439453125","3836.075439453125","3216.26611328125","3216.26611328125","3216.26611328125","5225.7373046875","5225.7373046875","5225.7373046875"
"6656000","4341.12060546875","4341.12060546875","4341.12060546875","4512.7626953125","4512.7626953125","4512.7626953125","5290.8896484375","5290.8896484375","5290.8896484375"
"6707200","4188.48779296875","4188.48779296875","4188.48779296875","4686.7373046875","4686.7373046875","4686.7373046875","6117.12939453125","6117.12939453125","6117.12939453125"
"6758400","4461.0517578125","4461.0517578125","4461.0517578125","4281.19091796875","4281.19091796875","4281.19091796875","6100.35107421875","6100.35107421875","6100.35107421875"
"6809600","4064.0908203125","4064.0908203125","4064.0908203125","5158.19970703125","5158.19970703125","5158.19970703125","6667.20654296875","6667.20654296875","6667.20654296875"
"6860800","2758.257080078125","2758.257080078125","2758.257080078125","2449.112548828125","2449.112548828125","2449.112548828125","6325.84228515625","6325.84228515625","6325.84228515625"
"6912000","3193.97265625","3193.97265625","3193.97265625","1770.551025390625","1770.551025390625","1770.551025390625","6556.74169921875","6556.74169921875","6556.74169921875"
"6963200","3940.647705078125","3940.647705078125","3940.647705078125","1981.8714599609375","1981.8714599609375","1981.8714599609375","6611.19921875","6611.19921875","6611.19921875"
"7014400","3996.621826171875","3996.621826171875","3996.621826171875","4735.208984375","4735.208984375","4735.208984375","5805.1884765625","5805.1884765625","5805.1884765625"
"7065600","3752.85400390625","3752.85400390625","3752.85400390625","5052.38134765625","5052.38134765625","5052.38134765625","6399.24658203125","6399.24658203125","6399.24658203125"
"7116800","3886.48779296875","3886.48779296875","3886.48779296875","4742.45751953125","4742.45751953125","4742.45751953125","6727.56787109375","6727.56787109375","6727.56787109375"
"7168000","4428.3603515625","4428.3603515625","4428.3603515625","5605.86181640625","5605.86181640625","5605.86181640625","6984.10546875","6984.10546875","6984.10546875"
"7219200","4924.7158203125","4924.7158203125","4924.7158203125","5680.38671875","5680.38671875","5680.38671875","7587.48291015625","7587.48291015625","7587.48291015625"
"7270400","5097.52099609375","5097.52099609375","5097.52099609375","6535.47216796875","6535.47216796875","6535.47216796875","7975.87158203125","7975.87158203125","7975.87158203125"
"7321600","5745.00537109375","5745.00537109375","5745.00537109375","6624.37548828125","6624.37548828125","6624.37548828125","8143.16064453125","8143.16064453125","8143.16064453125"
"7372800","6121.640625","6121.640625","6121.640625","7228.0029296875","7228.0029296875","7228.0029296875","7476.509765625","7476.509765625","7476.509765625"
"7424000","6516.22314453125","6516.22314453125","6516.22314453125","7973.3466796875","7973.3466796875","7973.3466796875","7734.6259765625","7734.6259765625","7734.6259765625"
"7475200","6378.6904296875","6378.6904296875","6378.6904296875","7635.03125","7635.03125","7635.03125","7508.55859375","7508.55859375","7508.55859375"
"7526400","6540.11865234375","6540.11865234375","6540.11865234375","8708.4814453125","8708.4814453125","8708.4814453125","7872.70166015625","7872.70166015625","7872.70166015625"
"7577600","7241.31591796875","7241.31591796875","7241.31591796875","9336.302734375","9336.302734375","9336.302734375","6245.4892578125","6245.4892578125","6245.4892578125"
"7628800","7414.0771484375","7414.0771484375","7414.0771484375","9455.6728515625","9455.6728515625","9455.6728515625","5986.87744140625","5986.87744140625","5986.87744140625"
"7680000","7264.54736328125","7264.54736328125","7264.54736328125","9264.9990234375","9264.9990234375","9264.9990234375","6874.806640625","6874.806640625","6874.806640625"
"7731200","7116.93603515625","7116.93603515625","7116.93603515625","9276.09375","9276.09375","9276.09375","7723.68603515625","7723.68603515625","7723.68603515625"
"7782400","7391.71923828125","7391.71923828125","7391.71923828125","7736.93408203125","7736.93408203125","7736.93408203125","8540.564453125","8540.564453125","8540.564453125"
"7833600","7164.13525390625","7164.13525390625","7164.13525390625","7730.31005859375","7730.31005859375","7730.31005859375","9144.5576171875","9144.5576171875","9144.5576171875"
"7884800","7467.875","7467.875","7467.875","7774.26318359375","7774.26318359375","7774.26318359375","6782.05810546875","6782.05810546875","6782.05810546875"
"7936000","7490.919921875","7490.919921875","7490.919921875","8090.77490234375","8090.77490234375","8090.77490234375","6958.97314453125","6958.97314453125","6958.97314453125"
"7987200","6323.8291015625","6323.8291015625","6323.8291015625","8416.337890625","8416.337890625","8416.337890625","7266.208984375","7266.208984375","7266.208984375"
"8038400","5445.29736328125","5445.29736328125","5445.29736328125","9034.955078125","9034.955078125","9034.955078125","8225.533203125","8225.533203125","8225.533203125"
"8089600","5700.080078125","5700.080078125","5700.080078125","8952.28125","8952.28125","8952.28125","9230.25390625","9230.25390625","9230.25390625"
"8140800","6855.53125","6855.53125","6855.53125","8560.3876953125","8560.3876953125","8560.3876953125","9453.1083984375","9453.1083984375","9453.1083984375"
"8192000","6401.58154296875","6401.58154296875","6401.58154296875","8953.013671875","8953.013671875","8953.013671875","9603.83984375","9603.83984375","9603.83984375"
"8243200","6520.5029296875","6520.5029296875","6520.5029296875","8591.4384765625","8591.4384765625","8591.4384765625","9699.865234375","9699.865234375","9699.865234375"
"8294400","6866.083984375","6866.083984375","6866.083984375","9543.1826171875","9543.1826171875","9543.1826171875","9779.048828125","9779.048828125","9779.048828125"
"8345600","7421.20849609375","7421.20849609375","7421.20849609375","10085.736328125","10085.736328125","10085.736328125","9891.8623046875","9891.8623046875","9891.8623046875"
"8396800","7989.35107421875","7989.35107421875","7989.35107421875","9122.8916015625","9122.8916015625","9122.8916015625","9355.14453125","9355.14453125","9355.14453125"
"8448000","8106.994140625","8106.994140625","8106.994140625","6915.9833984375","6915.9833984375","6915.9833984375","9106.6669921875","9106.6669921875","9106.6669921875"
"8499200","7870.8583984375","7870.8583984375","7870.8583984375","8723.021484375","8723.021484375","8723.021484375","9575.400390625","9575.400390625","9575.400390625"
"8550400","7643.3369140625","7643.3369140625","7643.3369140625","8910.5439453125","8910.5439453125","8910.5439453125","10219.3056640625","10219.3056640625","10219.3056640625"
"8601600","6701.919921875","6701.919921875","6701.919921875","8855.5625","8855.5625","8855.5625","10581.0986328125","10581.0986328125","10581.0986328125"
"8652800","6821.056640625","6821.056640625","6821.056640625","7880.48193359375","7880.48193359375","7880.48193359375","10534.8486328125","10534.8486328125","10534.8486328125"
"8704000","7627.97021484375","7627.97021484375","7627.97021484375","9068.0712890625","9068.0712890625","9068.0712890625","9940.7099609375","9940.7099609375","9940.7099609375"
"8755200","8597.4404296875","8597.4404296875","8597.4404296875","10010.8525390625","10010.8525390625","10010.8525390625","9493.9228515625","9493.9228515625","9493.9228515625"
"8806400","8883.4169921875","8883.4169921875","8883.4169921875","10395.4375","10395.4375","10395.4375","10480.9501953125","10480.9501953125","10480.9501953125"
"8857600","9433.0009765625","9433.0009765625","9433.0009765625","10477.1201171875","10477.1201171875","10477.1201171875","10521.7568359375","10521.7568359375","10521.7568359375"
"8908800","9972.890625","9972.890625","9972.890625","10678.162109375","10678.162109375","10678.162109375","9557.2802734375","9557.2802734375","9557.2802734375"
"8960000","10104.4638671875","10104.4638671875","10104.4638671875","9714.677734375","9714.677734375","9714.677734375","10249.703125","10249.703125","10249.703125"
"9011200","9817.3271484375","9817.3271484375","9817.3271484375","8144.162109375","8144.162109375","8144.162109375","10424.30078125","10424.30078125","10424.30078125"
"9062400","8983.6630859375","8983.6630859375","8983.6630859375","8329.62890625","8329.62890625","8329.62890625","8462.7197265625","8462.7197265625","8462.7197265625"
"9113600","8886.859375","8886.859375","8886.859375","8842.671875","8842.671875","8842.671875","9498.6728515625","9498.6728515625","9498.6728515625"
"9164800","9574.9345703125","9574.9345703125","9574.9345703125","9626.08984375","9626.08984375","9626.08984375","8884.5126953125","8884.5126953125","8884.5126953125"
"9216000","9755.55859375","9755.55859375","9755.55859375","10059.8017578125","10059.8017578125","10059.8017578125","8812.1669921875","8812.1669921875","8812.1669921875"
"9267200","9520.248046875","9520.248046875","9520.248046875","10570.3037109375","10570.3037109375","10570.3037109375","8899.3349609375","8899.3349609375","8899.3349609375"
"9318400","9072.4697265625","9072.4697265625","9072.4697265625","9134.087890625","9134.087890625","9134.087890625","9737.029296875","9737.029296875","9737.029296875"
"9369600","9885.0732421875","9885.0732421875","9885.0732421875","9016.41015625","9016.41015625","9016.41015625","10459.546875","10459.546875","10459.546875"
"9420800","9973.685546875","9973.685546875","9973.685546875","8081.01123046875","8081.01123046875","8081.01123046875","10615.7939453125","10615.7939453125","10615.7939453125"
"9472000","10426.7158203125","10426.7158203125","10426.7158203125","6525.09716796875","6525.09716796875","6525.09716796875","10013.8408203125","10013.8408203125","10013.8408203125"
"9523200","10567.572265625","10567.572265625","10567.572265625","7763.03662109375","7763.03662109375","7763.03662109375","9650.84765625","9650.84765625","9650.84765625"
"9574400","10553.287109375","10553.287109375","10553.287109375","8729.193359375","8729.193359375","8729.193359375","10438.2666015625","10438.2666015625","10438.2666015625"
"9625600","10791.9296875","10791.9296875","10791.9296875","8995.1435546875","8995.1435546875","8995.1435546875","10447.4833984375","10447.4833984375","10447.4833984375"
"9676800","11162.513671875","11162.513671875","11162.513671875","8900.056640625","8900.056640625","8900.056640625","10534.2880859375","10534.2880859375","10534.2880859375"
"9728000","10942.841796875","10942.841796875","10942.841796875","8431.3974609375","8431.3974609375","8431.3974609375","11158.126953125","11158.126953125","11158.126953125"
"9779200","11006.6259765625","11006.6259765625","11006.6259765625","7395.10302734375","7395.10302734375","7395.10302734375","11659.078125","11659.078125","11659.078125"
"9830400","10653.64453125","10653.64453125","10653.64453125","8382.255859375","8382.255859375","8382.255859375","11732.005859375","11732.005859375","11732.005859375"
"9881600","10492.779296875","10492.779296875","10492.779296875","9209.5458984375","9209.5458984375","9209.5458984375","11932.0419921875","11932.0419921875","11932.0419921875"
"9932800","10520.0224609375","10520.0224609375","10520.0224609375","9611.041015625","9611.041015625","9611.041015625","12086.767578125","12086.767578125","12086.767578125"
"9984000","10904.537109375","10904.537109375","10904.537109375","9064.099609375","9064.099609375","9064.099609375","11897.390625","11897.390625","11897.390625"
"10035200","10963.81640625","10963.81640625","10963.81640625","8930.533203125","8930.533203125","8930.533203125","11881.939453125","11881.939453125","11881.939453125"
"10086400","11224.09765625","11224.09765625","11224.09765625","8546.1396484375","8546.1396484375","8546.1396484375","11982.353515625","11982.353515625","11982.353515625"
"10137600","10579.4482421875","10579.4482421875","10579.4482421875","9605.7177734375","9605.7177734375","9605.7177734375","11047.9482421875","11047.9482421875","11047.9482421875"
"10188800","10565.9736328125","10565.9736328125","10565.9736328125","10359.3037109375","10359.3037109375","10359.3037109375","10834.033203125","10834.033203125","10834.033203125"
"10240000","10895.263671875","10895.263671875","10895.263671875","10521.3984375","10521.3984375","10521.3984375","11157.6689453125","11157.6689453125","11157.6689453125"
"10291200","11143.1318359375","11143.1318359375","11143.1318359375","10503.2900390625","10503.2900390625","10503.2900390625","10739.708984375","10739.708984375","10739.708984375"
"10342400","11317.2646484375","11317.2646484375","11317.2646484375","3476.8369140625","3476.8369140625","3476.8369140625","11277.517578125","11277.517578125","11277.517578125"
"10393600","10926.34375","10926.34375","10926.34375","5096.02880859375","5096.02880859375","5096.02880859375","11521.072265625","11521.072265625","11521.072265625"
"10444800","10880.115234375","10880.115234375","10880.115234375","7131.2998046875","7131.2998046875","7131.2998046875","11852.0673828125","11852.0673828125","11852.0673828125"
"10496000","10754.6943359375","10754.6943359375","10754.6943359375","8965.5908203125","8965.5908203125","8965.5908203125","11723.0224609375","11723.0224609375","11723.0224609375"
"10547200","10907.4775390625","10907.4775390625","10907.4775390625","9345.2099609375","9345.2099609375","9345.2099609375","11980.71484375","11980.71484375","11980.71484375"
"10598400","11221.4462890625","11221.4462890625","11221.4462890625","10127.630859375","10127.630859375","10127.630859375","12104.7626953125","12104.7626953125","12104.7626953125"
"10649600","11585.0517578125","11585.0517578125","11585.0517578125","10164.4423828125","10164.4423828125","10164.4423828125","12044.220703125","12044.220703125","12044.220703125"
"10700800","11696.4609375","11696.4609375","11696.4609375","9927.3232421875","9927.3232421875","9927.3232421875","11314.9130859375","11314.9130859375","11314.9130859375"
"10752000","11727.2744140625","11727.2744140625","11727.2744140625","10283.27734375","10283.27734375","10283.27734375","10363.365234375","10363.365234375","10363.365234375"
"10803200","11732.3310546875","11732.3310546875","11732.3310546875","10784.0546875","10784.0546875","10784.0546875","9222.3359375","9222.3359375","9222.3359375"
"10854400","11854.078125","11854.078125","11854.078125","10072.8994140625","10072.8994140625","10072.8994140625","9447.482421875","9447.482421875","9447.482421875"
"10905600","12003.353515625","12003.353515625","12003.353515625","10025.0537109375","10025.0537109375","10025.0537109375","9547.599609375","9547.599609375","9547.599609375"
"10956800","11846.8896484375","11846.8896484375","11846.8896484375","9959.0380859375","9959.0380859375","9959.0380859375","8895.1318359375","8895.1318359375","8895.1318359375"
"11008000","11728.3876953125","11728.3876953125","11728.3876953125","10191.916015625","10191.916015625","10191.916015625","8987.8115234375","8987.8115234375","8987.8115234375"
"11059200","11631.0361328125","11631.0361328125","11631.0361328125","9563.2587890625","9563.2587890625","9563.2587890625","8777.326171875","8777.326171875","8777.326171875"
"11110400","11680.517578125","11680.517578125","11680.517578125","9963.5595703125","9963.5595703125","9963.5595703125","9586.26953125","9586.26953125","9586.26953125"
"11161600","11882.509765625","11882.509765625","11882.509765625","10063.9912109375","10063.9912109375","10063.9912109375","9661.923828125","9661.923828125","9661.923828125"
"11212800","11885.2333984375","11885.2333984375","11885.2333984375","9950.7294921875","9950.7294921875","9950.7294921875","9417.78515625","9417.78515625","9417.78515625"
"11264000","12054.228515625","12054.228515625","12054.228515625","10375.3203125","10375.3203125","10375.3203125","9345.224609375","9345.224609375","9345.224609375"
"11315200","12198.11328125","12198.11328125","12198.11328125","10727.076171875","10727.076171875","10727.076171875","10107.259765625","10107.259765625","10107.259765625"
"11366400","12258.06640625","12258.06640625","12258.06640625","11176.3720703125","11176.3720703125","11176.3720703125","9705.90625","9705.90625","9705.90625"
"11417600","11978.1611328125","11978.1611328125","11978.1611328125","11249.8359375","11249.8359375","11249.8359375","8813.0126953125","8813.0126953125","8813.0126953125"
"11468800","12050.2421875","12050.2421875","12050.2421875","11469.8447265625","11469.8447265625","11469.8447265625","8231.6982421875","8231.6982421875","8231.6982421875"
"11520000","11092.9345703125","11092.9345703125","11092.9345703125","11452.7734375","11452.7734375","11452.7734375","7647.85546875","7647.85546875","7647.85546875"
"11571200","11497.0849609375","11497.0849609375","11497.0849609375","11729.9208984375","11729.9208984375","11729.9208984375","7557.5048828125","7557.5048828125","7557.5048828125"
"11622400","11576.40234375","11576.40234375","11576.40234375","11362.630859375","11362.630859375","11362.630859375","7805.95751953125","7805.95751953125","7805.95751953125"
"11673600","11766.0849609375","11766.0849609375","11766.0849609375","11382.4248046875","11382.4248046875","11382.4248046875","8112.1875","8112.1875","8112.1875"
"11724800","12052.2197265625","12052.2197265625","12052.2197265625","10607.2275390625","10607.2275390625","10607.2275390625","8947.0380859375","8947.0380859375","8947.0380859375"
"11776000","12248.166015625","12248.166015625","12248.166015625","10208.775390625","10208.775390625","10208.775390625","9803.5390625","9803.5390625","9803.5390625"
"11827200","12362.7734375","12362.7734375","12362.7734375","10561.00390625","10561.00390625","10561.00390625","10565.65625","10565.65625","10565.65625"
"11878400","12378.3076171875","12378.3076171875","12378.3076171875","10970.51953125","10970.51953125","10970.51953125","11102.6982421875","11102.6982421875","11102.6982421875"
"11929600","12264.5322265625","12264.5322265625","12264.5322265625","11254.5869140625","11254.5869140625","11254.5869140625","11421.3984375","11421.3984375","11421.3984375"
"11980800","11674.2939453125","11674.2939453125","11674.2939453125","11155.7431640625","11155.7431640625","11155.7431640625","11434.3798828125","11434.3798828125","11434.3798828125"
"12032000","11882.515625","11882.515625","11882.515625","11439.7373046875","11439.7373046875","11439.7373046875","11345.4033203125","11345.4033203125","11345.4033203125"
"12083200","12034.572265625","12034.572265625","12034.572265625","11813.5185546875","11813.5185546875","11813.5185546875","11056.3037109375","11056.3037109375","11056.3037109375"
"12134400","11943.3017578125","11943.3017578125","11943.3017578125","11787.18359375","11787.18359375","11787.18359375","11337.72265625","11337.72265625","11337.72265625"
"12185600","12283.4775390625","12283.4775390625","12283.4775390625","11703.4013671875","11703.4013671875","11703.4013671875","11590.7392578125","11590.7392578125","11590.7392578125"
"12236800","12367.83984375","12367.83984375","12367.83984375","11631.2001953125","11631.2001953125","11631.2001953125","11607.513671875","11607.513671875","11607.513671875"
"12288000","11901.8974609375","11901.8974609375","11901.8974609375","11729.392578125","11729.392578125","11729.392578125","11847.62109375","11847.62109375","11847.62109375"
"12339200","11815.0517578125","11815.0517578125","11815.0517578125","11729.5068359375","11729.5068359375","11729.5068359375","11827.4775390625","11827.4775390625","11827.4775390625"
"12390400","12018.1201171875","12018.1201171875","12018.1201171875","11777.0546875","11777.0546875","11777.0546875","12251.453125","12251.453125","12251.453125"
"12441600","12305.05859375","12305.05859375","12305.05859375","11849.6845703125","11849.6845703125","11849.6845703125","11757.5634765625","11757.5634765625","11757.5634765625"
"12492800","12409.1708984375","12409.1708984375","12409.1708984375","11868.1689453125","11868.1689453125","11868.1689453125","12155.6123046875","12155.6123046875","12155.6123046875"
"12544000","12448.9169921875","12448.9169921875","12448.9169921875","11937.61328125","11937.61328125","11937.61328125","12554.9130859375","12554.9130859375","12554.9130859375"
"12595200","12568.130859375","12568.130859375","12568.130859375","11871.8837890625","11871.8837890625","11871.8837890625","12754.9775390625","12754.9775390625","12754.9775390625"
"12646400","12477.40234375","12477.40234375","12477.40234375","12160.3134765625","12160.3134765625","12160.3134765625","11965.7138671875","11965.7138671875","11965.7138671875"
"12697600","12483.578125","12483.578125","12483.578125","12292.8447265625","12292.8447265625","12292.8447265625","11908.466796875","11908.466796875","11908.466796875"
"12748800","11606.4599609375","11606.4599609375","11606.4599609375","12459.916015625","12459.916015625","12459.916015625","11969.6220703125","11969.6220703125","11969.6220703125"
"12800000","11718.9189453125","11718.9189453125","11718.9189453125","12502.2451171875","12502.2451171875","12502.2451171875","12125.322265625","12125.322265625","12125.322265625"
"12851200","11956.0205078125","11956.0205078125","11956.0205078125","12633.544921875","12633.544921875","12633.544921875","12383.7734375","12383.7734375","12383.7734375"
"12902400","11834.107421875","11834.107421875","11834.107421875","12623.599609375","12623.599609375","12623.599609375","12560.7373046875","12560.7373046875","12560.7373046875"
"12953600","12204.3837890625","12204.3837890625","12204.3837890625","12610.6396484375","12610.6396484375","12610.6396484375","12686.7255859375","12686.7255859375","12686.7255859375"
"13004800","12457.173828125","12457.173828125","12457.173828125","12596.134765625","12596.134765625","12596.134765625","12753.626953125","12753.626953125","12753.626953125"
"13056000","12381.623046875","12381.623046875","12381.623046875","12621.5576171875","12621.5576171875","12621.5576171875","12881.6494140625","12881.6494140625","12881.6494140625"
"13107200","12473.6025390625","12473.6025390625","12473.6025390625","12569.49609375","12569.49609375","12569.49609375","12989.8388671875","12989.8388671875","12989.8388671875"
"13158400","12677.15625","12677.15625","12677.15625","12518.4189453125","12518.4189453125","12518.4189453125","12808.529296875","12808.529296875","12808.529296875"
"13209600","12777.9189453125","12777.9189453125","12777.9189453125","12404.78125","12404.78125","12404.78125","13006.3994140625","13006.3994140625","13006.3994140625"
"13260800","12978.7734375","12978.7734375","12978.7734375","12440.08984375","12440.08984375","12440.08984375","13260.18359375","13260.18359375","13260.18359375"
"13312000","12859.107421875","12859.107421875","12859.107421875","12478.6123046875","12478.6123046875","12478.6123046875","13199.0546875","13199.0546875","13199.0546875"
"13363200","12896.279296875","12896.279296875","12896.279296875","12445.6689453125","12445.6689453125","12445.6689453125","13403.2998046875","13403.2998046875","13403.2998046875"
"13414400","12641.0068359375","12641.0068359375","12641.0068359375","12475.4169921875","12475.4169921875","12475.4169921875","13289.564453125","13289.564453125","13289.564453125"
"13465600","12356.4501953125","12356.4501953125","12356.4501953125","12560.548828125","12560.548828125","12560.548828125","13341.94921875","13341.94921875","13341.94921875"
"13516800","12485.5087890625","12485.5087890625","12485.5087890625","12624.6845703125","12624.6845703125","12624.6845703125","13069.2451171875","13069.2451171875","13069.2451171875"
"13568000","12768.87890625","12768.87890625","12768.87890625","12685.3642578125","12685.3642578125","12685.3642578125","12273.8388671875","12273.8388671875","12273.8388671875"
"13619200","12849.7763671875","12849.7763671875","12849.7763671875","12482.169921875","12482.169921875","12482.169921875","12715.046875","12715.046875","12715.046875"
"13670400","12956.845703125","12956.845703125","12956.845703125","12550.43359375","12550.43359375","12550.43359375","13123.580078125","13123.580078125","13123.580078125"
"13721600","13141.4267578125","13141.4267578125","13141.4267578125","12620.3046875","12620.3046875","12620.3046875","12924.4794921875","12924.4794921875","12924.4794921875"
"13772800","13250.6357421875","13250.6357421875","13250.6357421875","12575.951171875","12575.951171875","12575.951171875","12982.0693359375","12982.0693359375","12982.0693359375"
"13824000","13134.298828125","13134.298828125","13134.298828125","12678.7431640625","12678.7431640625","12678.7431640625","13058.72265625","13058.72265625","13058.72265625"
"13875200","13234.6298828125","13234.6298828125","13234.6298828125","12737.376953125","12737.376953125","12737.376953125","13036.189453125","13036.189453125","13036.189453125"
"13926400","13331.107421875","13331.107421875","13331.107421875","12768.7060546875","12768.7060546875","12768.7060546875","13181.89453125","13181.89453125","13181.89453125"
"13977600","13388.19140625","13388.19140625","13388.19140625","12784.361328125","12784.361328125","12784.361328125","13334.81640625","13334.81640625","13334.81640625"
"14028800","13320.185546875","13320.185546875","13320.185546875","12817.318359375","12817.318359375","12817.318359375","13437.09375","13437.09375","13437.09375"
"14080000","13382.7138671875","13382.7138671875","13382.7138671875","12727.859375","12727.859375","12727.859375","13419.5673828125","13419.5673828125","13419.5673828125"
"14131200","13413.3681640625","13413.3681640625","13413.3681640625","12801.75390625","12801.75390625","12801.75390625","13574.41015625","13574.41015625","13574.41015625"
"14182400","13432.787109375","13432.787109375","13432.787109375","12798.7138671875","12798.7138671875","12798.7138671875","13663.125","13663.125","13663.125"
"14233600","13423.1220703125","13423.1220703125","13423.1220703125","12859.943359375","12859.943359375","12859.943359375","13495.6298828125","13495.6298828125","13495.6298828125"
"14284800","13196.2119140625","13196.2119140625","13196.2119140625","12909.0048828125","12909.0048828125","12909.0048828125","13271.0908203125","13271.0908203125","13271.0908203125"
"14336000","13242.373046875","13242.373046875","13242.373046875","12963.1337890625","12963.1337890625","12963.1337890625","13521.8193359375","13521.8193359375","13521.8193359375"
"14387200","13299.9287109375","13299.9287109375","13299.9287109375","12900.62109375","12900.62109375","12900.62109375","13558.6845703125","13558.6845703125","13558.6845703125"
"14438400","13354.17578125","13354.17578125","13354.17578125","12981.3330078125","12981.3330078125","12981.3330078125","13611.70703125","13611.70703125","13611.70703125"
"14489600","13400.189453125","13400.189453125","13400.189453125","13036.5830078125","13036.5830078125","13036.5830078125","13674.6201171875","13674.6201171875","13674.6201171875"
"14540800","13428.87890625","13428.87890625","13428.87890625","12982.060546875","12982.060546875","12982.060546875","13606.1796875","13606.1796875","13606.1796875"
"14592000","13446.4755859375","13446.4755859375","13446.4755859375","13043.2783203125","13043.2783203125","13043.2783203125","13673.5634765625","13673.5634765625","13673.5634765625"
"14643200","13465.6396484375","13465.6396484375","13465.6396484375","12983.3017578125","12983.3017578125","12983.3017578125","13715.697265625","13715.697265625","13715.697265625"
"14694400","13473.662109375","13473.662109375","13473.662109375","13073.3037109375","13073.3037109375","13073.3037109375","13792.8955078125","13792.8955078125","13792.8955078125"
"14745600","13491.4150390625","13491.4150390625","13491.4150390625","12977.30078125","12977.30078125","12977.30078125","13879.8759765625","13879.8759765625","13879.8759765625"
"14796800","13506.4580078125","13506.4580078125","13506.4580078125","13038.5048828125","13038.5048828125","13038.5048828125","13888.478515625","13888.478515625","13888.478515625"
"14848000","13519.8408203125","13519.8408203125","13519.8408203125","12969.658203125","12969.658203125","12969.658203125","13637.9287109375","13637.9287109375","13637.9287109375"
"14899200","13533.095703125","13533.095703125","13533.095703125","13084.060546875","13084.060546875","13084.060546875","13563.18359375","13563.18359375","13563.18359375"
"14950400","13546.0205078125","13546.0205078125","13546.0205078125","13143.669921875","13143.669921875","13143.669921875","13304.505859375","13304.505859375","13304.505859375"
"15001600","13555.8388671875","13555.8388671875","13555.8388671875","13132.4775390625","13132.4775390625","13132.4775390625","13404.9560546875","13404.9560546875","13404.9560546875"
"15052800","13568.3525390625","13568.3525390625","13568.3525390625","13082.0537109375","13082.0537109375","13082.0537109375","13578.3837890625","13578.3837890625","13578.3837890625"
"15104000","13588.4443359375","13588.4443359375","13588.4443359375","12938.3095703125","12938.3095703125","12938.3095703125","13753.6875","13753.6875","13753.6875"
"15155200","13611.7685546875","13611.7685546875","13611.7685546875","12993.0986328125","12993.0986328125","12993.0986328125","13700.6826171875","13700.6826171875","13700.6826171875"
"15206400","13474.4658203125","13474.4658203125","13474.4658203125","13043.810546875","13043.810546875","13043.810546875","13820.7763671875","13820.7763671875","13820.7763671875"
"15257600","13387.4248046875","13387.4248046875","13387.4248046875","13076.8896484375","13076.8896484375","13076.8896484375","13763.7138671875","13763.7138671875","13763.7138671875"
"15308800","13438.298828125","13438.298828125","13438.298828125","13124.0732421875","13124.0732421875","13124.0732421875","13852.00390625","13852.00390625","13852.00390625"
"15360000","13438.15625","13438.15625","13438.15625","13185.7783203125","13185.7783203125","13185.7783203125","13931.3193359375","13931.3193359375","13931.3193359375"