"Step","PWM_HumanoidEnv_sweep_2 - rewards","PWM_HumanoidEnv_sweep_2 - rewards__MIN","PWM_HumanoidEnv_sweep_2 - rewards__MAX","PWM_HumanoidEnv_sweep_1 - rewards","PWM_HumanoidEnv_sweep_1 - rewards__MIN","PWM_HumanoidEnv_sweep_1 - rewards__MAX","PWM_HumanoidEnv_sweep_0 - rewards","PWM_HumanoidEnv_sweep_0 - rewards__MIN","PWM_HumanoidEnv_sweep_0 - rewards__MAX"
"204800","124.38760375976562","124.38760375976562","124.38760375976562","107.70155334472656","107.70155334472656","107.70155334472656","99.73921966552734","99.73921966552734","99.73921966552734"
"256000","83.96680450439453","83.96680450439453","83.96680450439453","111.73709869384766","111.73709869384766","111.73709869384766","100.88713836669922","100.88713836669922","100.88713836669922"
"307200","103.54562377929688","103.54562377929688","103.54562377929688","91.17865753173828","91.17865753173828","91.17865753173828","88.11357879638672","88.11357879638672","88.11357879638672"
"358400","96.67432403564453","96.67432403564453","96.67432403564453","86.88255310058594","86.88255310058594","86.88255310058594","106.01382446289062","106.01382446289062","106.01382446289062"
"409600","73.1307373046875","73.1307373046875","73.1307373046875","101.28034210205078","101.28034210205078","101.28034210205078","83.4847183227539","83.4847183227539","83.4847183227539"
"460800","84.7667465209961","84.7667465209961","84.7667465209961","62.478240966796875","62.478240966796875","62.478240966796875","110.03994750976562","110.03994750976562","110.03994750976562"
"512000","100.33221435546875","100.33221435546875","100.33221435546875","100.22858428955078","100.22858428955078","100.22858428955078","92.79898834228516","92.79898834228516","92.79898834228516"
"563200","99.52570343017578","99.52570343017578","99.52570343017578","95.78091430664062","95.78091430664062","95.78091430664062","90.8855972290039","90.8855972290039","90.8855972290039"
"614400","120.0718002319336","120.0718002319336","120.0718002319336","80.3393325805664","80.3393325805664","80.3393325805664","115.82809448242188","115.82809448242188","115.82809448242188"
"665600","85.55591583251953","85.55591583251953","85.55591583251953","102.69723510742188","102.69723510742188","102.69723510742188","124.6864242553711","124.6864242553711","124.6864242553711"
"716800","95.46997833251953","95.46997833251953","95.46997833251953","100.29470825195312","100.29470825195312","100.29470825195312","111.06058502197266","111.06058502197266","111.06058502197266"
"768000","80.92814636230469","80.92814636230469","80.92814636230469","108.20182037353516","108.20182037353516","108.20182037353516","106.59779357910156","106.59779357910156","106.59779357910156"
"819200","126.9697494506836","126.9697494506836","126.9697494506836","114.72554779052734","114.72554779052734","114.72554779052734","123.73104095458984","123.73104095458984","123.73104095458984"
"870400","125.05841827392578","125.05841827392578","125.05841827392578","101.07518005371094","101.07518005371094","101.07518005371094","113.07701873779297","113.07701873779297","113.07701873779297"
"921600","99.79714965820312","99.79714965820312","99.79714965820312","79.1255111694336","79.1255111694336","79.1255111694336","124.39850616455078","124.39850616455078","124.39850616455078"
"972800","109.02658081054688","109.02658081054688","109.02658081054688","96.8118896484375","96.8118896484375","96.8118896484375","148.110107421875","148.110107421875","148.110107421875"
"1024000","100.05421447753906","100.05421447753906","100.05421447753906","89.74260711669922","89.74260711669922","89.74260711669922","133.3149871826172","133.3149871826172","133.3149871826172"
"1075200","123.98390197753906","123.98390197753906","123.98390197753906","106.78123474121094","106.78123474121094","106.78123474121094","167.8639373779297","167.8639373779297","167.8639373779297"
"1126400","100.0013198852539","100.0013198852539","100.0013198852539","116.10236358642578","116.10236358642578","116.10236358642578","115.1991958618164","115.1991958618164","115.1991958618164"
"1177600","151.49374389648438","151.49374389648438","151.49374389648438","112.567138671875","112.567138671875","112.567138671875","140.9984588623047","140.9984588623047","140.9984588623047"
"1228800","127.42804718017578","127.42804718017578","127.42804718017578","78.07376098632812","78.07376098632812","78.07376098632812","144.04794311523438","144.04794311523438","144.04794311523438"
"1280000","133.30738830566406","133.30738830566406","133.30738830566406","100.09662628173828","100.09662628173828","100.09662628173828","135.64247131347656","135.64247131347656","135.64247131347656"
"1331200","115.65779113769531","115.65779113769531","115.65779113769531","116.48268127441406","116.48268127441406","116.48268127441406","152.71409606933594","152.71409606933594","152.71409606933594"
"1382400","151.9157257080078","151.9157257080078","151.9157257080078","90.33079528808594","90.33079528808594","90.33079528808594","120.91338348388672","120.91338348388672","120.91338348388672"
"1433600","174.8250732421875","174.8250732421875","174.8250732421875","104.46503448486328","104.46503448486328","104.46503448486328","136.48341369628906","136.48341369628906","136.48341369628906"
"1484800","160.93759155273438","160.93759155273438","160.93759155273438","122.46920776367188","122.46920776367188","122.46920776367188","144.776123046875","144.776123046875","144.776123046875"
"1536000","143.87965393066406","143.87965393066406","143.87965393066406","149.30564880371094","149.30564880371094","149.30564880371094","128.86062622070312","128.86062622070312","128.86062622070312"
"1587200","151.9106903076172","151.9106903076172","151.9106903076172","125.11290740966797","125.11290740966797","125.11290740966797","131.9427947998047","131.9427947998047","131.9427947998047"
"1638400","194.30282592773438","194.30282592773438","194.30282592773438","135.55526733398438","135.55526733398438","135.55526733398438","155.8131103515625","155.8131103515625","155.8131103515625"
"1689600","170.45681762695312","170.45681762695312","170.45681762695312","122.91802215576172","122.91802215576172","122.91802215576172","153.3815155029297","153.3815155029297","153.3815155029297"
"1740800","177.84751892089844","177.84751892089844","177.84751892089844","158.13710021972656","158.13710021972656","158.13710021972656","178.24798583984375","178.24798583984375","178.24798583984375"
"1792000","170.46717834472656","170.46717834472656","170.46717834472656","142.80348205566406","142.80348205566406","142.80348205566406","181.52597045898438","181.52597045898438","181.52597045898438"
"1843200","227.12222290039062","227.12222290039062","227.12222290039062","148.8636016845703","148.8636016845703","148.8636016845703","199.0547637939453","199.0547637939453","199.0547637939453"
"1894400","238.27960205078125","238.27960205078125","238.27960205078125","154.3772430419922","154.3772430419922","154.3772430419922","182.95339965820312","182.95339965820312","182.95339965820312"
"1945600","290.0340576171875","290.0340576171875","290.0340576171875","169.00656127929688","169.00656127929688","169.00656127929688","216.0878143310547","216.0878143310547","216.0878143310547"
"1996800","242.47317504882812","242.47317504882812","242.47317504882812","205.38839721679688","205.38839721679688","205.38839721679688","278.6912841796875","278.6912841796875","278.6912841796875"
"2048000","227.87266540527344","227.87266540527344","227.87266540527344","222.31512451171875","222.31512451171875","222.31512451171875","261.9117431640625","261.9117431640625","261.9117431640625"
"2099200","235.3821258544922","235.3821258544922","235.3821258544922","195.32997131347656","195.32997131347656","195.32997131347656","216.65966796875","216.65966796875","216.65966796875"
"2150400","395.4023742675781","395.4023742675781","395.4023742675781","187.37521362304688","187.37521362304688","187.37521362304688","326.5476379394531","326.5476379394531","326.5476379394531"
"2201600","338.455810546875","338.455810546875","338.455810546875","195.72804260253906","195.72804260253906","195.72804260253906","329.9939270019531","329.9939270019531","329.9939270019531"
"2252800","332.41009521484375","332.41009521484375","332.41009521484375","220.57598876953125","220.57598876953125","220.57598876953125","283.7571105957031","283.7571105957031","283.7571105957031"
"2304000","305.19097900390625","305.19097900390625","305.19097900390625","283.23126220703125","283.23126220703125","283.23126220703125","462.1585693359375","462.1585693359375","462.1585693359375"
"2355200","300.0287170410156","300.0287170410156","300.0287170410156","342.79052734375","342.79052734375","342.79052734375","471.4007263183594","471.4007263183594","471.4007263183594"
"2406400","400.3039245605469","400.3039245605469","400.3039245605469","280.2063293457031","280.2063293457031","280.2063293457031","397.1487731933594","397.1487731933594","397.1487731933594"
"2457600","287.27374267578125","287.27374267578125","287.27374267578125","289.0683288574219","289.0683288574219","289.0683288574219","369.5281982421875","369.5281982421875","369.5281982421875"
"2508800","280.60418701171875","280.60418701171875","280.60418701171875","346.73382568359375","346.73382568359375","346.73382568359375","336.87261962890625","336.87261962890625","336.87261962890625"
"2560000","374.48138427734375","374.48138427734375","374.48138427734375","364.5774230957031","364.5774230957031","364.5774230957031","341.23291015625","341.23291015625","341.23291015625"
"2611200","445.1720886230469","445.1720886230469","445.1720886230469","315.9028015136719","315.9028015136719","315.9028015136719","532.9874877929688","532.9874877929688","532.9874877929688"
"2662400","467.7995910644531","467.7995910644531","467.7995910644531","371.4314880371094","371.4314880371094","371.4314880371094","701.7711791992188","701.7711791992188","701.7711791992188"
"2713600","432.9864807128906","432.9864807128906","432.9864807128906","427.68450927734375","427.68450927734375","427.68450927734375","547.5427856445312","547.5427856445312","547.5427856445312"
"2764800","491.4179992675781","491.4179992675781","491.4179992675781","404.112060546875","404.112060546875","404.112060546875","641.0828857421875","641.0828857421875","641.0828857421875"
"2816000","590.6345825195312","590.6345825195312","590.6345825195312","475.7527160644531","475.7527160644531","475.7527160644531","654.7700805664062","654.7700805664062","654.7700805664062"
"2867200","432.81060791015625","432.81060791015625","432.81060791015625","467.0809020996094","467.0809020996094","467.0809020996094","574.2237548828125","574.2237548828125","574.2237548828125"
"2918400","598.19921875","598.19921875","598.19921875","490.72479248046875","490.72479248046875","490.72479248046875","651.1820068359375","651.1820068359375","651.1820068359375"
"2969600","618.3397216796875","618.3397216796875","618.3397216796875","508.8409118652344","508.8409118652344","508.8409118652344","572.9017333984375","572.9017333984375","572.9017333984375"
"3020800","471.5861511230469","471.5861511230469","471.5861511230469","381.4510192871094","381.4510192871094","381.4510192871094","558.2836303710938","558.2836303710938","558.2836303710938"
"3072000","571.0848388671875","571.0848388671875","571.0848388671875","458.72601318359375","458.72601318359375","458.72601318359375","633.9212646484375","633.9212646484375","633.9212646484375"
"3123200","659.2694091796875","659.2694091796875","659.2694091796875","552.8016967773438","552.8016967773438","552.8016967773438","621.3635864257812","621.3635864257812","621.3635864257812"
"3174400","514.7849731445312","514.7849731445312","514.7849731445312","459.9173278808594","459.9173278808594","459.9173278808594","661.1100463867188","661.1100463867188","661.1100463867188"
"3225600","517.59765625","517.59765625","517.59765625","619.1083984375","619.1083984375","619.1083984375","689.5532836914062","689.5532836914062","689.5532836914062"
"3276800","564.95654296875","564.95654296875","564.95654296875","527.004638671875","527.004638671875","527.004638671875","867.0380249023438","867.0380249023438","867.0380249023438"
"3328000","628.1686401367188","628.1686401367188","628.1686401367188","661.440673828125","661.440673828125","661.440673828125","1047.491455078125","1047.491455078125","1047.491455078125"
"3379200","550.446533203125","550.446533203125","550.446533203125","668.6326904296875","668.6326904296875","668.6326904296875","844.2785034179688","844.2785034179688","844.2785034179688"
"3430400","671.87451171875","671.87451171875","671.87451171875","617.5147705078125","617.5147705078125","617.5147705078125","661.7146606445312","661.7146606445312","661.7146606445312"
"3481600","649.4987182617188","649.4987182617188","649.4987182617188","690.421875","690.421875","690.421875","636.5213623046875","636.5213623046875","636.5213623046875"
"3532800","423.0319519042969","423.0319519042969","423.0319519042969","517.3125","517.3125","517.3125","865.27685546875","865.27685546875","865.27685546875"
"3584000","517.6436767578125","517.6436767578125","517.6436767578125","528.4268798828125","528.4268798828125","528.4268798828125","926.3911743164062","926.3911743164062","926.3911743164062"
"3635200","572.8097534179688","572.8097534179688","572.8097534179688","491.1169738769531","491.1169738769531","491.1169738769531","533.2344970703125","533.2344970703125","533.2344970703125"
"3686400","756.5125732421875","756.5125732421875","756.5125732421875","524.0302124023438","524.0302124023438","524.0302124023438","923.553955078125","923.553955078125","923.553955078125"
"3737600","635.0805053710938","635.0805053710938","635.0805053710938","624.4345703125","624.4345703125","624.4345703125","935.4263916015625","935.4263916015625","935.4263916015625"
"3788800","524.8052978515625","524.8052978515625","524.8052978515625","795.34716796875","795.34716796875","795.34716796875","1031.615966796875","1031.615966796875","1031.615966796875"
"3840000","716.7603759765625","716.7603759765625","716.7603759765625","861.771240234375","861.771240234375","861.771240234375","1036.8133544921875","1036.8133544921875","1036.8133544921875"
"3891200","591.4578247070312","591.4578247070312","591.4578247070312","707.9775390625","707.9775390625","707.9775390625","1112.5048828125","1112.5048828125","1112.5048828125"
"3942400","526.3298950195312","526.3298950195312","526.3298950195312","741.259521484375","741.259521484375","741.259521484375","919.9970703125","919.9970703125","919.9970703125"
"3993600","569.4840087890625","569.4840087890625","569.4840087890625","768.5142211914062","768.5142211914062","768.5142211914062","1177.6298828125","1177.6298828125","1177.6298828125"
"4044800","693.1110229492188","693.1110229492188","693.1110229492188","652.6748657226562","652.6748657226562","652.6748657226562","1128.039306640625","1128.039306640625","1128.039306640625"
"4096000","484.79248046875","484.79248046875","484.79248046875","581.3113403320312","581.3113403320312","581.3113403320312","814.9631958007812","814.9631958007812","814.9631958007812"
"4147200","488.62261962890625","488.62261962890625","488.62261962890625","836.9541015625","836.9541015625","836.9541015625","812.689208984375","812.689208984375","812.689208984375"
"4198400","546.3424682617188","546.3424682617188","546.3424682617188","704.4930419921875","704.4930419921875","704.4930419921875","1038.45556640625","1038.45556640625","1038.45556640625"
"4249600","555.25","555.25","555.25","565.1453247070312","565.1453247070312","565.1453247070312","920.4451293945312","920.4451293945312","920.4451293945312"
"4300800","544.0905151367188","544.0905151367188","544.0905151367188","430.1427001953125","430.1427001953125","430.1427001953125","1184.315185546875","1184.315185546875","1184.315185546875"
"4352000","748.0573120117188","748.0573120117188","748.0573120117188","637.8922729492188","637.8922729492188","637.8922729492188","1120.955322265625","1120.955322265625","1120.955322265625"
"4403200","626.2592163085938","626.2592163085938","626.2592163085938","602.8258666992188","602.8258666992188","602.8258666992188","1414.961181640625","1414.961181640625","1414.961181640625"
"4454400","734.842041015625","734.842041015625","734.842041015625","593.3084106445312","593.3084106445312","593.3084106445312","1325.9654541015625","1325.9654541015625","1325.9654541015625"
"4505600","775.2178955078125","775.2178955078125","775.2178955078125","702.4813232421875","702.4813232421875","702.4813232421875","1286.68017578125","1286.68017578125","1286.68017578125"
"4556800","680.555908203125","680.555908203125","680.555908203125","385.6108093261719","385.6108093261719","385.6108093261719","1117.2711181640625","1117.2711181640625","1117.2711181640625"
"4608000","822.7255249023438","822.7255249023438","822.7255249023438","485.6010437011719","485.6010437011719","485.6010437011719","1495.53466796875","1495.53466796875","1495.53466796875"
"4659200","787.73828125","787.73828125","787.73828125","632.9845581054688","632.9845581054688","632.9845581054688","1491.894775390625","1491.894775390625","1491.894775390625"
"4710400","734.1762084960938","734.1762084960938","734.1762084960938","665.0281982421875","665.0281982421875","665.0281982421875","1833.523681640625","1833.523681640625","1833.523681640625"
"4761600","772.1339721679688","772.1339721679688","772.1339721679688","694.457275390625","694.457275390625","694.457275390625","1013.8753662109375","1013.8753662109375","1013.8753662109375"
"4812800","739.0885009765625","739.0885009765625","739.0885009765625","754.7224731445312","754.7224731445312","754.7224731445312","1220.3236083984375","1220.3236083984375","1220.3236083984375"
"4864000","950.2938232421875","950.2938232421875","950.2938232421875","974.6359252929688","974.6359252929688","974.6359252929688","1634.4884033203125","1634.4884033203125","1634.4884033203125"
"4915200","587.853759765625","587.853759765625","587.853759765625","622.9262084960938","622.9262084960938","622.9262084960938","1480.363525390625","1480.363525390625","1480.363525390625"
"4966400","820.1303100585938","820.1303100585938","820.1303100585938","570.4557495117188","570.4557495117188","570.4557495117188","1141.262451171875","1141.262451171875","1141.262451171875"
"5017600","899.849853515625","899.849853515625","899.849853515625","928.4309692382812","928.4309692382812","928.4309692382812","947.6337890625","947.6337890625","947.6337890625"
"5068800","746.0232543945312","746.0232543945312","746.0232543945312","874.2263793945312","874.2263793945312","874.2263793945312","865.8429565429688","865.8429565429688","865.8429565429688"
"5120000","764.6748046875","764.6748046875","764.6748046875","742.5194091796875","742.5194091796875","742.5194091796875","993.6459350585938","993.6459350585938","993.6459350585938"
"5171200","905.0198974609375","905.0198974609375","905.0198974609375","964.8399047851562","964.8399047851562","964.8399047851562","745.7401123046875","745.7401123046875","745.7401123046875"
"5222400","814.1942749023438","814.1942749023438","814.1942749023438","963.5535888671875","963.5535888671875","963.5535888671875","804.7841796875","804.7841796875","804.7841796875"
"5273600","779.9411010742188","779.9411010742188","779.9411010742188","949.9200439453125","949.9200439453125","949.9200439453125","883.93505859375","883.93505859375","883.93505859375"
"5324800","932.04052734375","932.04052734375","932.04052734375","1132.1866455078125","1132.1866455078125","1132.1866455078125","877.805908203125","877.805908203125","877.805908203125"
"5376000","1032.3843994140625","1032.3843994140625","1032.3843994140625","965.0574951171875","965.0574951171875","965.0574951171875","985.2791137695312","985.2791137695312","985.2791137695312"
"5427200","1205.7979736328125","1205.7979736328125","1205.7979736328125","803.7218017578125","803.7218017578125","803.7218017578125","1186.7933349609375","1186.7933349609375","1186.7933349609375"
"5478400","1058.3897705078125","1058.3897705078125","1058.3897705078125","888.5532836914062","888.5532836914062","888.5532836914062","1369.3426513671875","1369.3426513671875","1369.3426513671875"
"5529600","1311.904052734375","1311.904052734375","1311.904052734375","1017.4166259765625","1017.4166259765625","1017.4166259765625","968.2252197265625","968.2252197265625","968.2252197265625"
"5580800","1334.5487060546875","1334.5487060546875","1334.5487060546875","1200.560791015625","1200.560791015625","1200.560791015625","972.754638671875","972.754638671875","972.754638671875"
"5632000","1699.9757080078125","1699.9757080078125","1699.9757080078125","1094.46728515625","1094.46728515625","1094.46728515625","1122.8668212890625","1122.8668212890625","1122.8668212890625"
"5683200","1215.08544921875","1215.08544921875","1215.08544921875","870.455078125","870.455078125","870.455078125","1025.2713623046875","1025.2713623046875","1025.2713623046875"
"5734400","1126.5028076171875","1126.5028076171875","1126.5028076171875","929.8694458007812","929.8694458007812","929.8694458007812","1068.5626220703125","1068.5626220703125","1068.5626220703125"
"5785600","978.4320068359375","978.4320068359375","978.4320068359375","1012.6253051757812","1012.6253051757812","1012.6253051757812","953.6485595703125","953.6485595703125","953.6485595703125"
"5836800","922.0233154296875","922.0233154296875","922.0233154296875","997.391357421875","997.391357421875","997.391357421875","826.0680541992188","826.0680541992188","826.0680541992188"
"5888000","680.9788818359375","680.9788818359375","680.9788818359375","938.1838989257812","938.1838989257812","938.1838989257812","660.9065551757812","660.9065551757812","660.9065551757812"
"5939200","849.40966796875","849.40966796875","849.40966796875","853.5655517578125","853.5655517578125","853.5655517578125","934.6373901367188","934.6373901367188","934.6373901367188"
"5990400","859.868408203125","859.868408203125","859.868408203125","955.3046875","955.3046875","955.3046875","1104.588134765625","1104.588134765625","1104.588134765625"
"6041600","863.7478637695312","863.7478637695312","863.7478637695312","879.1774291992188","879.1774291992188","879.1774291992188","1047.406982421875","1047.406982421875","1047.406982421875"
"6092800","1088.194091796875","1088.194091796875","1088.194091796875","1575.617431640625","1575.617431640625","1575.617431640625","906.8873901367188","906.8873901367188","906.8873901367188"
"6144000","1122.7625732421875","1122.7625732421875","1122.7625732421875","2097.019287109375","2097.019287109375","2097.019287109375","824.1873168945312","824.1873168945312","824.1873168945312"
"6195200","1381.450439453125","1381.450439453125","1381.450439453125","1615.9478759765625","1615.9478759765625","1615.9478759765625","723.8056640625","723.8056640625","723.8056640625"
"6246400","1697.8331298828125","1697.8331298828125","1697.8331298828125","1592.9581298828125","1592.9581298828125","1592.9581298828125","755.993408203125","755.993408203125","755.993408203125"
"6297600","1240.68994140625","1240.68994140625","1240.68994140625","1429.1993408203125","1429.1993408203125","1429.1993408203125","663.8466796875","663.8466796875","663.8466796875"
"6348800","1183.0450439453125","1183.0450439453125","1183.0450439453125","1107.254638671875","1107.254638671875","1107.254638671875","1160.140869140625","1160.140869140625","1160.140869140625"
"6400000","1386.8604736328125","1386.8604736328125","1386.8604736328125","1448.294677734375","1448.294677734375","1448.294677734375","1188.1754150390625","1188.1754150390625","1188.1754150390625"
"6451200","1198.9412841796875","1198.9412841796875","1198.9412841796875","1758.500732421875","1758.500732421875","1758.500732421875","906.6950073242188","906.6950073242188","906.6950073242188"
"6502400","1242.982177734375","1242.982177734375","1242.982177734375","1584.0152587890625","1584.0152587890625","1584.0152587890625","1280.5443115234375","1280.5443115234375","1280.5443115234375"
"6553600","1115.8477783203125","1115.8477783203125","1115.8477783203125","1819.490234375","1819.490234375","1819.490234375","1244.0057373046875","1244.0057373046875","1244.0057373046875"
"6604800","1057.24072265625","1057.24072265625","1057.24072265625","1852.543212890625","1852.543212890625","1852.543212890625","994.0260009765625","994.0260009765625","994.0260009765625"
"6656000","1044.4576416015625","1044.4576416015625","1044.4576416015625","1653.603271484375","1653.603271484375","1653.603271484375","1022.5430908203125","1022.5430908203125","1022.5430908203125"
"6707200","1503.993408203125","1503.993408203125","1503.993408203125","1448.1015625","1448.1015625","1448.1015625","965.9342041015625","965.9342041015625","965.9342041015625"
"6758400","1332.43701171875","1332.43701171875","1332.43701171875","1390.4735107421875","1390.4735107421875","1390.4735107421875","1318.843994140625","1318.843994140625","1318.843994140625"
"6809600","1543.3387451171875","1543.3387451171875","1543.3387451171875","1122.412841796875","1122.412841796875","1122.412841796875","1149.240478515625","1149.240478515625","1149.240478515625"
"6860800","1447.2725830078125","1447.2725830078125","1447.2725830078125","1331.463134765625","1331.463134765625","1331.463134765625","1117.7769775390625","1117.7769775390625","1117.7769775390625"
"6912000","1407.358154296875","1407.358154296875","1407.358154296875","1221.3447265625","1221.3447265625","1221.3447265625","1237.6180419921875","1237.6180419921875","1237.6180419921875"
"6963200","2088.76611328125","2088.76611328125","2088.76611328125","1401.247314453125","1401.247314453125","1401.247314453125","1439.2633056640625","1439.2633056640625","1439.2633056640625"
"7014400","2370.57470703125","2370.57470703125","2370.57470703125","1217.822021484375","1217.822021484375","1217.822021484375","1654.8665771484375","1654.8665771484375","1654.8665771484375"
"7065600","2760.154296875","2760.154296875","2760.154296875","1414.7618408203125","1414.7618408203125","1414.7618408203125","1531.4947509765625","1531.4947509765625","1531.4947509765625"
"7116800","2356.012451171875","2356.012451171875","2356.012451171875","1812.2198486328125","1812.2198486328125","1812.2198486328125","1492.9129638671875","1492.9129638671875","1492.9129638671875"
"7168000","2553.77783203125","2553.77783203125","2553.77783203125","1783.8775634765625","1783.8775634765625","1783.8775634765625","1290.280029296875","1290.280029296875","1290.280029296875"
"7219200","2273.83642578125","2273.83642578125","2273.83642578125","1613.9732666015625","1613.9732666015625","1613.9732666015625","1569.6190185546875","1569.6190185546875","1569.6190185546875"
"7270400","1621.570068359375","1621.570068359375","1621.570068359375","1962.7449951171875","1962.7449951171875","1962.7449951171875","1448.2764892578125","1448.2764892578125","1448.2764892578125"
"7321600","1749.4600830078125","1749.4600830078125","1749.4600830078125","2792.091796875","2792.091796875","2792.091796875","1582.6666259765625","1582.6666259765625","1582.6666259765625"
"7372800","2136.131103515625","2136.131103515625","2136.131103515625","2925.817138671875","2925.817138671875","2925.817138671875","1711.036865234375","1711.036865234375","1711.036865234375"
"7424000","1479.00048828125","1479.00048828125","1479.00048828125","1772.3426513671875","1772.3426513671875","1772.3426513671875","1694.8433837890625","1694.8433837890625","1694.8433837890625"
"7475200","1455.7271728515625","1455.7271728515625","1455.7271728515625","2008.455078125","2008.455078125","2008.455078125","1571.62060546875","1571.62060546875","1571.62060546875"
"7526400","1859.3072509765625","1859.3072509765625","1859.3072509765625","2113.72802734375","2113.72802734375","2113.72802734375","1653.919921875","1653.919921875","1653.919921875"
"7577600","2030.54052734375","2030.54052734375","2030.54052734375","2284.6884765625","2284.6884765625","2284.6884765625","1874.1048583984375","1874.1048583984375","1874.1048583984375"
"7628800","979.2219848632812","979.2219848632812","979.2219848632812","2933.01123046875","2933.01123046875","2933.01123046875","1339.6943359375","1339.6943359375","1339.6943359375"
"7680000","942.5682373046875","942.5682373046875","942.5682373046875","1826.664306640625","1826.664306640625","1826.664306640625","1379.1334228515625","1379.1334228515625","1379.1334228515625"
"7731200","1145.1871337890625","1145.1871337890625","1145.1871337890625","2441.53173828125","2441.53173828125","2441.53173828125","1647.6439208984375","1647.6439208984375","1647.6439208984375"
"7782400","1578.1890869140625","1578.1890869140625","1578.1890869140625","2109.220458984375","2109.220458984375","2109.220458984375","1565.818115234375","1565.818115234375","1565.818115234375"
"7833600","1460.2193603515625","1460.2193603515625","1460.2193603515625","2536.319091796875","2536.319091796875","2536.319091796875","1779.2379150390625","1779.2379150390625","1779.2379150390625"
"7884800","1798.6328125","1798.6328125","1798.6328125","3082.676513671875","3082.676513671875","3082.676513671875","1504.1910400390625","1504.1910400390625","1504.1910400390625"
"7936000","2257.384033203125","2257.384033203125","2257.384033203125","1320.576416015625","1320.576416015625","1320.576416015625","1742.314697265625","1742.314697265625","1742.314697265625"
"7987200","2317.966064453125","2317.966064453125","2317.966064453125","1656.859619140625","1656.859619140625","1656.859619140625","2228.23046875","2228.23046875","2228.23046875"
"8038400","2313.654541015625","2313.654541015625","2313.654541015625","1603.1312255859375","1603.1312255859375","1603.1312255859375","1646.989501953125","1646.989501953125","1646.989501953125"
"8089600","2035.390625","2035.390625","2035.390625","1876.6766357421875","1876.6766357421875","1876.6766357421875","1538.5426025390625","1538.5426025390625","1538.5426025390625"
"8140800","1590.33203125","1590.33203125","1590.33203125","1314.8446044921875","1314.8446044921875","1314.8446044921875","1715.4207763671875","1715.4207763671875","1715.4207763671875"
"8192000","1980.374755859375","1980.374755859375","1980.374755859375","1543.445556640625","1543.445556640625","1543.445556640625","1916.89013671875","1916.89013671875","1916.89013671875"
"8243200","1443.484130859375","1443.484130859375","1443.484130859375","1827.873291015625","1827.873291015625","1827.873291015625","2726.654296875","2726.654296875","2726.654296875"
"8294400","1855.973876953125","1855.973876953125","1855.973876953125","1975.075927734375","1975.075927734375","1975.075927734375","3133.83935546875","3133.83935546875","3133.83935546875"
"8345600","2652.077392578125","2652.077392578125","2652.077392578125","1791.767578125","1791.767578125","1791.767578125","2964.755126953125","2964.755126953125","2964.755126953125"
"8396800","3557.091064453125","3557.091064453125","3557.091064453125","2059.82958984375","2059.82958984375","2059.82958984375","3437.28369140625","3437.28369140625","3437.28369140625"
"8448000","2632.326904296875","2632.326904296875","2632.326904296875","2399.7998046875","2399.7998046875","2399.7998046875","3594.645751953125","3594.645751953125","3594.645751953125"
"8499200","2191.269287109375","2191.269287109375","2191.269287109375","2653.599609375","2653.599609375","2653.599609375","3633.583251953125","3633.583251953125","3633.583251953125"
"8550400","2748.675048828125","2748.675048828125","2748.675048828125","2236.066650390625","2236.066650390625","2236.066650390625","2771.476806640625","2771.476806640625","2771.476806640625"
"8601600","3159.151123046875","3159.151123046875","3159.151123046875","2277.133056640625","2277.133056640625","2277.133056640625","2607.232666015625","2607.232666015625","2607.232666015625"
"8652800","3000.40673828125","3000.40673828125","3000.40673828125","2007.1868896484375","2007.1868896484375","2007.1868896484375","2561.04296875","2561.04296875","2561.04296875"
"8704000","2717.982421875","2717.982421875","2717.982421875","2678.89892578125","2678.89892578125","2678.89892578125","2844.053955078125","2844.053955078125","2844.053955078125"
"8755200","2717.34326171875","2717.34326171875","2717.34326171875","2759.032470703125","2759.032470703125","2759.032470703125","2821.3876953125","2821.3876953125","2821.3876953125"
"8806400","2998.7958984375","2998.7958984375","2998.7958984375","3021.9208984375","3021.9208984375","3021.9208984375","2781.3583984375","2781.3583984375","2781.3583984375"
"8857600","2647.465576171875","2647.465576171875","2647.465576171875","3010.717041015625","3010.717041015625","3010.717041015625","3207.71142578125","3207.71142578125","3207.71142578125"
"8908800","2524.05908203125","2524.05908203125","2524.05908203125","1953.80029296875","1953.80029296875","1953.80029296875","2170.72705078125","2170.72705078125","2170.72705078125"
"8960000","3080.694091796875","3080.694091796875","3080.694091796875","1634.7701416015625","1634.7701416015625","1634.7701416015625","2241.886962890625","2241.886962890625","2241.886962890625"
"9011200","2382.31298828125","2382.31298828125","2382.31298828125","1553.632568359375","1553.632568359375","1553.632568359375","2530.16259765625","2530.16259765625","2530.16259765625"
"9062400","2213.068603515625","2213.068603515625","2213.068603515625","1745.9632568359375","1745.9632568359375","1745.9632568359375","2077.447021484375","2077.447021484375","2077.447021484375"
"9113600","2190.658935546875","2190.658935546875","2190.658935546875","1895.660888671875","1895.660888671875","1895.660888671875","2732.837158203125","2732.837158203125","2732.837158203125"
"9164800","2523.959228515625","2523.959228515625","2523.959228515625","1640.8172607421875","1640.8172607421875","1640.8172607421875","2757.32861328125","2757.32861328125","2757.32861328125"
"9216000","1797.5693359375","1797.5693359375","1797.5693359375","2031.4532470703125","2031.4532470703125","2031.4532470703125","2577.275146484375","2577.275146484375","2577.275146484375"
"9267200","1789.332763671875","1789.332763671875","1789.332763671875","2728.089599609375","2728.089599609375","2728.089599609375","2342.2509765625","2342.2509765625","2342.2509765625"
"9318400","2074.513916015625","2074.513916015625","2074.513916015625","2836.84130859375","2836.84130859375","2836.84130859375","2760.8896484375","2760.8896484375","2760.8896484375"
"9369600","1771.6065673828125","1771.6065673828125","1771.6065673828125","2487.365478515625","2487.365478515625","2487.365478515625","2902.548095703125","2902.548095703125","2902.548095703125"
"9420800","2440.8291015625","2440.8291015625","2440.8291015625","2594.730224609375","2594.730224609375","2594.730224609375","2705.932373046875","2705.932373046875","2705.932373046875"
"9472000","2721.3359375","2721.3359375","2721.3359375","2793.76513671875","2793.76513671875","2793.76513671875","2791.94580078125","2791.94580078125","2791.94580078125"
"9523200","2327.326904296875","2327.326904296875","2327.326904296875","2082.397705078125","2082.397705078125","2082.397705078125","3434.19775390625","3434.19775390625","3434.19775390625"
"9574400","2749.37890625","2749.37890625","2749.37890625","1948.9251708984375","1948.9251708984375","1948.9251708984375","2343.52099609375","2343.52099609375","2343.52099609375"
"9625600","3624.93896484375","3624.93896484375","3624.93896484375","3073.302001953125","3073.302001953125","3073.302001953125","2302.25830078125","2302.25830078125","2302.25830078125"
"9676800","3294.423583984375","3294.423583984375","3294.423583984375","2799.64111328125","2799.64111328125","2799.64111328125","2810.467041015625","2810.467041015625","2810.467041015625"
"9728000","3116.274658203125","3116.274658203125","3116.274658203125","3039.77587890625","3039.77587890625","3039.77587890625","2948.564697265625","2948.564697265625","2948.564697265625"
"9779200","2143.433349609375","2143.433349609375","2143.433349609375","3149.45263671875","3149.45263671875","3149.45263671875","3941.43896484375","3941.43896484375","3941.43896484375"
"9830400","2060.039306640625","2060.039306640625","2060.039306640625","2500.034912109375","2500.034912109375","2500.034912109375","4382.02099609375","4382.02099609375","4382.02099609375"
"9881600","1191.261474609375","1191.261474609375","1191.261474609375","2691.942138671875","2691.942138671875","2691.942138671875","3743.988037109375","3743.988037109375","3743.988037109375"
"9932800","1818.3267822265625","1818.3267822265625","1818.3267822265625","3061.00830078125","3061.00830078125","3061.00830078125","2175.102783203125","2175.102783203125","2175.102783203125"
"9984000","2207.06298828125","2207.06298828125","2207.06298828125","3470.59814453125","3470.59814453125","3470.59814453125","3325.18310546875","3325.18310546875","3325.18310546875"
"10035200","2117.935791015625","2117.935791015625","2117.935791015625","3639.797119140625","3639.797119140625","3639.797119140625","3919.094482421875","3919.094482421875","3919.094482421875"
"10086400","2651.763671875","2651.763671875","2651.763671875","4111.27783203125","4111.27783203125","4111.27783203125","4421.81005859375","4421.81005859375","4421.81005859375"
"10137600","3010.447998046875","3010.447998046875","3010.447998046875","3876.63623046875","3876.63623046875","3876.63623046875","4943.78515625","4943.78515625","4943.78515625"
"10188800","2766.61474609375","2766.61474609375","2766.61474609375","4351.51513671875","4351.51513671875","4351.51513671875","5137.0205078125","5137.0205078125","5137.0205078125"
"10240000","2791.478271484375","2791.478271484375","2791.478271484375","4595.75732421875","4595.75732421875","4595.75732421875","5021.02685546875","5021.02685546875","5021.02685546875"
"10291200","3995.544677734375","3995.544677734375","3995.544677734375","4524.4560546875","4524.4560546875","4524.4560546875","5026.0302734375","5026.0302734375","5026.0302734375"
"10342400","3780.36328125","3780.36328125","3780.36328125","5047.72314453125","5047.72314453125","5047.72314453125","4615.33544921875","4615.33544921875","4615.33544921875"
"10393600","2884.494873046875","2884.494873046875","2884.494873046875","4414.373046875","4414.373046875","4414.373046875","3922.87646484375","3922.87646484375","3922.87646484375"
"10444800","3392.11376953125","3392.11376953125","3392.11376953125","3485.418701171875","3485.418701171875","3485.418701171875","4201.728515625","4201.728515625","4201.728515625"
"10496000","3661.61083984375","3661.61083984375","3661.61083984375","3862.70361328125","3862.70361328125","3862.70361328125","3887.185546875","3887.185546875","3887.185546875"
"10547200","3440.779541015625","3440.779541015625","3440.779541015625","3606.041259765625","3606.041259765625","3606.041259765625","4148.42626953125","4148.42626953125","4148.42626953125"
"10598400","3085.958251953125","3085.958251953125","3085.958251953125","2613.189453125","2613.189453125","2613.189453125","4543.10595703125","4543.10595703125","4543.10595703125"
"10649600","3672.256103515625","3672.256103515625","3672.256103515625","3021.603271484375","3021.603271484375","3021.603271484375","4945.14599609375","4945.14599609375","4945.14599609375"
"10700800","3175.82421875","3175.82421875","3175.82421875","3086.3720703125","3086.3720703125","3086.3720703125","5496.37158203125","5496.37158203125","5496.37158203125"
"10752000","3424.5166015625","3424.5166015625","3424.5166015625","2718.324951171875","2718.324951171875","2718.324951171875","5722.69384765625","5722.69384765625","5722.69384765625"
"10803200","3612.87744140625","3612.87744140625","3612.87744140625","2894.63525390625","2894.63525390625","2894.63525390625","6061.12548828125","6061.12548828125","6061.12548828125"
"10854400","3810.931884765625","3810.931884765625","3810.931884765625","3830.455810546875","3830.455810546875","3830.455810546875","6463.43212890625","6463.43212890625","6463.43212890625"
"10905600","4307.8779296875","4307.8779296875","4307.8779296875","4694.3544921875","4694.3544921875","4694.3544921875","6610.28857421875","6610.28857421875","6610.28857421875"
"10956800","4332.28955078125","4332.28955078125","4332.28955078125","4446.6953125","4446.6953125","4446.6953125","6775.345703125","6775.345703125","6775.345703125"
"11008000","4598.5380859375","4598.5380859375","4598.5380859375","5320.65380859375","5320.65380859375","5320.65380859375","5850.666015625","5850.666015625","5850.666015625"
"11059200","4300.77880859375","4300.77880859375","4300.77880859375","5446.11376953125","5446.11376953125","5446.11376953125","6014.853515625","6014.853515625","6014.853515625"
"11110400","4756.86572265625","4756.86572265625","4756.86572265625","4716.509765625","4716.509765625","4716.509765625","6033.619140625","6033.619140625","6033.619140625"
"11161600","4828.8740234375","4828.8740234375","4828.8740234375","3148.042236328125","3148.042236328125","3148.042236328125","6142.22900390625","6142.22900390625","6142.22900390625"
"11212800","4951.35791015625","4951.35791015625","4951.35791015625","2681.409912109375","2681.409912109375","2681.409912109375","5673.2666015625","5673.2666015625","5673.2666015625"
"11264000","4493.2138671875","4493.2138671875","4493.2138671875","2101.041259765625","2101.041259765625","2101.041259765625","5110.26904296875","5110.26904296875","5110.26904296875"
"11315200","4185.29541015625","4185.29541015625","4185.29541015625","2544.4970703125","2544.4970703125","2544.4970703125","4747.97314453125","4747.97314453125","4747.97314453125"
"11366400","4329.984375","4329.984375","4329.984375","4010.200439453125","4010.200439453125","4010.200439453125","4920.9677734375","4920.9677734375","4920.9677734375"
"11417600","4160.5810546875","4160.5810546875","4160.5810546875","4739.99560546875","4739.99560546875","4739.99560546875","5516.3544921875","5516.3544921875","5516.3544921875"
"11468800","4459.23974609375","4459.23974609375","4459.23974609375","5101.56689453125","5101.56689453125","5101.56689453125","5368.41162109375","5368.41162109375","5368.41162109375"
"11520000","3998.483642578125","3998.483642578125","3998.483642578125","4575.69140625","4575.69140625","4575.69140625","5572.8017578125","5572.8017578125","5572.8017578125"
"11571200","3810.523681640625","3810.523681640625","3810.523681640625","4748.9296875","4748.9296875","4748.9296875","4902.30322265625","4902.30322265625","4902.30322265625"
"11622400","4228.501953125","4228.501953125","4228.501953125","3640.82470703125","3640.82470703125","3640.82470703125","5025.86767578125","5025.86767578125","5025.86767578125"
"11673600","4955.42724609375","4955.42724609375","4955.42724609375","4592.072265625","4592.072265625","4592.072265625","5271.11572265625","5271.11572265625","5271.11572265625"
"11724800","5413.44677734375","5413.44677734375","5413.44677734375","5412.0107421875","5412.0107421875","5412.0107421875","5971.759765625","5971.759765625","5971.759765625"
"11776000","5217.5322265625","5217.5322265625","5217.5322265625","5922.59228515625","5922.59228515625","5922.59228515625","5863.0966796875","5863.0966796875","5863.0966796875"
"11827200","5079.37158203125","5079.37158203125","5079.37158203125","5968.67431640625","5968.67431640625","5968.67431640625","5787.11669921875","5787.11669921875","5787.11669921875"
"11878400","4587.56591796875","4587.56591796875","4587.56591796875","6405.689453125","6405.689453125","6405.689453125","5795.89501953125","5795.89501953125","5795.89501953125"
"11929600","4795.0859375","4795.0859375","4795.0859375","7004.91162109375","7004.91162109375","7004.91162109375","5409.5078125","5409.5078125","5409.5078125"
"11980800","4527.0556640625","4527.0556640625","4527.0556640625","7209.33544921875","7209.33544921875","7209.33544921875","6056.93115234375","6056.93115234375","6056.93115234375"
"12032000","4048.26220703125","4048.26220703125","4048.26220703125","7137.91162109375","7137.91162109375","7137.91162109375","5869.63720703125","5869.63720703125","5869.63720703125"
"12083200","4248.2783203125","4248.2783203125","4248.2783203125","6441.869140625","6441.869140625","6441.869140625","4776.41357421875","4776.41357421875","4776.41357421875"
"12134400","4004.0029296875","4004.0029296875","4004.0029296875","6290.30419921875","6290.30419921875","6290.30419921875","5424.701171875","5424.701171875","5424.701171875"
"12185600","4452.44482421875","4452.44482421875","4452.44482421875","6015.7490234375","6015.7490234375","6015.7490234375","4972.5029296875","4972.5029296875","4972.5029296875"
"12236800","3750.863037109375","3750.863037109375","3750.863037109375","6186.97216796875","6186.97216796875","6186.97216796875","4936.8427734375","4936.8427734375","4936.8427734375"
"12288000","3694.4990234375","3694.4990234375","3694.4990234375","6542.3515625","6542.3515625","6542.3515625","4057.527099609375","4057.527099609375","4057.527099609375"
"12339200","4210.88916015625","4210.88916015625","4210.88916015625","6496.88134765625","6496.88134765625","6496.88134765625","4355.79345703125","4355.79345703125","4355.79345703125"
"12390400","3930.4296875","3930.4296875","3930.4296875","6510.283203125","6510.283203125","6510.283203125","4408.5244140625","4408.5244140625","4408.5244140625"
"12441600","3642.814208984375","3642.814208984375","3642.814208984375","5574.93994140625","5574.93994140625","5574.93994140625","4333.07421875","4333.07421875","4333.07421875"
"12492800","3656.98681640625","3656.98681640625","3656.98681640625","6097.2373046875","6097.2373046875","6097.2373046875","5589.84033203125","5589.84033203125","5589.84033203125"
"12544000","4132.90380859375","4132.90380859375","4132.90380859375","6512.6962890625","6512.6962890625","6512.6962890625","5244.22607421875","5244.22607421875","5244.22607421875"
"12595200","4439.25634765625","4439.25634765625","4439.25634765625","6544.41796875","6544.41796875","6544.41796875","4756.060546875","4756.060546875","4756.060546875"
"12646400","4849.7255859375","4849.7255859375","4849.7255859375","6298.25732421875","6298.25732421875","6298.25732421875","5528.96630859375","5528.96630859375","5528.96630859375"
"12697600","4722.8798828125","4722.8798828125","4722.8798828125","6701.9150390625","6701.9150390625","6701.9150390625","4905.0537109375","4905.0537109375","4905.0537109375"
"12748800","4984.6337890625","4984.6337890625","4984.6337890625","6987.90087890625","6987.90087890625","6987.90087890625","5419.00537109375","5419.00537109375","5419.00537109375"
"12800000","4603.91845703125","4603.91845703125","4603.91845703125","7417.55126953125","7417.55126953125","7417.55126953125","5382.765625","5382.765625","5382.765625"
"12851200","4983.37841796875","4983.37841796875","4983.37841796875","7562.8193359375","7562.8193359375","7562.8193359375","5564.3310546875","5564.3310546875","5564.3310546875"
"12902400","5094.9130859375","5094.9130859375","5094.9130859375","6845.60595703125","6845.60595703125","6845.60595703125","5875.46435546875","5875.46435546875","5875.46435546875"
"12953600","5690.71240234375","5690.71240234375","5690.71240234375","6303.82373046875","6303.82373046875","6303.82373046875","5475.03857421875","5475.03857421875","5475.03857421875"
"13004800","5744.73193359375","5744.73193359375","5744.73193359375","6338.42236328125","6338.42236328125","6338.42236328125","5950.31005859375","5950.31005859375","5950.31005859375"
"13056000","6116.58740234375","6116.58740234375","6116.58740234375","6894.71728515625","6894.71728515625","6894.71728515625","5975.91845703125","5975.91845703125","5975.91845703125"
"13107200","5599.5302734375","5599.5302734375","5599.5302734375","6992.6806640625","6992.6806640625","6992.6806640625","6432.7734375","6432.7734375","6432.7734375"
"13158400","5784.0673828125","5784.0673828125","5784.0673828125","7370.79443359375","7370.79443359375","7370.79443359375","6787.060546875","6787.060546875","6787.060546875"
"13209600","6359.26171875","6359.26171875","6359.26171875","7432.5927734375","7432.5927734375","7432.5927734375","6897.353515625","6897.353515625","6897.353515625"
"13260800","6422.5869140625","6422.5869140625","6422.5869140625","7584.857421875","7584.857421875","7584.857421875","6172.9560546875","6172.9560546875","6172.9560546875"
"13312000","4544.9072265625","4544.9072265625","4544.9072265625","7745.66845703125","7745.66845703125","7745.66845703125","6402.0244140625","6402.0244140625","6402.0244140625"
"13363200","3882.1953125","3882.1953125","3882.1953125","7657.39794921875","7657.39794921875","7657.39794921875","6770.2890625","6770.2890625","6770.2890625"
"13414400","5087.6240234375","5087.6240234375","5087.6240234375","6995.84375","6995.84375","6995.84375","6794.7978515625","6794.7978515625","6794.7978515625"
"13465600","5721.4912109375","5721.4912109375","5721.4912109375","6265.0302734375","6265.0302734375","6265.0302734375","6353.203125","6353.203125","6353.203125"
"13516800","6434.40087890625","6434.40087890625","6434.40087890625","6443.0546875","6443.0546875","6443.0546875","6260.13134765625","6260.13134765625","6260.13134765625"
"13568000","6447.7587890625","6447.7587890625","6447.7587890625","6488.7177734375","6488.7177734375","6488.7177734375","6474.29150390625","6474.29150390625","6474.29150390625"
"13619200","6737.34814453125","6737.34814453125","6737.34814453125","5819.2861328125","5819.2861328125","5819.2861328125","6898.7705078125","6898.7705078125","6898.7705078125"
"13670400","6866.96875","6866.96875","6866.96875","6122.37939453125","6122.37939453125","6122.37939453125","6637.0244140625","6637.0244140625","6637.0244140625"
"13721600","6948.6552734375","6948.6552734375","6948.6552734375","6288.5458984375","6288.5458984375","6288.5458984375","6653.830078125","6653.830078125","6653.830078125"
"13772800","6826.39794921875","6826.39794921875","6826.39794921875","6118.20849609375","6118.20849609375","6118.20849609375","7214.18603515625","7214.18603515625","7214.18603515625"
"13824000","6844.68408203125","6844.68408203125","6844.68408203125","5804.376953125","5804.376953125","5804.376953125","7422.84912109375","7422.84912109375","7422.84912109375"
"13875200","6927.7255859375","6927.7255859375","6927.7255859375","6109.80810546875","6109.80810546875","6109.80810546875","7660.4755859375","7660.4755859375","7660.4755859375"
"13926400","6815.0517578125","6815.0517578125","6815.0517578125","6366.43505859375","6366.43505859375","6366.43505859375","7547.91357421875","7547.91357421875","7547.91357421875"
"13977600","6872.0166015625","6872.0166015625","6872.0166015625","6862.03173828125","6862.03173828125","6862.03173828125","7512.2705078125","7512.2705078125","7512.2705078125"
"14028800","5779.009765625","5779.009765625","5779.009765625","7173.7236328125","7173.7236328125","7173.7236328125","7015.52294921875","7015.52294921875","7015.52294921875"
"14080000","6190.05908203125","6190.05908203125","6190.05908203125","6834.45654296875","6834.45654296875","6834.45654296875","6652.20166015625","6652.20166015625","6652.20166015625"
"14131200","5792.57275390625","5792.57275390625","5792.57275390625","7309.26904296875","7309.26904296875","7309.26904296875","6987.64501953125","6987.64501953125","6987.64501953125"
"14182400","6516.416015625","6516.416015625","6516.416015625","6712.8984375","6712.8984375","6712.8984375","6930.5341796875","6930.5341796875","6930.5341796875"
"14233600","6714.05810546875","6714.05810546875","6714.05810546875","6510.87060546875","6510.87060546875","6510.87060546875","7085.97802734375","7085.97802734375","7085.97802734375"
"14284800","6863.205078125","6863.205078125","6863.205078125","6666.271484375","6666.271484375","6666.271484375","7437.22412109375","7437.22412109375","7437.22412109375"
"14336000","6909.37109375","6909.37109375","6909.37109375","7207.9716796875","7207.9716796875","7207.9716796875","7349.3896484375","7349.3896484375","7349.3896484375"
"14387200","6906.13037109375","6906.13037109375","6906.13037109375","7440.55908203125","7440.55908203125","7440.55908203125","7538.27490234375","7538.27490234375","7538.27490234375"
"14438400","6609.48876953125","6609.48876953125","6609.48876953125","7763.6240234375","7763.6240234375","7763.6240234375","7532.92529296875","7532.92529296875","7532.92529296875"
"14489600","6094.251953125","6094.251953125","6094.251953125","7862.33154296875","7862.33154296875","7862.33154296875","7213.654296875","7213.654296875","7213.654296875"
"14540800","5810.873046875","5810.873046875","5810.873046875","7894.36279296875","7894.36279296875","7894.36279296875","7480.6259765625","7480.6259765625","7480.6259765625"
"14592000","5625.3955078125","5625.3955078125","5625.3955078125","7748.63427734375","7748.63427734375","7748.63427734375","7818.2900390625","7818.2900390625","7818.2900390625"
"14643200","5427.84228515625","5427.84228515625","5427.84228515625","7804.45654296875","7804.45654296875","7804.45654296875","7707.84814453125","7707.84814453125","7707.84814453125"
"14694400","5887.9228515625","5887.9228515625","5887.9228515625","7438.64404296875","7438.64404296875","7438.64404296875","7741.52001953125","7741.52001953125","7741.52001953125"
"14745600","6707.076171875","6707.076171875","6707.076171875","7292.6025390625","7292.6025390625","7292.6025390625","8031.5244140625","8031.5244140625","8031.5244140625"
"14796800","6767.32373046875","6767.32373046875","6767.32373046875","7090.70166015625","7090.70166015625","7090.70166015625","8270.0126953125","8270.0126953125","8270.0126953125"
"14848000","6885.9306640625","6885.9306640625","6885.9306640625","7011.27001953125","7011.27001953125","7011.27001953125","7189.70361328125","7189.70361328125","7189.70361328125"
"14899200","6888.28466796875","6888.28466796875","6888.28466796875","6709.18310546875","6709.18310546875","6709.18310546875","6791.64599609375","6791.64599609375","6791.64599609375"
"14950400","7122.31689453125","7122.31689453125","7122.31689453125","7152.8310546875","7152.8310546875","7152.8310546875","7121.26904296875","7121.26904296875","7121.26904296875"
"15001600","6972.69482421875","6972.69482421875","6972.69482421875","7451.35986328125","7451.35986328125","7451.35986328125","6626.77294921875","6626.77294921875","6626.77294921875"
"15052800","7031.9921875","7031.9921875","7031.9921875","7658.79541015625","7658.79541015625","7658.79541015625","6273.2431640625","6273.2431640625","6273.2431640625"
"15104000","7201.697265625","7201.697265625","7201.697265625","7756.18994140625","7756.18994140625","7756.18994140625","5560.66943359375","5560.66943359375","5560.66943359375"
"15155200","7260.35693359375","7260.35693359375","7260.35693359375","7862.42431640625","7862.42431640625","7862.42431640625","5240.8017578125","5240.8017578125","5240.8017578125"
"15206400","6908.255859375","6908.255859375","6908.255859375","7723.96240234375","7723.96240234375","7723.96240234375","5920.52001953125","5920.52001953125","5920.52001953125"
"15257600","7230.91162109375","7230.91162109375","7230.91162109375","7734.0322265625","7734.0322265625","7734.0322265625","6024.0947265625","6024.0947265625","6024.0947265625"
"15308800","7269.56005859375","7269.56005859375","7269.56005859375","7694.328125","7694.328125","7694.328125","6674.748046875","6674.748046875","6674.748046875"
"15360000","7264.1748046875","7264.1748046875","7264.1748046875","7678.30419921875","7678.30419921875","7678.30419921875","6765.8671875","6765.8671875","6765.8671875"