"Step","PWM_AntEnv_sweep_2 - rewards","PWM_AntEnv_sweep_2 - rewards__MIN","PWM_AntEnv_sweep_2 - rewards__MAX","PWM_AntEnv_sweep_1 - rewards","PWM_AntEnv_sweep_1 - rewards__MIN","PWM_AntEnv_sweep_1 - rewards__MAX","PWM_AntEnv_sweep_0 - rewards","PWM_AntEnv_sweep_0 - rewards__MIN","PWM_AntEnv_sweep_0 - rewards__MAX"
"102400","106.26438903808594","106.26438903808594","106.26438903808594","41.10512161254883","41.10512161254883","41.10512161254883","177.2946014404297","177.2946014404297","177.2946014404297"
"204800","38.18666076660156","38.18666076660156","38.18666076660156","22.596561431884766","22.596561431884766","22.596561431884766","28.1169376373291","28.1169376373291","28.1169376373291"
"307200","33.30625534057617","33.30625534057617","33.30625534057617","31.10905647277832","31.10905647277832","31.10905647277832","37.0670280456543","37.0670280456543","37.0670280456543"
"409600","35.04285430908203","35.04285430908203","35.04285430908203","32.78956604003906","32.78956604003906","32.78956604003906","33.26024627685547","33.26024627685547","33.26024627685547"
"512000","34.724342346191406","34.724342346191406","34.724342346191406","32.06527328491211","32.06527328491211","32.06527328491211","44.103816986083984","44.103816986083984","44.103816986083984"
"614400","32.79140853881836","32.79140853881836","32.79140853881836","33.172325134277344","33.172325134277344","33.172325134277344","34.08066177368164","34.08066177368164","34.08066177368164"
"716800","34.50416564941406","34.50416564941406","34.50416564941406","34.614830017089844","34.614830017089844","34.614830017089844","33.472740173339844","33.472740173339844","33.472740173339844"
"819200","34.832420349121094","34.832420349121094","34.832420349121094","35.54505157470703","35.54505157470703","35.54505157470703","34.012168884277344","34.012168884277344","34.012168884277344"
"921600","37.826148986816406","37.826148986816406","37.826148986816406","35.11841583251953","35.11841583251953","35.11841583251953","34.5394172668457","34.5394172668457","34.5394172668457"
"1024000","35.405513763427734","35.405513763427734","35.405513763427734","35.10334014892578","35.10334014892578","35.10334014892578","35.290035247802734","35.290035247802734","35.290035247802734"
"1126400","37.644779205322266","37.644779205322266","37.644779205322266","35.97013473510742","35.97013473510742","35.97013473510742","36.394371032714844","36.394371032714844","36.394371032714844"
"1228800","36.76703643798828","36.76703643798828","36.76703643798828","36.38731002807617","36.38731002807617","36.38731002807617","36.73782730102539","36.73782730102539","36.73782730102539"
"1331200","36.086360931396484","36.086360931396484","36.086360931396484","35.21786880493164","35.21786880493164","35.21786880493164","40.47248458862305","40.47248458862305","40.47248458862305"
"1433600","35.68769073486328","35.68769073486328","35.68769073486328","32.19061279296875","32.19061279296875","32.19061279296875","38.463932037353516","38.463932037353516","38.463932037353516"
"1536000","37.21961212158203","37.21961212158203","37.21961212158203","34.540611267089844","34.540611267089844","34.540611267089844","45.68741226196289","45.68741226196289","45.68741226196289"
"1638400","36.4111213684082","36.4111213684082","36.4111213684082","34.53752899169922","34.53752899169922","34.53752899169922","34.79082107543945","34.79082107543945","34.79082107543945"
"1740800","37.47654342651367","37.47654342651367","37.47654342651367","35.760189056396484","35.760189056396484","35.760189056396484","35.30134201049805","35.30134201049805","35.30134201049805"
"1843200","38.4799690246582","38.4799690246582","38.4799690246582","33.32659912109375","33.32659912109375","33.32659912109375","35.98434066772461","35.98434066772461","35.98434066772461"
"1945600","44.07680130004883","44.07680130004883","44.07680130004883","33.62750244140625","33.62750244140625","33.62750244140625","42.05588150024414","42.05588150024414","42.05588150024414"
"2048000","46.826904296875","46.826904296875","46.826904296875","37.488651275634766","37.488651275634766","37.488651275634766","37.22312927246094","37.22312927246094","37.22312927246094"
"2150400","33.70113754272461","33.70113754272461","33.70113754272461","34.030757904052734","34.030757904052734","34.030757904052734","37.49701690673828","37.49701690673828","37.49701690673828"
"2252800","36.69861602783203","36.69861602783203","36.69861602783203","34.63579559326172","34.63579559326172","34.63579559326172","37.32735824584961","37.32735824584961","37.32735824584961"
"2355200","35.292694091796875","35.292694091796875","35.292694091796875","37.80814743041992","37.80814743041992","37.80814743041992","39.55785369873047","39.55785369873047","39.55785369873047"
"2457600","35.83612060546875","35.83612060546875","35.83612060546875","36.74922180175781","36.74922180175781","36.74922180175781","39.808536529541016","39.808536529541016","39.808536529541016"
"2560000","37.92232894897461","37.92232894897461","37.92232894897461","36.12802505493164","36.12802505493164","36.12802505493164","48.1328010559082","48.1328010559082","48.1328010559082"
"2662400","38.03506851196289","38.03506851196289","38.03506851196289","42.69423294067383","42.69423294067383","42.69423294067383","39.86404800415039","39.86404800415039","39.86404800415039"
"2764800","43.684730529785156","43.684730529785156","43.684730529785156","39.86135482788086","39.86135482788086","39.86135482788086","53.14046096801758","53.14046096801758","53.14046096801758"
"2867200","43.23566818237305","43.23566818237305","43.23566818237305","36.25246810913086","36.25246810913086","36.25246810913086","41.37832260131836","41.37832260131836","41.37832260131836"
"2969600","50.44607162475586","50.44607162475586","50.44607162475586","45.01431655883789","45.01431655883789","45.01431655883789","43.034969329833984","43.034969329833984","43.034969329833984"
"3072000","46.85264587402344","46.85264587402344","46.85264587402344","42.55166244506836","42.55166244506836","42.55166244506836","41.21650314331055","41.21650314331055","41.21650314331055"
"3174400","63.121337890625","63.121337890625","63.121337890625","37.16014862060547","37.16014862060547","37.16014862060547","53.440452575683594","53.440452575683594","53.440452575683594"
"3276800","50.14072799682617","50.14072799682617","50.14072799682617","41.462581634521484","41.462581634521484","41.462581634521484","36.51771926879883","36.51771926879883","36.51771926879883"
"3379200","41.71005630493164","41.71005630493164","41.71005630493164","44.099754333496094","44.099754333496094","44.099754333496094","44.26494216918945","44.26494216918945","44.26494216918945"
"3481600","53.84639358520508","53.84639358520508","53.84639358520508","38.091548919677734","38.091548919677734","38.091548919677734","39.948509216308594","39.948509216308594","39.948509216308594"
"3584000","46.77273941040039","46.77273941040039","46.77273941040039","39.06052780151367","39.06052780151367","39.06052780151367","49.39515686035156","49.39515686035156","49.39515686035156"
"3686400","56.10261917114258","56.10261917114258","56.10261917114258","37.162132263183594","37.162132263183594","37.162132263183594","54.07234191894531","54.07234191894531","54.07234191894531"
"3788800","48.867591857910156","48.867591857910156","48.867591857910156","39.254066467285156","39.254066467285156","39.254066467285156","62.8824577331543","62.8824577331543","62.8824577331543"
"3891200","54.49457550048828","54.49457550048828","54.49457550048828","49.72823715209961","49.72823715209961","49.72823715209961","49.352699279785156","49.352699279785156","49.352699279785156"
"3993600","51.72738265991211","51.72738265991211","51.72738265991211","47.74959945678711","47.74959945678711","47.74959945678711","49.64638137817383","49.64638137817383","49.64638137817383"
"4096000","54.706546783447266","54.706546783447266","54.706546783447266","44.48777770996094","44.48777770996094","44.48777770996094","55.12647247314453","55.12647247314453","55.12647247314453"
"4198400","55.83880615234375","55.83880615234375","55.83880615234375","66.49776458740234","66.49776458740234","66.49776458740234","48.798828125","48.798828125","48.798828125"
"4300800","57.843994140625","57.843994140625","57.843994140625","50.56553268432617","50.56553268432617","50.56553268432617","56.233734130859375","56.233734130859375","56.233734130859375"
"4403200","54.13096237182617","54.13096237182617","54.13096237182617","46.43074417114258","46.43074417114258","46.43074417114258","46.938899993896484","46.938899993896484","46.938899993896484"
"4505600","84.02448272705078","84.02448272705078","84.02448272705078","48.04453659057617","48.04453659057617","48.04453659057617","49.98004150390625","49.98004150390625","49.98004150390625"
"4608000","46.13992691040039","46.13992691040039","46.13992691040039","56.381317138671875","56.381317138671875","56.381317138671875","54.18294906616211","54.18294906616211","54.18294906616211"
"4710400","54.607421875","54.607421875","54.607421875","64.14053344726562","64.14053344726562","64.14053344726562","59.98426055908203","59.98426055908203","59.98426055908203"
"4812800","53.96247863769531","53.96247863769531","53.96247863769531","51.78608322143555","51.78608322143555","51.78608322143555","45.35117721557617","45.35117721557617","45.35117721557617"
"4915200","60.5610466003418","60.5610466003418","60.5610466003418","64.15396118164062","64.15396118164062","64.15396118164062","51.1865119934082","51.1865119934082","51.1865119934082"
"5017600","59.85345458984375","59.85345458984375","59.85345458984375","59.31888198852539","59.31888198852539","59.31888198852539","50.01061248779297","50.01061248779297","50.01061248779297"
"5120000","64.29467010498047","64.29467010498047","64.29467010498047","69.59685516357422","69.59685516357422","69.59685516357422","50.7646484375","50.7646484375","50.7646484375"
"5222400","53.224212646484375","53.224212646484375","53.224212646484375","72.9112319946289","72.9112319946289","72.9112319946289","55.78644561767578","55.78644561767578","55.78644561767578"
"5324800","65.6795883178711","65.6795883178711","65.6795883178711","73.15652465820312","73.15652465820312","73.15652465820312","52.113739013671875","52.113739013671875","52.113739013671875"
"5427200","72.17715454101562","72.17715454101562","72.17715454101562","80.77781677246094","80.77781677246094","80.77781677246094","62.364715576171875","62.364715576171875","62.364715576171875"
"5529600","68.18195343017578","68.18195343017578","68.18195343017578","83.30679321289062","83.30679321289062","83.30679321289062","55.88847351074219","55.88847351074219","55.88847351074219"
"5632000","72.28093719482422","72.28093719482422","72.28093719482422","95.79220581054688","95.79220581054688","95.79220581054688","52.84717559814453","52.84717559814453","52.84717559814453"
"5734400","85.05570220947266","85.05570220947266","85.05570220947266","85.82914733886719","85.82914733886719","85.82914733886719","53.85038757324219","53.85038757324219","53.85038757324219"
"5836800","79.54652404785156","79.54652404785156","79.54652404785156","102.17526245117188","102.17526245117188","102.17526245117188","55.503318786621094","55.503318786621094","55.503318786621094"
"5939200","88.56463623046875","88.56463623046875","88.56463623046875","96.76661682128906","96.76661682128906","96.76661682128906","51.92277145385742","51.92277145385742","51.92277145385742"
"6041600","82.41071319580078","82.41071319580078","82.41071319580078","98.74854278564453","98.74854278564453","98.74854278564453","57.14350509643555","57.14350509643555","57.14350509643555"
"6144000","81.7768325805664","81.7768325805664","81.7768325805664","96.80032348632812","96.80032348632812","96.80032348632812","56.4649543762207","56.4649543762207","56.4649543762207"
"6246400","94.10494232177734","94.10494232177734","94.10494232177734","98.9898681640625","98.9898681640625","98.9898681640625","53.435546875","53.435546875","53.435546875"
"6348800","102.64693450927734","102.64693450927734","102.64693450927734","104.7706527709961","104.7706527709961","104.7706527709961","57.332401275634766","57.332401275634766","57.332401275634766"
"6451200","101.11495971679688","101.11495971679688","101.11495971679688","106.84791564941406","106.84791564941406","106.84791564941406","67.40387725830078","67.40387725830078","67.40387725830078"
"6553600","103.88668823242188","103.88668823242188","103.88668823242188","99.35858154296875","99.35858154296875","99.35858154296875","58.81768798828125","58.81768798828125","58.81768798828125"
"6656000","110.1827392578125","110.1827392578125","110.1827392578125","106.16905212402344","106.16905212402344","106.16905212402344","56.96541976928711","56.96541976928711","56.96541976928711"
"6758400","119.97178649902344","119.97178649902344","119.97178649902344","105.42103576660156","105.42103576660156","105.42103576660156","54.26165771484375","54.26165771484375","54.26165771484375"
"6860800","121.47991943359375","121.47991943359375","121.47991943359375","111.93858337402344","111.93858337402344","111.93858337402344","63.29188919067383","63.29188919067383","63.29188919067383"
"6963200","126.75308227539062","126.75308227539062","126.75308227539062","118.25765991210938","118.25765991210938","118.25765991210938","56.8714599609375","56.8714599609375","56.8714599609375"
"7065600","136.47933959960938","136.47933959960938","136.47933959960938","137.19070434570312","137.19070434570312","137.19070434570312","60.04794692993164","60.04794692993164","60.04794692993164"
"7168000","147.44288635253906","147.44288635253906","147.44288635253906","142.88894653320312","142.88894653320312","142.88894653320312","58.07366943359375","58.07366943359375","58.07366943359375"
"7270400","156.11607360839844","156.11607360839844","156.11607360839844","184.83294677734375","184.83294677734375","184.83294677734375","58.06953048706055","58.06953048706055","58.06953048706055"
"7372800","225.87098693847656","225.87098693847656","225.87098693847656","200.94290161132812","200.94290161132812","200.94290161132812","62.73472595214844","62.73472595214844","62.73472595214844"
"7475200","260.37408447265625","260.37408447265625","260.37408447265625","207.5825958251953","207.5825958251953","207.5825958251953","59.411067962646484","59.411067962646484","59.411067962646484"
"7577600","267.4252014160156","267.4252014160156","267.4252014160156","293.93438720703125","293.93438720703125","293.93438720703125","80.27265167236328","80.27265167236328","80.27265167236328"
"7680000","436.3701477050781","436.3701477050781","436.3701477050781","444.22613525390625","444.22613525390625","444.22613525390625","78.76985931396484","78.76985931396484","78.76985931396484"
"7782400","455.14556884765625","455.14556884765625","455.14556884765625","618.63427734375","618.63427734375","618.63427734375","108.367431640625","108.367431640625","108.367431640625"
"7884800","883.637451171875","883.637451171875","883.637451171875","1084.9307861328125","1084.9307861328125","1084.9307861328125","103.65625762939453","103.65625762939453","103.65625762939453"
"7987200","1569.8233642578125","1569.8233642578125","1569.8233642578125","1690.680908203125","1690.680908203125","1690.680908203125","147.412353515625","147.412353515625","147.412353515625"
"8089600","2236.212890625","2236.212890625","2236.212890625","1800.28466796875","1800.28466796875","1800.28466796875","334.1346740722656","334.1346740722656","334.1346740722656"
"8192000","2538.470947265625","2538.470947265625","2538.470947265625","1992.675537109375","1992.675537109375","1992.675537109375","644.9020385742188","644.9020385742188","644.9020385742188"
"8294400","2817.195556640625","2817.195556640625","2817.195556640625","1862.03125","1862.03125","1862.03125","1290.77392578125","1290.77392578125","1290.77392578125"
"8396800","2981.399658203125","2981.399658203125","2981.399658203125","1534.4962158203125","1534.4962158203125","1534.4962158203125","1040.4644775390625","1040.4644775390625","1040.4644775390625"
"8499200","3092.94970703125","3092.94970703125","3092.94970703125","1931.7874755859375","1931.7874755859375","1931.7874755859375","723.1499633789062","723.1499633789062","723.1499633789062"
"8601600","2687.618408203125","2687.618408203125","2687.618408203125","2341.3486328125","2341.3486328125","2341.3486328125","511.237060546875","511.237060546875","511.237060546875"
"8704000","2973.819580078125","2973.819580078125","2973.819580078125","2914.49951171875","2914.49951171875","2914.49951171875","675.1239013671875","675.1239013671875","675.1239013671875"
"8806400","3256.0546875","3256.0546875","3256.0546875","3205.12158203125","3205.12158203125","3205.12158203125","778.8995361328125","778.8995361328125","778.8995361328125"
"8908800","2998.743408203125","2998.743408203125","2998.743408203125","3316.826904296875","3316.826904296875","3316.826904296875","2560.650146484375","2560.650146484375","2560.650146484375"
"9011200","3593.07177734375","3593.07177734375","3593.07177734375","3554.2685546875","3554.2685546875","3554.2685546875","2801.02587890625","2801.02587890625","2801.02587890625"
"9113600","3740.72998046875","3740.72998046875","3740.72998046875","3547.225830078125","3547.225830078125","3547.225830078125","3057.864990234375","3057.864990234375","3057.864990234375"
"9216000","3732.411376953125","3732.411376953125","3732.411376953125","3519.251220703125","3519.251220703125","3519.251220703125","3276.60302734375","3276.60302734375","3276.60302734375"
"9318400","3832.787841796875","3832.787841796875","3832.787841796875","2941.387451171875","2941.387451171875","2941.387451171875","3442.53564453125","3442.53564453125","3442.53564453125"
"9420800","3987.220458984375","3987.220458984375","3987.220458984375","3174.7734375","3174.7734375","3174.7734375","3135.4609375","3135.4609375","3135.4609375"
"9523200","4163.30810546875","4163.30810546875","4163.30810546875","3354.427001953125","3354.427001953125","3354.427001953125","3291.634521484375","3291.634521484375","3291.634521484375"
"9625600","4180.89697265625","4180.89697265625","4180.89697265625","3696.585205078125","3696.585205078125","3696.585205078125","3675.177490234375","3675.177490234375","3675.177490234375"
"9728000","4026.764892578125","4026.764892578125","4026.764892578125","3509.77587890625","3509.77587890625","3509.77587890625","3858.340576171875","3858.340576171875","3858.340576171875"
"9830400","4061.87890625","4061.87890625","4061.87890625","3676.1396484375","3676.1396484375","3676.1396484375","3830.161865234375","3830.161865234375","3830.161865234375"
"9932800","4174.63525390625","4174.63525390625","4174.63525390625","4137.40869140625","4137.40869140625","4137.40869140625","3675.35595703125","3675.35595703125","3675.35595703125"
"10035200","4255.392578125","4255.392578125","4255.392578125","4279.830078125","4279.830078125","4279.830078125","3836.9453125","3836.9453125","3836.9453125"
"10137600","4239.76904296875","4239.76904296875","4239.76904296875","4406.31787109375","4406.31787109375","4406.31787109375","3683.258056640625","3683.258056640625","3683.258056640625"
"10240000","4152.5380859375","4152.5380859375","4152.5380859375","4511.58203125","4511.58203125","4511.58203125","3686.794189453125","3686.794189453125","3686.794189453125"
"10342400","4025.618408203125","4025.618408203125","4025.618408203125","4357.212890625","4357.212890625","4357.212890625","4069.2646484375","4069.2646484375","4069.2646484375"
"10444800","4191.27001953125","4191.27001953125","4191.27001953125","4379.34912109375","4379.34912109375","4379.34912109375","4329.9833984375","4329.9833984375","4329.9833984375"
"10547200","4053.303955078125","4053.303955078125","4053.303955078125","4592.29541015625","4592.29541015625","4592.29541015625","4464.189453125","4464.189453125","4464.189453125"
"10649600","4196.00048828125","4196.00048828125","4196.00048828125","4626.84326171875","4626.84326171875","4626.84326171875","4525.865234375","4525.865234375","4525.865234375"
"10752000","4280.8154296875","4280.8154296875","4280.8154296875","4334.72412109375","4334.72412109375","4334.72412109375","4310.9521484375","4310.9521484375","4310.9521484375"
"10854400","4352.3759765625","4352.3759765625","4352.3759765625","4100.30126953125","4100.30126953125","4100.30126953125","4571.99658203125","4571.99658203125","4571.99658203125"
"10956800","4387.60546875","4387.60546875","4387.60546875","4268.81103515625","4268.81103515625","4268.81103515625","4698.16064453125","4698.16064453125","4698.16064453125"
"11059200","4481.2509765625","4481.2509765625","4481.2509765625","4215.40771484375","4215.40771484375","4215.40771484375","4753.2353515625","4753.2353515625","4753.2353515625"
"11161600","4442.59423828125","4442.59423828125","4442.59423828125","4542.9599609375","4542.9599609375","4542.9599609375","4711.78955078125","4711.78955078125","4711.78955078125"
"11264000","4488.78173828125","4488.78173828125","4488.78173828125","4678.298828125","4678.298828125","4678.298828125","4642.87646484375","4642.87646484375","4642.87646484375"
"11366400","4605.6103515625","4605.6103515625","4605.6103515625","4783.9384765625","4783.9384765625","4783.9384765625","4664.6748046875","4664.6748046875","4664.6748046875"
"11468800","4605.87744140625","4605.87744140625","4605.87744140625","4716.158203125","4716.158203125","4716.158203125","4802.84716796875","4802.84716796875","4802.84716796875"
"11571200","3580.95751953125","3580.95751953125","3580.95751953125","4812.6552734375","4812.6552734375","4812.6552734375","4799.85791015625","4799.85791015625","4799.85791015625"
"11673600","3555.85302734375","3555.85302734375","3555.85302734375","4889.34912109375","4889.34912109375","4889.34912109375","4873.70166015625","4873.70166015625","4873.70166015625"
"11776000","4320.609375","4320.609375","4320.609375","4870.84130859375","4870.84130859375","4870.84130859375","4906.3662109375","4906.3662109375","4906.3662109375"
"11878400","4703.63818359375","4703.63818359375","4703.63818359375","4807.84912109375","4807.84912109375","4807.84912109375","4868.4970703125","4868.4970703125","4868.4970703125"
"11980800","5035.20849609375","5035.20849609375","5035.20849609375","4942.85791015625","4942.85791015625","4942.85791015625","4949.728515625","4949.728515625","4949.728515625"
"12083200","5047.80810546875","5047.80810546875","5047.80810546875","4889.76513671875","4889.76513671875","4889.76513671875","4863.625","4863.625","4863.625"
"12185600","4735.13916015625","4735.13916015625","4735.13916015625","4953.9462890625","4953.9462890625","4953.9462890625","4912.921875","4912.921875","4912.921875"
"12288000","4643.2001953125","4643.2001953125","4643.2001953125","4864.3837890625","4864.3837890625","4864.3837890625","4421.97705078125","4421.97705078125","4421.97705078125"
"12390400","4684.76123046875","4684.76123046875","4684.76123046875","4861.21875","4861.21875","4861.21875","4693.8984375","4693.8984375","4693.8984375"
"12492800","4920.70849609375","4920.70849609375","4920.70849609375","4994.1396484375","4994.1396484375","4994.1396484375","4798.80859375","4798.80859375","4798.80859375"
"12595200","5105.4365234375","5105.4365234375","5105.4365234375","5001.9697265625","5001.9697265625","5001.9697265625","4699.54736328125","4699.54736328125","4699.54736328125"
"12697600","5187.1357421875","5187.1357421875","5187.1357421875","5015.2138671875","5015.2138671875","5015.2138671875","4806.158203125","4806.158203125","4806.158203125"
"12800000","5003.283203125","5003.283203125","5003.283203125","5062.65771484375","5062.65771484375","5062.65771484375","4894.78271484375","4894.78271484375","4894.78271484375"
"12902400","5125.88916015625","5125.88916015625","5125.88916015625","5057.2568359375","5057.2568359375","5057.2568359375","4862.9921875","4862.9921875","4862.9921875"
"13004800","5350.86572265625","5350.86572265625","5350.86572265625","5074.29248046875","5074.29248046875","5074.29248046875","5002.12255859375","5002.12255859375","5002.12255859375"
"13107200","5328.7041015625","5328.7041015625","5328.7041015625","5082.5927734375","5082.5927734375","5082.5927734375","4913.5126953125","4913.5126953125","4913.5126953125"
"13209600","5272.07666015625","5272.07666015625","5272.07666015625","5112.20361328125","5112.20361328125","5112.20361328125","4994.02783203125","4994.02783203125","4994.02783203125"
"13312000","5334.36669921875","5334.36669921875","5334.36669921875","5099.712890625","5099.712890625","5099.712890625","5054.17529296875","5054.17529296875","5054.17529296875"
"13414400","5389.65478515625","5389.65478515625","5389.65478515625","5012.5185546875","5012.5185546875","5012.5185546875","5018.45654296875","5018.45654296875","5018.45654296875"
"13516800","5275.955078125","5275.955078125","5275.955078125","5089.04248046875","5089.04248046875","5089.04248046875","5108.974609375","5108.974609375","5108.974609375"
"13619200","5177.3623046875","5177.3623046875","5177.3623046875","5157.8203125","5157.8203125","5157.8203125","5026.0029296875","5026.0029296875","5026.0029296875"
"13721600","5062.15966796875","5062.15966796875","5062.15966796875","5173.89501953125","5173.89501953125","5173.89501953125","4954.17626953125","4954.17626953125","4954.17626953125"
"13824000","5138.49853515625","5138.49853515625","5138.49853515625","5165.09228515625","5165.09228515625","5165.09228515625","4940.3466796875","4940.3466796875","4940.3466796875"
"13926400","5311.34619140625","5311.34619140625","5311.34619140625","5043.14013671875","5043.14013671875","5043.14013671875","4973.8623046875","4973.8623046875","4973.8623046875"
"14028800","5366.86474609375","5366.86474609375","5366.86474609375","4968.73095703125","4968.73095703125","4968.73095703125","5070.78369140625","5070.78369140625","5070.78369140625"
"14131200","5267.1337890625","5267.1337890625","5267.1337890625","4916.0849609375","4916.0849609375","4916.0849609375","5085.37060546875","5085.37060546875","5085.37060546875"
"14233600","5373.81982421875","5373.81982421875","5373.81982421875","4997.6982421875","4997.6982421875","4997.6982421875","5086.2734375","5086.2734375","5086.2734375"
"14336000","5132.4833984375","5132.4833984375","5132.4833984375","4940.27001953125","4940.27001953125","4940.27001953125","5073.953125","5073.953125","5073.953125"
"14438400","5278.17724609375","5278.17724609375","5278.17724609375","5088.37158203125","5088.37158203125","5088.37158203125","5116.85888671875","5116.85888671875","5116.85888671875"
"14540800","5313.4521484375","5313.4521484375","5313.4521484375","5138.03662109375","5138.03662109375","5138.03662109375","5097.31591796875","5097.31591796875","5097.31591796875"
"14643200","5364.875","5364.875","5364.875","5136.18994140625","5136.18994140625","5136.18994140625","5059.46435546875","5059.46435546875","5059.46435546875"
"14745600","5381.6474609375","5381.6474609375","5381.6474609375","5199.02099609375","5199.02099609375","5199.02099609375","4955.662109375","4955.662109375","4955.662109375"
"14848000","5486.9609375","5486.9609375","5486.9609375","5224.18408203125","5224.18408203125","5224.18408203125","5065.380859375","5065.380859375","5065.380859375"
"14950400","5478.158203125","5478.158203125","5478.158203125","5118.77685546875","5118.77685546875","5118.77685546875","5131.2109375","5131.2109375","5131.2109375"
"15052800","5473.7119140625","5473.7119140625","5473.7119140625","5110.4892578125","5110.4892578125","5110.4892578125","5097.6416015625","5097.6416015625","5097.6416015625"
"15155200","5455.01806640625","5455.01806640625","5455.01806640625","5139.36328125","5139.36328125","5139.36328125","5156.19873046875","5156.19873046875","5156.19873046875"
"15257600","5466.90234375","5466.90234375","5466.90234375","5043.44287109375","5043.44287109375","5043.44287109375","5152.98291015625","5152.98291015625","5152.98291015625"
"15360000","5534.033203125","5534.033203125","5534.033203125","5077.2734375","5077.2734375","5077.2734375","5103.697265625","5103.697265625","5103.697265625"
"15462400","5598.916015625","5598.916015625","5598.916015625","5129.32373046875","5129.32373046875","5129.32373046875","5133.0927734375","5133.0927734375","5133.0927734375"
"15564800","5481.15966796875","5481.15966796875","5481.15966796875","5169.36181640625","5169.36181640625","5169.36181640625","5159.26318359375","5159.26318359375","5159.26318359375"
"15667200","5540.36181640625","5540.36181640625","5540.36181640625","5189.00146484375","5189.00146484375","5189.00146484375","5178.7236328125","5178.7236328125","5178.7236328125"
"15769600","5450.484375","5450.484375","5450.484375","5183.2412109375","5183.2412109375","5183.2412109375","5173.39306640625","5173.39306640625","5173.39306640625"
"15872000","5342.51611328125","5342.51611328125","5342.51611328125","5236.533203125","5236.533203125","5236.533203125","5159.736328125","5159.736328125","5159.736328125"
"15974400","5443.77001953125","5443.77001953125","5443.77001953125","5227.65625","5227.65625","5227.65625","5218.583984375","5218.583984375","5218.583984375"
"16076800","5506.509765625","5506.509765625","5506.509765625","5182.7119140625","5182.7119140625","5182.7119140625","5142.02197265625","5142.02197265625","5142.02197265625"
"16179200","5630.8017578125","5630.8017578125","5630.8017578125","5115.93603515625","5115.93603515625","5115.93603515625","5138.3369140625","5138.3369140625","5138.3369140625"
"16281600","5655.37939453125","5655.37939453125","5655.37939453125","5223.9609375","5223.9609375","5223.9609375","5206.943359375","5206.943359375","5206.943359375"
"16384000","5692.1865234375","5692.1865234375","5692.1865234375","5227.52685546875","5227.52685546875","5227.52685546875","5120.890625","5120.890625","5120.890625"
"16486400","5725.3505859375","5725.3505859375","5725.3505859375","5203.27294921875","5203.27294921875","5203.27294921875","5168.0888671875","5168.0888671875","5168.0888671875"
"16588800","5654.18603515625","5654.18603515625","5654.18603515625","5168.705078125","5168.705078125","5168.705078125","5084.95068359375","5084.95068359375","5084.95068359375"
"16691200","5667.8505859375","5667.8505859375","5667.8505859375","5023.99560546875","5023.99560546875","5023.99560546875","5172.85400390625","5172.85400390625","5172.85400390625"
"16793600","5635.3046875","5635.3046875","5635.3046875","5102.3544921875","5102.3544921875","5102.3544921875","5131.17724609375","5131.17724609375","5131.17724609375"
"16896000","5628.1259765625","5628.1259765625","5628.1259765625","5130.97314453125","5130.97314453125","5130.97314453125","5143.8076171875","5143.8076171875","5143.8076171875"
"16998400","5606.10693359375","5606.10693359375","5606.10693359375","5124.37548828125","5124.37548828125","5124.37548828125","5174.74169921875","5174.74169921875","5174.74169921875"
"17100800","5643.625","5643.625","5643.625","5184.634765625","5184.634765625","5184.634765625","5183.923828125","5183.923828125","5183.923828125"
"17203200","5663.955078125","5663.955078125","5663.955078125","5140","5140","5140","5171.0654296875","5171.0654296875","5171.0654296875"
"17305600","5704.9560546875","5704.9560546875","5704.9560546875","5201.77685546875","5201.77685546875","5201.77685546875","5168.79345703125","5168.79345703125","5168.79345703125"
"17408000","5671.74609375","5671.74609375","5671.74609375","5259.93798828125","5259.93798828125","5259.93798828125","5167.61474609375","5167.61474609375","5167.61474609375"
"17510400","5686.87841796875","5686.87841796875","5686.87841796875","5244.47607421875","5244.47607421875","5244.47607421875","5124.724609375","5124.724609375","5124.724609375"
"17612800","5527.99755859375","5527.99755859375","5527.99755859375","5239.14990234375","5239.14990234375","5239.14990234375","5131.21630859375","5131.21630859375","5131.21630859375"
"17715200","5586.44091796875","5586.44091796875","5586.44091796875","5210.84912109375","5210.84912109375","5210.84912109375","5089.1611328125","5089.1611328125","5089.1611328125"
"17817600","5645.35498046875","5645.35498046875","5645.35498046875","5154.2353515625","5154.2353515625","5154.2353515625","5191.3623046875","5191.3623046875","5191.3623046875"
"17920000","5579.90283203125","5579.90283203125","5579.90283203125","5225.7001953125","5225.7001953125","5225.7001953125","5217.83056640625","5217.83056640625","5217.83056640625"
"18022400","5614.29052734375","5614.29052734375","5614.29052734375","5234.39208984375","5234.39208984375","5234.39208984375","5211.41748046875","5211.41748046875","5211.41748046875"
"18124800","5562.595703125","5562.595703125","5562.595703125","5279.7607421875","5279.7607421875","5279.7607421875","5234.4326171875","5234.4326171875","5234.4326171875"
"18227200","5583.77880859375","5583.77880859375","5583.77880859375","5278.87158203125","5278.87158203125","5278.87158203125","5265.14990234375","5265.14990234375","5265.14990234375"
"18329600","5612.6083984375","5612.6083984375","5612.6083984375","5296.18603515625","5296.18603515625","5296.18603515625","5183.439453125","5183.439453125","5183.439453125"
"18432000","5609.5966796875","5609.5966796875","5609.5966796875","5223.5478515625","5223.5478515625","5223.5478515625","5232.03662109375","5232.03662109375","5232.03662109375"
"18534400","5581.12841796875","5581.12841796875","5581.12841796875","5198.794921875","5198.794921875","5198.794921875","5138.48779296875","5138.48779296875","5138.48779296875"
"18636800","5636.66064453125","5636.66064453125","5636.66064453125","5254.69384765625","5254.69384765625","5254.69384765625","5222.59130859375","5222.59130859375","5222.59130859375"
"18739200","5674.93408203125","5674.93408203125","5674.93408203125","5301.087890625","5301.087890625","5301.087890625","5238.97314453125","5238.97314453125","5238.97314453125"
"18841600","5585.845703125","5585.845703125","5585.845703125","5306.9599609375","5306.9599609375","5306.9599609375","5274.00537109375","5274.00537109375","5274.00537109375"
"18944000","5648.9228515625","5648.9228515625","5648.9228515625","5317.5029296875","5317.5029296875","5317.5029296875","5286.1240234375","5286.1240234375","5286.1240234375"
"19046400","5597.3310546875","5597.3310546875","5597.3310546875","5303.00927734375","5303.00927734375","5303.00927734375","5231.5966796875","5231.5966796875","5231.5966796875"
"19148800","5609.31005859375","5609.31005859375","5609.31005859375","5325.921875","5325.921875","5325.921875","5221.21435546875","5221.21435546875","5221.21435546875"
"19251200","5652.65673828125","5652.65673828125","5652.65673828125","5313.591796875","5313.591796875","5313.591796875","5263.58251953125","5263.58251953125","5263.58251953125"
"19353600","5673.1025390625","5673.1025390625","5673.1025390625","5330.91748046875","5330.91748046875","5330.91748046875","5275.9990234375","5275.9990234375","5275.9990234375"
"19456000","5632.74560546875","5632.74560546875","5632.74560546875","5318.6875","5318.6875","5318.6875","5215.27880859375","5215.27880859375","5215.27880859375"
"19558400","5549.7978515625","5549.7978515625","5549.7978515625","5294.798828125","5294.798828125","5294.798828125","5167.81591796875","5167.81591796875","5167.81591796875"
"19660800","5603.54296875","5603.54296875","5603.54296875","5282.70947265625","5282.70947265625","5282.70947265625","5258.58349609375","5258.58349609375","5258.58349609375"
"19763200","5694.173828125","5694.173828125","5694.173828125","5259.16162109375","5259.16162109375","5259.16162109375","5229.912109375","5229.912109375","5229.912109375"
"19865600","5707.18359375","5707.18359375","5707.18359375","5279.92431640625","5279.92431640625","5279.92431640625","5262.97509765625","5262.97509765625","5262.97509765625"
"19968000","5600.994140625","5600.994140625","5600.994140625","5234.5712890625","5234.5712890625","5234.5712890625","5284.0859375","5284.0859375","5284.0859375"
"20070400","5523.7998046875","5523.7998046875","5523.7998046875","5282.0419921875","5282.0419921875","5282.0419921875","5286.26806640625","5286.26806640625","5286.26806640625"
"20172800","5580.97314453125","5580.97314453125","5580.97314453125","5284.90283203125","5284.90283203125","5284.90283203125","5266.36474609375","5266.36474609375","5266.36474609375"
"20275200","5620.7216796875","5620.7216796875","5620.7216796875","5324.90283203125","5324.90283203125","5324.90283203125","5227.29638671875","5227.29638671875","5227.29638671875"
"20377600","5736.52685546875","5736.52685546875","5736.52685546875","5292.82177734375","5292.82177734375","5292.82177734375","5191.82373046875","5191.82373046875","5191.82373046875"
"20480000","5785.8271484375","5785.8271484375","5785.8271484375","5233.01171875","5233.01171875","5233.01171875","5281.3291015625","5281.3291015625","5281.3291015625"
"20582400","5782.1103515625","5782.1103515625","5782.1103515625","5264.82666015625","5264.82666015625","5264.82666015625","5319.98193359375","5319.98193359375","5319.98193359375"
"20684800","5824.89599609375","5824.89599609375","5824.89599609375","5166.2412109375","5166.2412109375","5166.2412109375","5314.8115234375","5314.8115234375","5314.8115234375"
"20787200","5836.7666015625","5836.7666015625","5836.7666015625","5263.978515625","5263.978515625","5263.978515625","5328.701171875","5328.701171875","5328.701171875"
"20889600","5848.5849609375","5848.5849609375","5848.5849609375","5301.275390625","5301.275390625","5301.275390625","5338.3232421875","5338.3232421875","5338.3232421875"
"20992000","5703.4208984375","5703.4208984375","5703.4208984375","5232.50537109375","5232.50537109375","5232.50537109375","5296.91845703125","5296.91845703125","5296.91845703125"
"21094400","5703.33447265625","5703.33447265625","5703.33447265625","5274.02490234375","5274.02490234375","5274.02490234375","5282.54052734375","5282.54052734375","5282.54052734375"
"21196800","5217.80908203125","5217.80908203125","5217.80908203125","5277.4013671875","5277.4013671875","5277.4013671875","5273.42041015625","5273.42041015625","5273.42041015625"
"21299200","4484.83447265625","4484.83447265625","4484.83447265625","5255.4609375","5255.4609375","5255.4609375","5289.0888671875","5289.0888671875","5289.0888671875"
"21401600","4837.29248046875","4837.29248046875","4837.29248046875","5262.546875","5262.546875","5262.546875","5332.53369140625","5332.53369140625","5332.53369140625"
"21504000","5401.5048828125","5401.5048828125","5401.5048828125","5318.61669921875","5318.61669921875","5318.61669921875","5283.1669921875","5283.1669921875","5283.1669921875"
"21606400","5602.4453125","5602.4453125","5602.4453125","5362.4111328125","5362.4111328125","5362.4111328125","5318.12353515625","5318.12353515625","5318.12353515625"
"21708800","5660.4599609375","5660.4599609375","5660.4599609375","5329.39697265625","5329.39697265625","5329.39697265625","5341.9140625","5341.9140625","5341.9140625"
"21811200","5693.5556640625","5693.5556640625","5693.5556640625","5369.63037109375","5369.63037109375","5369.63037109375","5269.072265625","5269.072265625","5269.072265625"
"21913600","5720.375","5720.375","5720.375","5334.072265625","5334.072265625","5334.072265625","5292.66748046875","5292.66748046875","5292.66748046875"
"22016000","5774.08544921875","5774.08544921875","5774.08544921875","5338.2822265625","5338.2822265625","5338.2822265625","5323.685546875","5323.685546875","5323.685546875"
"22118400","5784.80810546875","5784.80810546875","5784.80810546875","5377.4423828125","5377.4423828125","5377.4423828125","5281.34033203125","5281.34033203125","5281.34033203125"
"22220800","5800.66943359375","5800.66943359375","5800.66943359375","5376.9111328125","5376.9111328125","5376.9111328125","5326.8798828125","5326.8798828125","5326.8798828125"
"22323200","5799.0205078125","5799.0205078125","5799.0205078125","5382.15478515625","5382.15478515625","5382.15478515625","5311.84716796875","5311.84716796875","5311.84716796875"
"22425600","5785.11669921875","5785.11669921875","5785.11669921875","5394.05908203125","5394.05908203125","5394.05908203125","5350.50634765625","5350.50634765625","5350.50634765625"
"22528000","5800.28857421875","5800.28857421875","5800.28857421875","5369.35107421875","5369.35107421875","5369.35107421875","5305.31982421875","5305.31982421875","5305.31982421875"
"22630400","5890.765625","5890.765625","5890.765625","5389.44189453125","5389.44189453125","5389.44189453125","5292.087890625","5292.087890625","5292.087890625"
"22732800","5900.76416015625","5900.76416015625","5900.76416015625","5355.2646484375","5355.2646484375","5355.2646484375","5296.64111328125","5296.64111328125","5296.64111328125"
"22835200","5867.5673828125","5867.5673828125","5867.5673828125","5347.2421875","5347.2421875","5347.2421875","5338.9853515625","5338.9853515625","5338.9853515625"
"22937600","5905.79248046875","5905.79248046875","5905.79248046875","5337.56591796875","5337.56591796875","5337.56591796875","5312.6435546875","5312.6435546875","5312.6435546875"
"23040000","5927.533203125","5927.533203125","5927.533203125","5370.3154296875","5370.3154296875","5370.3154296875","5313.57177734375","5313.57177734375","5313.57177734375"
"23142400","5910.2568359375","5910.2568359375","5910.2568359375","5363.26611328125","5363.26611328125","5363.26611328125","5332.015625","5332.015625","5332.015625"
"23244800","5900.3935546875","5900.3935546875","5900.3935546875","5388.23486328125","5388.23486328125","5388.23486328125","5310.1123046875","5310.1123046875","5310.1123046875"
"23347200","5875.9912109375","5875.9912109375","5875.9912109375","5376.4453125","5376.4453125","5376.4453125","5324.6240234375","5324.6240234375","5324.6240234375"
"23449600","5788.39794921875","5788.39794921875","5788.39794921875","5354.08984375","5354.08984375","5354.08984375","5310.15966796875","5310.15966796875","5310.15966796875"
"23552000","5860.326171875","5860.326171875","5860.326171875","5398.513671875","5398.513671875","5398.513671875","5297.53173828125","5297.53173828125","5297.53173828125"
"23654400","5895.330078125","5895.330078125","5895.330078125","5414.3994140625","5414.3994140625","5414.3994140625","5328.66259765625","5328.66259765625","5328.66259765625"
"23756800","5954.6591796875","5954.6591796875","5954.6591796875","5394.17431640625","5394.17431640625","5394.17431640625","5328.65625","5328.65625","5328.65625"
"23859200","5948.591796875","5948.591796875","5948.591796875","5414.173828125","5414.173828125","5414.173828125","5372.0986328125","5372.0986328125","5372.0986328125"
"23961600","5959.92919921875","5959.92919921875","5959.92919921875","5369.619140625","5369.619140625","5369.619140625","5400.56103515625","5400.56103515625","5400.56103515625"
"24064000","5838.2177734375","5838.2177734375","5838.2177734375","5382.779296875","5382.779296875","5382.779296875","5319.63427734375","5319.63427734375","5319.63427734375"
"24166400","5920.2412109375","5920.2412109375","5920.2412109375","5384.90625","5384.90625","5384.90625","5384.8359375","5384.8359375","5384.8359375"
"24268800","5880.60107421875","5880.60107421875","5880.60107421875","5349.98193359375","5349.98193359375","5349.98193359375","5368.736328125","5368.736328125","5368.736328125"
"24371200","5914.77001953125","5914.77001953125","5914.77001953125","5338.1630859375","5338.1630859375","5338.1630859375","5331.82568359375","5331.82568359375","5331.82568359375"
"24473600","5940.3447265625","5940.3447265625","5940.3447265625","5314.2431640625","5314.2431640625","5314.2431640625","5320.19189453125","5320.19189453125","5320.19189453125"
"24576000","5996.39599609375","5996.39599609375","5996.39599609375","5371.48681640625","5371.48681640625","5371.48681640625","5313.78857421875","5313.78857421875","5313.78857421875"
"24678400","6005.62548828125","6005.62548828125","6005.62548828125","5350.12353515625","5350.12353515625","5350.12353515625","5376.83740234375","5376.83740234375","5376.83740234375"
"24780800","5997.72509765625","5997.72509765625","5997.72509765625","5378.560546875","5378.560546875","5378.560546875","5403.6083984375","5403.6083984375","5403.6083984375"
"24883200","6023.16650390625","6023.16650390625","6023.16650390625","5417.8603515625","5417.8603515625","5417.8603515625","5413.93603515625","5413.93603515625","5413.93603515625"
"24985600","6049.38916015625","6049.38916015625","6049.38916015625","5415.3818359375","5415.3818359375","5415.3818359375","5391.02880859375","5391.02880859375","5391.02880859375"
"25088000","5977.65478515625","5977.65478515625","5977.65478515625","5364.58984375","5364.58984375","5364.58984375","5421.29736328125","5421.29736328125","5421.29736328125"
"25190400","6007.66552734375","6007.66552734375","6007.66552734375","5414.556640625","5414.556640625","5414.556640625","5331.91748046875","5331.91748046875","5331.91748046875"
"25292800","6029.8046875","6029.8046875","6029.8046875","5398.18359375","5398.18359375","5398.18359375","5404.1162109375","5404.1162109375","5404.1162109375"
"25395200","6049.54541015625","6049.54541015625","6049.54541015625","5422.69677734375","5422.69677734375","5422.69677734375","5429.5986328125","5429.5986328125","5429.5986328125"
"25497600","6086.03466796875","6086.03466796875","6086.03466796875","5400.68505859375","5400.68505859375","5400.68505859375","5441.962890625","5441.962890625","5441.962890625"
"25600000","6091.57275390625","6091.57275390625","6091.57275390625","5441.3134765625","5441.3134765625","5441.3134765625","5453.3671875","5453.3671875","5453.3671875"
"25702400","6096.4697265625","6096.4697265625","6096.4697265625","5432.12939453125","5432.12939453125","5432.12939453125","5460.2548828125","5460.2548828125","5460.2548828125"
"25804800","6127.21630859375","6127.21630859375","6127.21630859375","5455.1201171875","5455.1201171875","5455.1201171875","5455.5556640625","5455.5556640625","5455.5556640625"
"25907200","6129.23193359375","6129.23193359375","6129.23193359375","5460.39111328125","5460.39111328125","5460.39111328125","5435.4921875","5435.4921875","5435.4921875"
"26009600","6043.4736328125","6043.4736328125","6043.4736328125","5466.24755859375","5466.24755859375","5466.24755859375","5430.384765625","5430.384765625","5430.384765625"
"26112000","6094.07177734375","6094.07177734375","6094.07177734375","5473.3603515625","5473.3603515625","5473.3603515625","5346.60302734375","5346.60302734375","5346.60302734375"
"26214400","6126.55224609375","6126.55224609375","6126.55224609375","5434.85986328125","5434.85986328125","5434.85986328125","5421.60693359375","5421.60693359375","5421.60693359375"
"26316800","6140.3037109375","6140.3037109375","6140.3037109375","5452.166015625","5452.166015625","5452.166015625","5452.75732421875","5452.75732421875","5452.75732421875"
"26419200","6081.654296875","6081.654296875","6081.654296875","5458.45166015625","5458.45166015625","5458.45166015625","5463.7109375","5463.7109375","5463.7109375"
"26521600","6124.5673828125","6124.5673828125","6124.5673828125","5427.060546875","5427.060546875","5427.060546875","5419.3203125","5419.3203125","5419.3203125"
"26624000","6127.41259765625","6127.41259765625","6127.41259765625","5456.517578125","5456.517578125","5456.517578125","5459.06494140625","5459.06494140625","5459.06494140625"
"26726400","6155.16845703125","6155.16845703125","6155.16845703125","5468.18359375","5468.18359375","5468.18359375","5474.9609375","5474.9609375","5474.9609375"
"26828800","6175.27197265625","6175.27197265625","6175.27197265625","5476.13916015625","5476.13916015625","5476.13916015625","5475.02490234375","5475.02490234375","5475.02490234375"
"26931200","6136.681640625","6136.681640625","6136.681640625","5482.55029296875","5482.55029296875","5482.55029296875","5429.1552734375","5429.1552734375","5429.1552734375"
"27033600","6173.5322265625","6173.5322265625","6173.5322265625","5491.375","5491.375","5491.375","5468.97607421875","5468.97607421875","5468.97607421875"
"27136000","6207.9208984375","6207.9208984375","6207.9208984375","5446.5107421875","5446.5107421875","5446.5107421875","5487.25927734375","5487.25927734375","5487.25927734375"
"27238400","6192.23779296875","6192.23779296875","6192.23779296875","5474.87744140625","5474.87744140625","5474.87744140625","5444.13818359375","5444.13818359375","5444.13818359375"
"27340800","6189.18603515625","6189.18603515625","6189.18603515625","5479.14501953125","5479.14501953125","5479.14501953125","5480.25244140625","5480.25244140625","5480.25244140625"
"27443200","6211.55859375","6211.55859375","6211.55859375","5486.13916015625","5486.13916015625","5486.13916015625","5491.8154296875","5491.8154296875","5491.8154296875"
"27545600","6205.13623046875","6205.13623046875","6205.13623046875","5465.013671875","5465.013671875","5465.013671875","5452.263671875","5452.263671875","5452.263671875"
"27648000","6221.734375","6221.734375","6221.734375","5478.4384765625","5478.4384765625","5478.4384765625","5498.81787109375","5498.81787109375","5498.81787109375"
"27750400","6211.62060546875","6211.62060546875","6211.62060546875","5482.931640625","5482.931640625","5482.931640625","5482.3134765625","5482.3134765625","5482.3134765625"
"27852800","6224.6337890625","6224.6337890625","6224.6337890625","5481.5859375","5481.5859375","5481.5859375","5509.60302734375","5509.60302734375","5509.60302734375"
"27955200","6191.984375","6191.984375","6191.984375","5486.01904296875","5486.01904296875","5486.01904296875","5491.23974609375","5491.23974609375","5491.23974609375"
"28057600","6212.08447265625","6212.08447265625","6212.08447265625","5487.78564453125","5487.78564453125","5487.78564453125","5427.38623046875","5427.38623046875","5427.38623046875"
"28160000","6230.890625","6230.890625","6230.890625","5458.77099609375","5458.77099609375","5458.77099609375","5452.091796875","5452.091796875","5452.091796875"
"28262400","6223.15234375","6223.15234375","6223.15234375","5481.3427734375","5481.3427734375","5481.3427734375","5474.26318359375","5474.26318359375","5474.26318359375"
"28364800","6231.1875","6231.1875","6231.1875","5449.525390625","5449.525390625","5449.525390625","5505.13037109375","5505.13037109375","5505.13037109375"
"28467200","6193.72607421875","6193.72607421875","6193.72607421875","5477.921875","5477.921875","5477.921875","5444.47119140625","5444.47119140625","5444.47119140625"
"28569600","6202.22314453125","6202.22314453125","6202.22314453125","5466.013671875","5466.013671875","5466.013671875","5497.74072265625","5497.74072265625","5497.74072265625"
"28672000","6216.77685546875","6216.77685546875","6216.77685546875","5490.3271484375","5490.3271484375","5490.3271484375","5499.71875","5499.71875","5499.71875"
"28774400","6233.580078125","6233.580078125","6233.580078125","5498.62939453125","5498.62939453125","5498.62939453125","5467.01123046875","5467.01123046875","5467.01123046875"
"28876800","6216.27685546875","6216.27685546875","6216.27685546875","5453.96484375","5453.96484375","5453.96484375","5502.22119140625","5502.22119140625","5502.22119140625"
"28979200","6242.02099609375","6242.02099609375","6242.02099609375","5449.4169921875","5449.4169921875","5449.4169921875","5516.68994140625","5516.68994140625","5516.68994140625"
"29081600","6268.19775390625","6268.19775390625","6268.19775390625","5423.3427734375","5423.3427734375","5423.3427734375","5476.27783203125","5476.27783203125","5476.27783203125"
"29184000","6268.75634765625","6268.75634765625","6268.75634765625","5475.5068359375","5475.5068359375","5475.5068359375","5510.98876953125","5510.98876953125","5510.98876953125"
"29286400","6253.23291015625","6253.23291015625","6253.23291015625","5495.1171875","5495.1171875","5495.1171875","5526.97412109375","5526.97412109375","5526.97412109375"
"29388800","6190.56005859375","6190.56005859375","6190.56005859375","5505.220703125","5505.220703125","5505.220703125","5532.5107421875","5532.5107421875","5532.5107421875"
"29491200","6228.22314453125","6228.22314453125","6228.22314453125","5506.18359375","5506.18359375","5506.18359375","5536.63037109375","5536.63037109375","5536.63037109375"
"29593600","6278.1142578125","6278.1142578125","6278.1142578125","5512.60693359375","5512.60693359375","5512.60693359375","5538.60302734375","5538.60302734375","5538.60302734375"
"29696000","6302.91357421875","6302.91357421875","6302.91357421875","5479.7900390625","5479.7900390625","5479.7900390625","5535.89794921875","5535.89794921875","5535.89794921875"
"29798400","6283.58935546875","6283.58935546875","6283.58935546875","5499.97119140625","5499.97119140625","5499.97119140625","5510.03564453125","5510.03564453125","5510.03564453125"
"29900800","6291.79052734375","6291.79052734375","6291.79052734375","5511.361328125","5511.361328125","5511.361328125","5531.44189453125","5531.44189453125","5531.44189453125"
"30003200","6298.21337890625","6298.21337890625","6298.21337890625","5513.603515625","5513.603515625","5513.603515625","5529.01318359375","5529.01318359375","5529.01318359375"
"30105600","6309.65380859375","6309.65380859375","6309.65380859375","5517.99072265625","5517.99072265625","5517.99072265625","5541.23095703125","5541.23095703125","5541.23095703125"
"30208000","6306.95947265625","6306.95947265625","6306.95947265625","5514.556640625","5514.556640625","5514.556640625","5542.86572265625","5542.86572265625","5542.86572265625"
"30310400","6306.93505859375","6306.93505859375","6306.93505859375","5481.3779296875","5481.3779296875","5481.3779296875","5544.54345703125","5544.54345703125","5544.54345703125"
"30412800","6282.0341796875","6282.0341796875","6282.0341796875","5502.24365234375","5502.24365234375","5502.24365234375","5548.1728515625","5548.1728515625","5548.1728515625"
"30515200","6317.84130859375","6317.84130859375","6317.84130859375","5491.95166015625","5491.95166015625","5491.95166015625","5548.591796875","5548.591796875","5548.591796875"
"30617600","6271.8115234375","6271.8115234375","6271.8115234375","5511.0830078125","5511.0830078125","5511.0830078125","5484.25927734375","5484.25927734375","5484.25927734375"
"30720000","6334.9267578125","6334.9267578125","6334.9267578125","5518.41259765625","5518.41259765625","5518.41259765625","5526.42041015625","5526.42041015625","5526.42041015625"