"Step","PWM_HopperEnv_sweep_1 - rewards","PWM_HopperEnv_sweep_1 - rewards__MIN","PWM_HopperEnv_sweep_1 - rewards__MAX","PWM_HopperEnv_sweep_2 - rewards","PWM_HopperEnv_sweep_2 - rewards__MIN","PWM_HopperEnv_sweep_2 - rewards__MAX","PWM_HopperEnv_sweep_0 - rewards","PWM_HopperEnv_sweep_0 - rewards__MIN","PWM_HopperEnv_sweep_0 - rewards__MAX"
"51200","76.56452178955078","76.56452178955078","76.56452178955078","115.04383850097656","115.04383850097656","115.04383850097656","10.159180641174316","10.159180641174316","10.159180641174316"
"102400","294.4132080078125","294.4132080078125","294.4132080078125","242.43307495117188","242.43307495117188","242.43307495117188","-80.3222427368164","-80.3222427368164","-80.3222427368164"
"153600","685.06787109375","685.06787109375","685.06787109375","577.487060546875","577.487060546875","577.487060546875","290.9786376953125","290.9786376953125","290.9786376953125"
"204800","1059.7041015625","1059.7041015625","1059.7041015625","1032.1671142578125","1032.1671142578125","1032.1671142578125","851.4824829101562","851.4824829101562","851.4824829101562"
"256000","899.862548828125","899.862548828125","899.862548828125","1219.390869140625","1219.390869140625","1219.390869140625","1335.6810302734375","1335.6810302734375","1335.6810302734375"
"307200","913.1776123046875","913.1776123046875","913.1776123046875","900.4856567382812","900.4856567382812","900.4856567382812","1337.7974853515625","1337.7974853515625","1337.7974853515625"
"358400","1079.2677001953125","1079.2677001953125","1079.2677001953125","981.5877685546875","981.5877685546875","981.5877685546875","1646.3199462890625","1646.3199462890625","1646.3199462890625"
"409600","1587.0943603515625","1587.0943603515625","1587.0943603515625","1122.1185302734375","1122.1185302734375","1122.1185302734375","1978.2237548828125","1978.2237548828125","1978.2237548828125"
"460800","2098.09423828125","2098.09423828125","2098.09423828125","1108.149169921875","1108.149169921875","1108.149169921875","2070.019287109375","2070.019287109375","2070.019287109375"
"512000","1810.2469482421875","1810.2469482421875","1810.2469482421875","1150.1502685546875","1150.1502685546875","1150.1502685546875","960.01123046875","960.01123046875","960.01123046875"
"563200","1369.92236328125","1369.92236328125","1369.92236328125","1184.193359375","1184.193359375","1184.193359375","1299.8409423828125","1299.8409423828125","1299.8409423828125"
"614400","2081.26953125","2081.26953125","2081.26953125","1466.274169921875","1466.274169921875","1466.274169921875","770.8045043945312","770.8045043945312","770.8045043945312"
"665600","1451.1573486328125","1451.1573486328125","1451.1573486328125","1639.5560302734375","1639.5560302734375","1639.5560302734375","1611.97216796875","1611.97216796875","1611.97216796875"
"716800","1326.206787109375","1326.206787109375","1326.206787109375","1586.9599609375","1586.9599609375","1586.9599609375","768.912109375","768.912109375","768.912109375"
"768000","1110.7342529296875","1110.7342529296875","1110.7342529296875","1701.2664794921875","1701.2664794921875","1701.2664794921875","1016.5905151367188","1016.5905151367188","1016.5905151367188"
"819200","1616.9097900390625","1616.9097900390625","1616.9097900390625","1399.7684326171875","1399.7684326171875","1399.7684326171875","1352.152099609375","1352.152099609375","1352.152099609375"
"870400","1657.547119140625","1657.547119140625","1657.547119140625","1852.2646484375","1852.2646484375","1852.2646484375","1338.4437255859375","1338.4437255859375","1338.4437255859375"
"921600","1896.482421875","1896.482421875","1896.482421875","1416.36279296875","1416.36279296875","1416.36279296875","1178.337646484375","1178.337646484375","1178.337646484375"
"972800","1672.4735107421875","1672.4735107421875","1672.4735107421875","1062.2554931640625","1062.2554931640625","1062.2554931640625","1251.085693359375","1251.085693359375","1251.085693359375"
"1024000","1544.361328125","1544.361328125","1544.361328125","1126.937744140625","1126.937744140625","1126.937744140625","1112.2744140625","1112.2744140625","1112.2744140625"
"1075200","1677.0477294921875","1677.0477294921875","1677.0477294921875","1991.3443603515625","1991.3443603515625","1991.3443603515625","2117.90283203125","2117.90283203125","2117.90283203125"
"1126400","1979.3702392578125","1979.3702392578125","1979.3702392578125","1436.9752197265625","1436.9752197265625","1436.9752197265625","1238.4332275390625","1238.4332275390625","1238.4332275390625"
"1177600","1695.53076171875","1695.53076171875","1695.53076171875","1563.9781494140625","1563.9781494140625","1563.9781494140625","2044.9561767578125","2044.9561767578125","2044.9561767578125"
"1228800","2015.01904296875","2015.01904296875","2015.01904296875","1357.03515625","1357.03515625","1357.03515625","1623.9224853515625","1623.9224853515625","1623.9224853515625"
"1280000","2279.67919921875","2279.67919921875","2279.67919921875","1027.5625","1027.5625","1027.5625","1438.4510498046875","1438.4510498046875","1438.4510498046875"
"1331200","1987.45556640625","1987.45556640625","1987.45556640625","1418.158935546875","1418.158935546875","1418.158935546875","1850.531494140625","1850.531494140625","1850.531494140625"
"1382400","2263.093017578125","2263.093017578125","2263.093017578125","1901.3360595703125","1901.3360595703125","1901.3360595703125","2216.609375","2216.609375","2216.609375"
"1433600","2073.932373046875","2073.932373046875","2073.932373046875","1807.5245361328125","1807.5245361328125","1807.5245361328125","1967.886962890625","1967.886962890625","1967.886962890625"
"1484800","1767.11865234375","1767.11865234375","1767.11865234375","2510.772705078125","2510.772705078125","2510.772705078125","2427.154296875","2427.154296875","2427.154296875"
"1536000","1107.1904296875","1107.1904296875","1107.1904296875","2328.273681640625","2328.273681640625","2328.273681640625","2424.866455078125","2424.866455078125","2424.866455078125"
"1587200","1435.583984375","1435.583984375","1435.583984375","2737.438720703125","2737.438720703125","2737.438720703125","2215.744384765625","2215.744384765625","2215.744384765625"
"1638400","2298.6962890625","2298.6962890625","2298.6962890625","2205.4990234375","2205.4990234375","2205.4990234375","2990.654296875","2990.654296875","2990.654296875"
"1689600","2755.01123046875","2755.01123046875","2755.01123046875","2984.848388671875","2984.848388671875","2984.848388671875","3447.47021484375","3447.47021484375","3447.47021484375"
"1740800","2254.803466796875","2254.803466796875","2254.803466796875","3153.14111328125","3153.14111328125","3153.14111328125","2519.55810546875","2519.55810546875","2519.55810546875"
"1792000","1692.43603515625","1692.43603515625","1692.43603515625","3140.5244140625","3140.5244140625","3140.5244140625","1979.781982421875","1979.781982421875","1979.781982421875"
"1843200","2906.82958984375","2906.82958984375","2906.82958984375","3809.688720703125","3809.688720703125","3809.688720703125","2019.211181640625","2019.211181640625","2019.211181640625"
"1894400","3087.5556640625","3087.5556640625","3087.5556640625","2625.7431640625","2625.7431640625","2625.7431640625","2183.885498046875","2183.885498046875","2183.885498046875"
"1945600","3315.8203125","3315.8203125","3315.8203125","3007.8505859375","3007.8505859375","3007.8505859375","3182.480224609375","3182.480224609375","3182.480224609375"
"1996800","3505.83203125","3505.83203125","3505.83203125","3469.20263671875","3469.20263671875","3469.20263671875","3295.345947265625","3295.345947265625","3295.345947265625"
"2048000","3275.188720703125","3275.188720703125","3275.188720703125","3892.7890625","3892.7890625","3892.7890625","3560.62109375","3560.62109375","3560.62109375"
"2099200","1881.8271484375","1881.8271484375","1881.8271484375","3889.23828125","3889.23828125","3889.23828125","3758.4970703125","3758.4970703125","3758.4970703125"
"2150400","3205.775634765625","3205.775634765625","3205.775634765625","3779.169677734375","3779.169677734375","3779.169677734375","3727.19091796875","3727.19091796875","3727.19091796875"
"2201600","3158.172119140625","3158.172119140625","3158.172119140625","3656.337646484375","3656.337646484375","3656.337646484375","3759.06591796875","3759.06591796875","3759.06591796875"
"2252800","3324.12060546875","3324.12060546875","3324.12060546875","3378.52001953125","3378.52001953125","3378.52001953125","2158.341064453125","2158.341064453125","2158.341064453125"
"2304000","2862.840576171875","2862.840576171875","2862.840576171875","4034.90576171875","4034.90576171875","4034.90576171875","2837.28955078125","2837.28955078125","2837.28955078125"
"2355200","2271.24609375","2271.24609375","2271.24609375","4112.81103515625","4112.81103515625","4112.81103515625","3141.203125","3141.203125","3141.203125"
"2406400","2528.21630859375","2528.21630859375","2528.21630859375","3945.377197265625","3945.377197265625","3945.377197265625","3990.909912109375","3990.909912109375","3990.909912109375"
"2457600","3225.089111328125","3225.089111328125","3225.089111328125","4178.22802734375","4178.22802734375","4178.22802734375","3642.302001953125","3642.302001953125","3642.302001953125"
"2508800","3041.755859375","3041.755859375","3041.755859375","3790.09814453125","3790.09814453125","3790.09814453125","4017.679931640625","4017.679931640625","4017.679931640625"
"2560000","2639.13623046875","2639.13623046875","2639.13623046875","3362.2392578125","3362.2392578125","3362.2392578125","4002.357177734375","4002.357177734375","4002.357177734375"
"2611200","2228.581787109375","2228.581787109375","2228.581787109375","3400.7333984375","3400.7333984375","3400.7333984375","3728.267333984375","3728.267333984375","3728.267333984375"
"2662400","3117.398681640625","3117.398681640625","3117.398681640625","3746.130859375","3746.130859375","3746.130859375","4155.84375","4155.84375","4155.84375"
"2713600","2934.139892578125","2934.139892578125","2934.139892578125","2931.083740234375","2931.083740234375","2931.083740234375","4387.09326171875","4387.09326171875","4387.09326171875"
"2764800","2883.19482421875","2883.19482421875","2883.19482421875","3149.536376953125","3149.536376953125","3149.536376953125","4623.453125","4623.453125","4623.453125"
"2816000","1470.828125","1470.828125","1470.828125","3369.697021484375","3369.697021484375","3369.697021484375","4595.26513671875","4595.26513671875","4595.26513671875"
"2867200","2624.236572265625","2624.236572265625","2624.236572265625","3613.9677734375","3613.9677734375","3613.9677734375","4022.167724609375","4022.167724609375","4022.167724609375"
"2918400","2827.535888671875","2827.535888671875","2827.535888671875","4219.69091796875","4219.69091796875","4219.69091796875","4320.2236328125","4320.2236328125","4320.2236328125"
"2969600","2991.571533203125","2991.571533203125","2991.571533203125","4437.2041015625","4437.2041015625","4437.2041015625","4288.171875","4288.171875","4288.171875"
"3020800","3595.064208984375","3595.064208984375","3595.064208984375","4237.4443359375","4237.4443359375","4237.4443359375","4643.853515625","4643.853515625","4643.853515625"
"3072000","3520.67236328125","3520.67236328125","3520.67236328125","4522.712890625","4522.712890625","4522.712890625","4439.3203125","4439.3203125","4439.3203125"
"3123200","2976.864013671875","2976.864013671875","2976.864013671875","4232.392578125","4232.392578125","4232.392578125","4525.90380859375","4525.90380859375","4525.90380859375"
"3174400","3173.706298828125","3173.706298828125","3173.706298828125","3555.867431640625","3555.867431640625","3555.867431640625","4516.69677734375","4516.69677734375","4516.69677734375"
"3225600","3807.071044921875","3807.071044921875","3807.071044921875","3653.4091796875","3653.4091796875","3653.4091796875","3686.150634765625","3686.150634765625","3686.150634765625"
"3276800","4191.57421875","4191.57421875","4191.57421875","4047.303466796875","4047.303466796875","4047.303466796875","4152.2607421875","4152.2607421875","4152.2607421875"
"3328000","4623.53857421875","4623.53857421875","4623.53857421875","4352.02099609375","4352.02099609375","4352.02099609375","4177.140625","4177.140625","4177.140625"
"3379200","4649.76220703125","4649.76220703125","4649.76220703125","3546.06689453125","3546.06689453125","3546.06689453125","4021.828125","4021.828125","4021.828125"
"3430400","4826.42919921875","4826.42919921875","4826.42919921875","3379.630126953125","3379.630126953125","3379.630126953125","4291.71923828125","4291.71923828125","4291.71923828125"
"3481600","4651.3212890625","4651.3212890625","4651.3212890625","3887.732421875","3887.732421875","3887.732421875","3767.516357421875","3767.516357421875","3767.516357421875"
"3532800","1843.5074462890625","1843.5074462890625","1843.5074462890625","3937.115234375","3937.115234375","3937.115234375","2618.638427734375","2618.638427734375","2618.638427734375"
"3584000","3293.205810546875","3293.205810546875","3293.205810546875","3969.9921875","3969.9921875","3969.9921875","3629.27734375","3629.27734375","3629.27734375"
"3635200","4140.7294921875","4140.7294921875","4140.7294921875","4103.8759765625","4103.8759765625","4103.8759765625","4261.033203125","4261.033203125","4261.033203125"
"3686400","4176.69970703125","4176.69970703125","4176.69970703125","4417.00634765625","4417.00634765625","4417.00634765625","4231.966796875","4231.966796875","4231.966796875"
"3737600","4659.376953125","4659.376953125","4659.376953125","4269.07958984375","4269.07958984375","4269.07958984375","4384.2509765625","4384.2509765625","4384.2509765625"
"3788800","3840.08837890625","3840.08837890625","3840.08837890625","4635.5341796875","4635.5341796875","4635.5341796875","4601.02001953125","4601.02001953125","4601.02001953125"
"3840000","4128.45068359375","4128.45068359375","4128.45068359375","4575.54541015625","4575.54541015625","4575.54541015625","4780.0517578125","4780.0517578125","4780.0517578125"
"3891200","3931.44189453125","3931.44189453125","3931.44189453125","3616.987060546875","3616.987060546875","3616.987060546875","4540.25439453125","4540.25439453125","4540.25439453125"
"3942400","4469.16357421875","4469.16357421875","4469.16357421875","4104.60498046875","4104.60498046875","4104.60498046875","4867.470703125","4867.470703125","4867.470703125"
"3993600","4788.03076171875","4788.03076171875","4788.03076171875","4596.8828125","4596.8828125","4596.8828125","4974.7353515625","4974.7353515625","4974.7353515625"
"4044800","5014.4150390625","5014.4150390625","5014.4150390625","4788.66162109375","4788.66162109375","4788.66162109375","5168.9453125","5168.9453125","5168.9453125"
"4096000","4943.259765625","4943.259765625","4943.259765625","4502.20361328125","4502.20361328125","4502.20361328125","5201.26025390625","5201.26025390625","5201.26025390625"
"4147200","4772.07275390625","4772.07275390625","4772.07275390625","4239.77294921875","4239.77294921875","4239.77294921875","5154.91259765625","5154.91259765625","5154.91259765625"
"4198400","4839.18408203125","4839.18408203125","4839.18408203125","4302.67138671875","4302.67138671875","4302.67138671875","5127.30126953125","5127.30126953125","5127.30126953125"
"4249600","4046.88427734375","4046.88427734375","4046.88427734375","4491.7509765625","4491.7509765625","4491.7509765625","4763.67041015625","4763.67041015625","4763.67041015625"
"4300800","3518.341064453125","3518.341064453125","3518.341064453125","4645.56884765625","4645.56884765625","4645.56884765625","4612.93603515625","4612.93603515625","4612.93603515625"
"4352000","3719.455322265625","3719.455322265625","3719.455322265625","4350.46630859375","4350.46630859375","4350.46630859375","4321.75537109375","4321.75537109375","4321.75537109375"
"4403200","4107.75634765625","4107.75634765625","4107.75634765625","2574.90576171875","2574.90576171875","2574.90576171875","3914.708251953125","3914.708251953125","3914.708251953125"
"4454400","4600.8125","4600.8125","4600.8125","3842.11083984375","3842.11083984375","3842.11083984375","4477.77490234375","4477.77490234375","4477.77490234375"
"4505600","4734.283203125","4734.283203125","4734.283203125","4009.71484375","4009.71484375","4009.71484375","4511.3154296875","4511.3154296875","4511.3154296875"
"4556800","4957.98486328125","4957.98486328125","4957.98486328125","4279.0087890625","4279.0087890625","4279.0087890625","3978.8955078125","3978.8955078125","3978.8955078125"
"4608000","4727.27978515625","4727.27978515625","4727.27978515625","3496.3828125","3496.3828125","3496.3828125","3252.5166015625","3252.5166015625","3252.5166015625"
"4659200","4145.8994140625","4145.8994140625","4145.8994140625","4177.423828125","4177.423828125","4177.423828125","2271.321533203125","2271.321533203125","2271.321533203125"
"4710400","3564.319580078125","3564.319580078125","3564.319580078125","4616.142578125","4616.142578125","4616.142578125","3704.048583984375","3704.048583984375","3704.048583984375"
"4761600","4316.92919921875","4316.92919921875","4316.92919921875","4160.427734375","4160.427734375","4160.427734375","3976.281982421875","3976.281982421875","3976.281982421875"
"4812800","4728.73974609375","4728.73974609375","4728.73974609375","3784.8076171875","3784.8076171875","3784.8076171875","4007.170654296875","4007.170654296875","4007.170654296875"
"4864000","4338.69384765625","4338.69384765625","4338.69384765625","3834.859375","3834.859375","3834.859375","4111.09130859375","4111.09130859375","4111.09130859375"
"4915200","4030.483154296875","4030.483154296875","4030.483154296875","4208.9306640625","4208.9306640625","4208.9306640625","4491.72119140625","4491.72119140625","4491.72119140625"
"4966400","4476.001953125","4476.001953125","4476.001953125","4174.185546875","4174.185546875","4174.185546875","4897.56787109375","4897.56787109375","4897.56787109375"
"5017600","4629.0703125","4629.0703125","4629.0703125","4264.51318359375","4264.51318359375","4264.51318359375","4935.4560546875","4935.4560546875","4935.4560546875"
"5068800","4756.7216796875","4756.7216796875","4756.7216796875","4551.76318359375","4551.76318359375","4551.76318359375","4611.572265625","4611.572265625","4611.572265625"
"5120000","5003.54443359375","5003.54443359375","5003.54443359375","4494.91943359375","4494.91943359375","4494.91943359375","4790.70654296875","4790.70654296875","4790.70654296875"
"5171200","5080.87939453125","5080.87939453125","5080.87939453125","4251.4384765625","4251.4384765625","4251.4384765625","5008.00537109375","5008.00537109375","5008.00537109375"
"5222400","4981.45556640625","4981.45556640625","4981.45556640625","4561.2607421875","4561.2607421875","4561.2607421875","5121.27734375","5121.27734375","5121.27734375"
"5273600","5021.1494140625","5021.1494140625","5021.1494140625","4507.9599609375","4507.9599609375","4507.9599609375","4988.48681640625","4988.48681640625","4988.48681640625"
"5324800","5047.0859375","5047.0859375","5047.0859375","3829.429931640625","3829.429931640625","3829.429931640625","4909.56884765625","4909.56884765625","4909.56884765625"
"5376000","4393.8837890625","4393.8837890625","4393.8837890625","4044.563232421875","4044.563232421875","4044.563232421875","4895.33642578125","4895.33642578125","4895.33642578125"
"5427200","4727.228515625","4727.228515625","4727.228515625","4451.54443359375","4451.54443359375","4451.54443359375","3852.422607421875","3852.422607421875","3852.422607421875"
"5478400","4756.8466796875","4756.8466796875","4756.8466796875","4801.15185546875","4801.15185546875","4801.15185546875","4252.89990234375","4252.89990234375","4252.89990234375"
"5529600","4878.76318359375","4878.76318359375","4878.76318359375","5042.8505859375","5042.8505859375","5042.8505859375","3426.4541015625","3426.4541015625","3426.4541015625"
"5580800","4993.7763671875","4993.7763671875","4993.7763671875","4860.1279296875","4860.1279296875","4860.1279296875","3747.718994140625","3747.718994140625","3747.718994140625"
"5632000","5096.44482421875","5096.44482421875","5096.44482421875","5015.42626953125","5015.42626953125","5015.42626953125","4308.13232421875","4308.13232421875","4308.13232421875"
"5683200","5258.87548828125","5258.87548828125","5258.87548828125","5223.3115234375","5223.3115234375","5223.3115234375","4627.990234375","4627.990234375","4627.990234375"
"5734400","5164.40673828125","5164.40673828125","5164.40673828125","5013.1943359375","5013.1943359375","5013.1943359375","4892.2451171875","4892.2451171875","4892.2451171875"
"5785600","5201.21728515625","5201.21728515625","5201.21728515625","4859.24365234375","4859.24365234375","4859.24365234375","4988.5712890625","4988.5712890625","4988.5712890625"
"5836800","5092.00634765625","5092.00634765625","5092.00634765625","4999.97265625","4999.97265625","4999.97265625","4913.16259765625","4913.16259765625","4913.16259765625"
"5888000","5220.6162109375","5220.6162109375","5220.6162109375","5137.72265625","5137.72265625","5137.72265625","4983.77294921875","4983.77294921875","4983.77294921875"
"5939200","5198.4873046875","5198.4873046875","5198.4873046875","4513.97705078125","4513.97705078125","4513.97705078125","5055.58251953125","5055.58251953125","5055.58251953125"
"5990400","5093.93310546875","5093.93310546875","5093.93310546875","4473.64990234375","4473.64990234375","4473.64990234375","4610.22412109375","4610.22412109375","4610.22412109375"
"6041600","4808.92822265625","4808.92822265625","4808.92822265625","4780.75927734375","4780.75927734375","4780.75927734375","4782.96728515625","4782.96728515625","4782.96728515625"
"6092800","5061.98291015625","5061.98291015625","5061.98291015625","4854.8115234375","4854.8115234375","4854.8115234375","4691.7119140625","4691.7119140625","4691.7119140625"
"6144000","5039.11376953125","5039.11376953125","5039.11376953125","4910.73193359375","4910.73193359375","4910.73193359375","4107.33251953125","4107.33251953125","4107.33251953125"
"6195200","5086.072265625","5086.072265625","5086.072265625","4891.31005859375","4891.31005859375","4891.31005859375","3809.9765625","3809.9765625","3809.9765625"
"6246400","4912.8544921875","4912.8544921875","4912.8544921875","4482.03466796875","4482.03466796875","4482.03466796875","4615.716796875","4615.716796875","4615.716796875"
"6297600","4978.8349609375","4978.8349609375","4978.8349609375","4707.22119140625","4707.22119140625","4707.22119140625","4488.853515625","4488.853515625","4488.853515625"
"6348800","4722.12158203125","4722.12158203125","4722.12158203125","4950.31884765625","4950.31884765625","4950.31884765625","4328.98974609375","4328.98974609375","4328.98974609375"
"6400000","4758.1953125","4758.1953125","4758.1953125","4772.14306640625","4772.14306640625","4772.14306640625","4691.37060546875","4691.37060546875","4691.37060546875"
"6451200","4229.22314453125","4229.22314453125","4229.22314453125","5074.6689453125","5074.6689453125","5074.6689453125","4940.04345703125","4940.04345703125","4940.04345703125"
"6502400","4449.32470703125","4449.32470703125","4449.32470703125","5186.3271484375","5186.3271484375","5186.3271484375","4682.0869140625","4682.0869140625","4682.0869140625"
"6553600","4202.56982421875","4202.56982421875","4202.56982421875","4853.53466796875","4853.53466796875","4853.53466796875","4850.4404296875","4850.4404296875","4850.4404296875"
"6604800","4427.078125","4427.078125","4427.078125","4978.10302734375","4978.10302734375","4978.10302734375","4808.0078125","4808.0078125","4808.0078125"
"6656000","4841.4482421875","4841.4482421875","4841.4482421875","4979.82177734375","4979.82177734375","4979.82177734375","4643.3740234375","4643.3740234375","4643.3740234375"
"6707200","5022.9951171875","5022.9951171875","5022.9951171875","4765.80029296875","4765.80029296875","4765.80029296875","4924.30517578125","4924.30517578125","4924.30517578125"
"6758400","4841.28466796875","4841.28466796875","4841.28466796875","5041.35107421875","5041.35107421875","5041.35107421875","4996.5","4996.5","4996.5"
"6809600","4700.537109375","4700.537109375","4700.537109375","5070.4296875","5070.4296875","5070.4296875","4964.4453125","4964.4453125","4964.4453125"
"6860800","4947.81982421875","4947.81982421875","4947.81982421875","5196.8408203125","5196.8408203125","5196.8408203125","4928.7548828125","4928.7548828125","4928.7548828125"
"6912000","4657.69677734375","4657.69677734375","4657.69677734375","4999.71435546875","4999.71435546875","4999.71435546875","4871.18408203125","4871.18408203125","4871.18408203125"
"6963200","4612.8310546875","4612.8310546875","4612.8310546875","4702.46044921875","4702.46044921875","4702.46044921875","4935.30224609375","4935.30224609375","4935.30224609375"
"7014400","4872.59228515625","4872.59228515625","4872.59228515625","4925.88037109375","4925.88037109375","4925.88037109375","4724.5859375","4724.5859375","4724.5859375"
"7065600","4680.912109375","4680.912109375","4680.912109375","4947.93359375","4947.93359375","4947.93359375","4131.6162109375","4131.6162109375","4131.6162109375"
"7116800","4665.869140625","4665.869140625","4665.869140625","4879.197265625","4879.197265625","4879.197265625","4594.50537109375","4594.50537109375","4594.50537109375"
"7168000","4917.22216796875","4917.22216796875","4917.22216796875","4603.2822265625","4603.2822265625","4603.2822265625","4629.646484375","4629.646484375","4629.646484375"
"7219200","5026.54345703125","5026.54345703125","5026.54345703125","4924.01220703125","4924.01220703125","4924.01220703125","4443.53955078125","4443.53955078125","4443.53955078125"
"7270400","5015.505859375","5015.505859375","5015.505859375","5019.09716796875","5019.09716796875","5019.09716796875","3625.37939453125","3625.37939453125","3625.37939453125"
"7321600","4971.7919921875","4971.7919921875","4971.7919921875","4000.347412109375","4000.347412109375","4000.347412109375","3989.22119140625","3989.22119140625","3989.22119140625"
"7372800","5041.23974609375","5041.23974609375","5041.23974609375","4483.3173828125","4483.3173828125","4483.3173828125","4507.45263671875","4507.45263671875","4507.45263671875"
"7424000","4919.5078125","4919.5078125","4919.5078125","4815.36572265625","4815.36572265625","4815.36572265625","4652.21533203125","4652.21533203125","4652.21533203125"
"7475200","4906.13916015625","4906.13916015625","4906.13916015625","4849.294921875","4849.294921875","4849.294921875","4795.32275390625","4795.32275390625","4795.32275390625"
"7526400","4939.37939453125","4939.37939453125","4939.37939453125","5065.958984375","5065.958984375","5065.958984375","5101.41650390625","5101.41650390625","5101.41650390625"
"7577600","5070.919921875","5070.919921875","5070.919921875","5218.44189453125","5218.44189453125","5218.44189453125","5112.0458984375","5112.0458984375","5112.0458984375"
"7628800","4988.67041015625","4988.67041015625","4988.67041015625","5290.94384765625","5290.94384765625","5290.94384765625","5131.34814453125","5131.34814453125","5131.34814453125"
"7680000","5146.98291015625","5146.98291015625","5146.98291015625","5301.251953125","5301.251953125","5301.251953125","4804.85205078125","4804.85205078125","4804.85205078125"
"7731200","5096.193359375","5096.193359375","5096.193359375","5139.8505859375","5139.8505859375","5139.8505859375","4791.93701171875","4791.93701171875","4791.93701171875"
"7782400","5045.6591796875","5045.6591796875","5045.6591796875","5281.13916015625","5281.13916015625","5281.13916015625","4913.05810546875","4913.05810546875","4913.05810546875"
"7833600","5085.1513671875","5085.1513671875","5085.1513671875","4492.97021484375","4492.97021484375","4492.97021484375","5084.03662109375","5084.03662109375","5084.03662109375"
"7884800","5150.21630859375","5150.21630859375","5150.21630859375","4662.75390625","4662.75390625","4662.75390625","5151.56884765625","5151.56884765625","5151.56884765625"
"7936000","5251.88818359375","5251.88818359375","5251.88818359375","4977.33154296875","4977.33154296875","4977.33154296875","5281.13916015625","5281.13916015625","5281.13916015625"
"7987200","5206.70166015625","5206.70166015625","5206.70166015625","5089.6474609375","5089.6474609375","5089.6474609375","5233.533203125","5233.533203125","5233.533203125"
"8038400","5097.20703125","5097.20703125","5097.20703125","5008.28173828125","5008.28173828125","5008.28173828125","4693.14794921875","4693.14794921875","4693.14794921875"
"8089600","5126.4287109375","5126.4287109375","5126.4287109375","5181.43408203125","5181.43408203125","5181.43408203125","4692.79345703125","4692.79345703125","4692.79345703125"
"8140800","5258.4873046875","5258.4873046875","5258.4873046875","4855.13623046875","4855.13623046875","4855.13623046875","4839.767578125","4839.767578125","4839.767578125"
"8192000","5199.4833984375","5199.4833984375","5199.4833984375","5054.2451171875","5054.2451171875","5054.2451171875","5108.818359375","5108.818359375","5108.818359375"
"8243200","4297.2333984375","4297.2333984375","4297.2333984375","5172.43994140625","5172.43994140625","5172.43994140625","5310.7060546875","5310.7060546875","5310.7060546875"
"8294400","3202.964111328125","3202.964111328125","3202.964111328125","5208.8310546875","5208.8310546875","5208.8310546875","5227.9189453125","5227.9189453125","5227.9189453125"
"8345600","4300.5205078125","4300.5205078125","4300.5205078125","5209.52099609375","5209.52099609375","5209.52099609375","5173.2412109375","5173.2412109375","5173.2412109375"
"8396800","4476.24853515625","4476.24853515625","4476.24853515625","5250.39697265625","5250.39697265625","5250.39697265625","5023.35693359375","5023.35693359375","5023.35693359375"
"8448000","4941.80029296875","4941.80029296875","4941.80029296875","5147.63916015625","5147.63916015625","5147.63916015625","5029.90380859375","5029.90380859375","5029.90380859375"
"8499200","5069.2392578125","5069.2392578125","5069.2392578125","5213.54150390625","5213.54150390625","5213.54150390625","4777.1005859375","4777.1005859375","4777.1005859375"
"8550400","5125.48876953125","5125.48876953125","5125.48876953125","5268.53759765625","5268.53759765625","5268.53759765625","3870.771728515625","3870.771728515625","3870.771728515625"
"8601600","5264.78466796875","5264.78466796875","5264.78466796875","5300.31982421875","5300.31982421875","5300.31982421875","4396.96435546875","4396.96435546875","4396.96435546875"
"8652800","4982.70703125","4982.70703125","4982.70703125","4946.53466796875","4946.53466796875","4946.53466796875","4604.49609375","4604.49609375","4604.49609375"
"8704000","5054.95068359375","5054.95068359375","5054.95068359375","5110.39013671875","5110.39013671875","5110.39013671875","4839.931640625","4839.931640625","4839.931640625"
"8755200","5131.52978515625","5131.52978515625","5131.52978515625","5210.11328125","5210.11328125","5210.11328125","4802.30029296875","4802.30029296875","4802.30029296875"
"8806400","5248.35107421875","5248.35107421875","5248.35107421875","5198.74560546875","5198.74560546875","5198.74560546875","4137.751953125","4137.751953125","4137.751953125"
"8857600","5184.087890625","5184.087890625","5184.087890625","4594.55419921875","4594.55419921875","4594.55419921875","4374.9169921875","4374.9169921875","4374.9169921875"
"8908800","5318.35546875","5318.35546875","5318.35546875","4848.97900390625","4848.97900390625","4848.97900390625","4726.04248046875","4726.04248046875","4726.04248046875"
"8960000","5260.7724609375","5260.7724609375","5260.7724609375","4744.30712890625","4744.30712890625","4744.30712890625","5079.09814453125","5079.09814453125","5079.09814453125"
"9011200","5337.1494140625","5337.1494140625","5337.1494140625","4985.78759765625","4985.78759765625","4985.78759765625","5251.19091796875","5251.19091796875","5251.19091796875"
"9062400","5418.8515625","5418.8515625","5418.8515625","5088.01318359375","5088.01318359375","5088.01318359375","5288.66552734375","5288.66552734375","5288.66552734375"
"9113600","5295.076171875","5295.076171875","5295.076171875","5119.88134765625","5119.88134765625","5119.88134765625","5296.63134765625","5296.63134765625","5296.63134765625"
"9164800","5332.38720703125","5332.38720703125","5332.38720703125","4816.1015625","4816.1015625","4816.1015625","5299.06884765625","5299.06884765625","5299.06884765625"
"9216000","5231.783203125","5231.783203125","5231.783203125","4628.94384765625","4628.94384765625","4628.94384765625","5438.5419921875","5438.5419921875","5438.5419921875"
"9267200","5252.92919921875","5252.92919921875","5252.92919921875","4894.9130859375","4894.9130859375","4894.9130859375","5461.24072265625","5461.24072265625","5461.24072265625"
"9318400","5232.6181640625","5232.6181640625","5232.6181640625","3661.0283203125","3661.0283203125","3661.0283203125","5531.9140625","5531.9140625","5531.9140625"
"9369600","5211.583984375","5211.583984375","5211.583984375","4458.23876953125","4458.23876953125","4458.23876953125","5507.8271484375","5507.8271484375","5507.8271484375"
"9420800","5332.2236328125","5332.2236328125","5332.2236328125","4909.30810546875","4909.30810546875","4909.30810546875","5540.19384765625","5540.19384765625","5540.19384765625"
"9472000","5315.2138671875","5315.2138671875","5315.2138671875","5032.93505859375","5032.93505859375","5032.93505859375","5486.89111328125","5486.89111328125","5486.89111328125"
"9523200","5339.75244140625","5339.75244140625","5339.75244140625","4168.30322265625","4168.30322265625","4168.30322265625","5424.328125","5424.328125","5424.328125"
"9574400","5210.916015625","5210.916015625","5210.916015625","4301.4091796875","4301.4091796875","4301.4091796875","5294.4013671875","5294.4013671875","5294.4013671875"
"9625600","5310.0986328125","5310.0986328125","5310.0986328125","4640.05908203125","4640.05908203125","4640.05908203125","5195.64990234375","5195.64990234375","5195.64990234375"
"9676800","5300.80810546875","5300.80810546875","5300.80810546875","5009.04296875","5009.04296875","5009.04296875","5101.8984375","5101.8984375","5101.8984375"
"9728000","5327.8603515625","5327.8603515625","5327.8603515625","5056.66845703125","5056.66845703125","5056.66845703125","5191.9013671875","5191.9013671875","5191.9013671875"
"9779200","5069.27978515625","5069.27978515625","5069.27978515625","5285.47998046875","5285.47998046875","5285.47998046875","5247.7998046875","5247.7998046875","5247.7998046875"
"9830400","5009.36962890625","5009.36962890625","5009.36962890625","5404.8388671875","5404.8388671875","5404.8388671875","5212.0595703125","5212.0595703125","5212.0595703125"
"9881600","5248.5556640625","5248.5556640625","5248.5556640625","4981.30517578125","4981.30517578125","4981.30517578125","5232.13037109375","5232.13037109375","5232.13037109375"
"9932800","5435.5771484375","5435.5771484375","5435.5771484375","4138.49853515625","4138.49853515625","4138.49853515625","5282.3583984375","5282.3583984375","5282.3583984375"
"9984000","5369.64501953125","5369.64501953125","5369.64501953125","4106.43505859375","4106.43505859375","4106.43505859375","5342.798828125","5342.798828125","5342.798828125"
"10035200","5292.703125","5292.703125","5292.703125","4688.38037109375","4688.38037109375","4688.38037109375","5364.71435546875","5364.71435546875","5364.71435546875"
"10086400","5073.697265625","5073.697265625","5073.697265625","5051.6279296875","5051.6279296875","5051.6279296875","5325.9267578125","5325.9267578125","5325.9267578125"
"10137600","5186.0107421875","5186.0107421875","5186.0107421875","5126.103515625","5126.103515625","5126.103515625","5327.0517578125","5327.0517578125","5327.0517578125"
"10188800","4807.34228515625","4807.34228515625","4807.34228515625","5305.23193359375","5305.23193359375","5305.23193359375","5185.45458984375","5185.45458984375","5185.45458984375"
"10240000","4964.92041015625","4964.92041015625","4964.92041015625","5313.05908203125","5313.05908203125","5313.05908203125","5251.55224609375","5251.55224609375","5251.55224609375"
"10291200","5007.12451171875","5007.12451171875","5007.12451171875","5445.29052734375","5445.29052734375","5445.29052734375","5419.0087890625","5419.0087890625","5419.0087890625"
"10342400","4879.52099609375","4879.52099609375","4879.52099609375","5481.0244140625","5481.0244140625","5481.0244140625","5194.5048828125","5194.5048828125","5194.5048828125"
"10393600","5226.00341796875","5226.00341796875","5226.00341796875","5481.5009765625","5481.5009765625","5481.5009765625","5124.39990234375","5124.39990234375","5124.39990234375"
"10444800","5140.3759765625","5140.3759765625","5140.3759765625","5517.39501953125","5517.39501953125","5517.39501953125","5151.33935546875","5151.33935546875","5151.33935546875"
"10496000","5212.52685546875","5212.52685546875","5212.52685546875","5484.9248046875","5484.9248046875","5484.9248046875","5103.29443359375","5103.29443359375","5103.29443359375"
"10547200","5318.98486328125","5318.98486328125","5318.98486328125","5488.0224609375","5488.0224609375","5488.0224609375","4990.1982421875","4990.1982421875","4990.1982421875"
"10598400","5430.73779296875","5430.73779296875","5430.73779296875","5177.322265625","5177.322265625","5177.322265625","5040.986328125","5040.986328125","5040.986328125"
"10649600","5366.83251953125","5366.83251953125","5366.83251953125","5153.70947265625","5153.70947265625","5153.70947265625","5231.4833984375","5231.4833984375","5231.4833984375"
"10700800","5461.181640625","5461.181640625","5461.181640625","5301.4482421875","5301.4482421875","5301.4482421875","5392.63916015625","5392.63916015625","5392.63916015625"
"10752000","5528.90966796875","5528.90966796875","5528.90966796875","5339.32861328125","5339.32861328125","5339.32861328125","5356.20654296875","5356.20654296875","5356.20654296875"
"10803200","5468.7587890625","5468.7587890625","5468.7587890625","5220.59912109375","5220.59912109375","5220.59912109375","5482.4130859375","5482.4130859375","5482.4130859375"
"10854400","5477.89599609375","5477.89599609375","5477.89599609375","4936.34765625","4936.34765625","4936.34765625","5481.9130859375","5481.9130859375","5481.9130859375"
"10905600","5461.00537109375","5461.00537109375","5461.00537109375","5236.61865234375","5236.61865234375","5236.61865234375","5467.80029296875","5467.80029296875","5467.80029296875"
"10956800","5079.28466796875","5079.28466796875","5079.28466796875","5284.10107421875","5284.10107421875","5284.10107421875","5444.27099609375","5444.27099609375","5444.27099609375"
"11008000","5121.14208984375","5121.14208984375","5121.14208984375","5282.7998046875","5282.7998046875","5282.7998046875","5516.77197265625","5516.77197265625","5516.77197265625"
"11059200","5267.57421875","5267.57421875","5267.57421875","5203.64306640625","5203.64306640625","5203.64306640625","5524.7294921875","5524.7294921875","5524.7294921875"
"11110400","5316.033203125","5316.033203125","5316.033203125","5204.548828125","5204.548828125","5204.548828125","5530.28759765625","5530.28759765625","5530.28759765625"
"11161600","5367.24560546875","5367.24560546875","5367.24560546875","5289.2724609375","5289.2724609375","5289.2724609375","5464.79931640625","5464.79931640625","5464.79931640625"
"11212800","5495.99658203125","5495.99658203125","5495.99658203125","5392.66259765625","5392.66259765625","5392.66259765625","5512.466796875","5512.466796875","5512.466796875"
"11264000","5512.4775390625","5512.4775390625","5512.4775390625","5308.984375","5308.984375","5308.984375","5507.52001953125","5507.52001953125","5507.52001953125"
"11315200","5463.9072265625","5463.9072265625","5463.9072265625","5394.63232421875","5394.63232421875","5394.63232421875","5558.7724609375","5558.7724609375","5558.7724609375"
"11366400","5393.154296875","5393.154296875","5393.154296875","5408.2451171875","5408.2451171875","5408.2451171875","5558.5322265625","5558.5322265625","5558.5322265625"
"11417600","5262.3525390625","5262.3525390625","5262.3525390625","5506.60595703125","5506.60595703125","5506.60595703125","5535.81982421875","5535.81982421875","5535.81982421875"
"11468800","5415.64599609375","5415.64599609375","5415.64599609375","5507.6103515625","5507.6103515625","5507.6103515625","5562.08154296875","5562.08154296875","5562.08154296875"
"11520000","5438.3994140625","5438.3994140625","5438.3994140625","5541.091796875","5541.091796875","5541.091796875","5353.544921875","5353.544921875","5353.544921875"
"11571200","5419.9140625","5419.9140625","5419.9140625","5528.64404296875","5528.64404296875","5528.64404296875","5276.1396484375","5276.1396484375","5276.1396484375"
"11622400","5359.64697265625","5359.64697265625","5359.64697265625","5452.3173828125","5452.3173828125","5452.3173828125","5193.4833984375","5193.4833984375","5193.4833984375"
"11673600","5466.841796875","5466.841796875","5466.841796875","5526.28857421875","5526.28857421875","5526.28857421875","5146.78076171875","5146.78076171875","5146.78076171875"
"11724800","5470.8193359375","5470.8193359375","5470.8193359375","5508.994140625","5508.994140625","5508.994140625","5302.75927734375","5302.75927734375","5302.75927734375"
"11776000","5504.263671875","5504.263671875","5504.263671875","5542.5224609375","5542.5224609375","5542.5224609375","5370.59375","5370.59375","5370.59375"
"11827200","5549.17431640625","5549.17431640625","5549.17431640625","5480.400390625","5480.400390625","5480.400390625","5499.751953125","5499.751953125","5499.751953125"
"11878400","5592.9365234375","5592.9365234375","5592.9365234375","5493.80810546875","5493.80810546875","5493.80810546875","5473.6455078125","5473.6455078125","5473.6455078125"
"11929600","5583.7060546875","5583.7060546875","5583.7060546875","5541.2255859375","5541.2255859375","5541.2255859375","5462.68115234375","5462.68115234375","5462.68115234375"
"11980800","5611.517578125","5611.517578125","5611.517578125","5565.65380859375","5565.65380859375","5565.65380859375","5438.13134765625","5438.13134765625","5438.13134765625"
"12032000","5562.09619140625","5562.09619140625","5562.09619140625","5493.19873046875","5493.19873046875","5493.19873046875","5504.75439453125","5504.75439453125","5504.75439453125"
"12083200","5593.11474609375","5593.11474609375","5593.11474609375","5517.52978515625","5517.52978515625","5517.52978515625","5490.55224609375","5490.55224609375","5490.55224609375"
"12134400","5414.048828125","5414.048828125","5414.048828125","5534.4326171875","5534.4326171875","5534.4326171875","5548.58056640625","5548.58056640625","5548.58056640625"
"12185600","5421.56787109375","5421.56787109375","5421.56787109375","5553.55419921875","5553.55419921875","5553.55419921875","5558.1884765625","5558.1884765625","5558.1884765625"
"12236800","5466.83154296875","5466.83154296875","5466.83154296875","5523.75732421875","5523.75732421875","5523.75732421875","5379.4921875","5379.4921875","5379.4921875"
"12288000","5536.80615234375","5536.80615234375","5536.80615234375","5340.32568359375","5340.32568359375","5340.32568359375","5443.43359375","5443.43359375","5443.43359375"
"12339200","5579.541015625","5579.541015625","5579.541015625","5468.33056640625","5468.33056640625","5468.33056640625","5504.34033203125","5504.34033203125","5504.34033203125"
"12390400","5566.48681640625","5566.48681640625","5566.48681640625","5486.884765625","5486.884765625","5486.884765625","5561.2548828125","5561.2548828125","5561.2548828125"
"12441600","5519.65966796875","5519.65966796875","5519.65966796875","5490.5244140625","5490.5244140625","5490.5244140625","5607.736328125","5607.736328125","5607.736328125"
"12492800","5595.1396484375","5595.1396484375","5595.1396484375","5491.10791015625","5491.10791015625","5491.10791015625","5549.4921875","5549.4921875","5549.4921875"
"12544000","5579.29931640625","5579.29931640625","5579.29931640625","5444.3427734375","5444.3427734375","5444.3427734375","5603.611328125","5603.611328125","5603.611328125"
"12595200","5563.4150390625","5563.4150390625","5563.4150390625","5525.03564453125","5525.03564453125","5525.03564453125","5628.63427734375","5628.63427734375","5628.63427734375"
"12646400","5482.75","5482.75","5482.75","5412.0849609375","5412.0849609375","5412.0849609375","5637.42822265625","5637.42822265625","5637.42822265625"
"12697600","5435.8115234375","5435.8115234375","5435.8115234375","5305.6328125","5305.6328125","5305.6328125","5610.21435546875","5610.21435546875","5610.21435546875"
"12748800","5396.98486328125","5396.98486328125","5396.98486328125","5199.1533203125","5199.1533203125","5199.1533203125","5638.4384765625","5638.4384765625","5638.4384765625"
"12800000","5495.05908203125","5495.05908203125","5495.05908203125","5149.541015625","5149.541015625","5149.541015625","5653.6513671875","5653.6513671875","5653.6513671875"
"12851200","5555.716796875","5555.716796875","5555.716796875","5354.50048828125","5354.50048828125","5354.50048828125","5626.025390625","5626.025390625","5626.025390625"
"12902400","5490.23681640625","5490.23681640625","5490.23681640625","5456.0849609375","5456.0849609375","5456.0849609375","5502.3603515625","5502.3603515625","5502.3603515625"
"12953600","5569.935546875","5569.935546875","5569.935546875","5446.30859375","5446.30859375","5446.30859375","5563.9404296875","5563.9404296875","5563.9404296875"
"13004800","5536.4462890625","5536.4462890625","5536.4462890625","5354.3037109375","5354.3037109375","5354.3037109375","5564.869140625","5564.869140625","5564.869140625"
"13056000","5593.09619140625","5593.09619140625","5593.09619140625","5372.44970703125","5372.44970703125","5372.44970703125","5572.31689453125","5572.31689453125","5572.31689453125"
"13107200","5581.4599609375","5581.4599609375","5581.4599609375","5214.45166015625","5214.45166015625","5214.45166015625","5545.4921875","5545.4921875","5545.4921875"
"13158400","5626.7431640625","5626.7431640625","5626.7431640625","4716.392578125","4716.392578125","4716.392578125","5554.21484375","5554.21484375","5554.21484375"
"13209600","5566.1982421875","5566.1982421875","5566.1982421875","4924.7041015625","4924.7041015625","4924.7041015625","5602.1513671875","5602.1513671875","5602.1513671875"
"13260800","5623.3505859375","5623.3505859375","5623.3505859375","5133.12158203125","5133.12158203125","5133.12158203125","5640.775390625","5640.775390625","5640.775390625"
"13312000","5597.9873046875","5597.9873046875","5597.9873046875","5256.79736328125","5256.79736328125","5256.79736328125","5511.25048828125","5511.25048828125","5511.25048828125"
"13363200","5629.63720703125","5629.63720703125","5629.63720703125","5420.6083984375","5420.6083984375","5420.6083984375","5434.3759765625","5434.3759765625","5434.3759765625"
"13414400","5567.84814453125","5567.84814453125","5567.84814453125","5415.5859375","5415.5859375","5415.5859375","5284.62548828125","5284.62548828125","5284.62548828125"
"13465600","5626.90966796875","5626.90966796875","5626.90966796875","5493.27294921875","5493.27294921875","5493.27294921875","5334.31787109375","5334.31787109375","5334.31787109375"
"13516800","5603.36279296875","5603.36279296875","5603.36279296875","5528.70654296875","5528.70654296875","5528.70654296875","5365.10009765625","5365.10009765625","5365.10009765625"
"13568000","5637.75341796875","5637.75341796875","5637.75341796875","5554.58349609375","5554.58349609375","5554.58349609375","5428.93798828125","5428.93798828125","5428.93798828125"
"13619200","5655.11669921875","5655.11669921875","5655.11669921875","5542.00732421875","5542.00732421875","5542.00732421875","5450.0576171875","5450.0576171875","5450.0576171875"
"13670400","5584.63623046875","5584.63623046875","5584.63623046875","5572.38232421875","5572.38232421875","5572.38232421875","5442.86181640625","5442.86181640625","5442.86181640625"
"13721600","5630.9765625","5630.9765625","5630.9765625","5588.2607421875","5588.2607421875","5588.2607421875","5527.44921875","5527.44921875","5527.44921875"
"13772800","5661.5849609375","5661.5849609375","5661.5849609375","5504.7646484375","5504.7646484375","5504.7646484375","5553.1806640625","5553.1806640625","5553.1806640625"
"13824000","5677.36376953125","5677.36376953125","5677.36376953125","5407.78466796875","5407.78466796875","5407.78466796875","5578.876953125","5578.876953125","5578.876953125"
"13875200","5685.544921875","5685.544921875","5685.544921875","5459.1025390625","5459.1025390625","5459.1025390625","5639.55810546875","5639.55810546875","5639.55810546875"
"13926400","5694.72509765625","5694.72509765625","5694.72509765625","5531.4384765625","5531.4384765625","5531.4384765625","5666.5634765625","5666.5634765625","5666.5634765625"
"13977600","5608.12841796875","5608.12841796875","5608.12841796875","5519.8291015625","5519.8291015625","5519.8291015625","5507.75537109375","5507.75537109375","5507.75537109375"
"14028800","5497.27783203125","5497.27783203125","5497.27783203125","5452.556640625","5452.556640625","5452.556640625","5563.51416015625","5563.51416015625","5563.51416015625"
"14080000","5526.478515625","5526.478515625","5526.478515625","5417.0576171875","5417.0576171875","5417.0576171875","5588.73876953125","5588.73876953125","5588.73876953125"
"14131200","5580.1181640625","5580.1181640625","5580.1181640625","5422.2119140625","5422.2119140625","5422.2119140625","5645.3466796875","5645.3466796875","5645.3466796875"
"14182400","5546.93310546875","5546.93310546875","5546.93310546875","5433.0693359375","5433.0693359375","5433.0693359375","5667.20849609375","5667.20849609375","5667.20849609375"
"14233600","5566.3916015625","5566.3916015625","5566.3916015625","5522.66162109375","5522.66162109375","5522.66162109375","5684.4873046875","5684.4873046875","5684.4873046875"
"14284800","5574.52734375","5574.52734375","5574.52734375","5560.87548828125","5560.87548828125","5560.87548828125","5658.63623046875","5658.63623046875","5658.63623046875"
"14336000","5621.57470703125","5621.57470703125","5621.57470703125","5540.853515625","5540.853515625","5540.853515625","5681.09716796875","5681.09716796875","5681.09716796875"
"14387200","5551.2724609375","5551.2724609375","5551.2724609375","5587.7919921875","5587.7919921875","5587.7919921875","5659.24755859375","5659.24755859375","5659.24755859375"
"14438400","5572.998046875","5572.998046875","5572.998046875","5618.3662109375","5618.3662109375","5618.3662109375","5638.97802734375","5638.97802734375","5638.97802734375"
"14489600","5632.9951171875","5632.9951171875","5632.9951171875","5630.50439453125","5630.50439453125","5630.50439453125","5663.65673828125","5663.65673828125","5663.65673828125"
"14540800","5520.947265625","5520.947265625","5520.947265625","5634.96240234375","5634.96240234375","5634.96240234375","5688.65234375","5688.65234375","5688.65234375"
"14592000","5536.85302734375","5536.85302734375","5536.85302734375","5639.05224609375","5639.05224609375","5639.05224609375","5699.0703125","5699.0703125","5699.0703125"
"14643200","5536.673828125","5536.673828125","5536.673828125","5612.3505859375","5612.3505859375","5612.3505859375","5706.85791015625","5706.85791015625","5706.85791015625"
"14694400","5525.17041015625","5525.17041015625","5525.17041015625","5629.7392578125","5629.7392578125","5629.7392578125","5674.42724609375","5674.42724609375","5674.42724609375"
"14745600","5605.4765625","5605.4765625","5605.4765625","5639.498046875","5639.498046875","5639.498046875","5690.9423828125","5690.9423828125","5690.9423828125"
"14796800","5609.595703125","5609.595703125","5609.595703125","5538.09130859375","5538.09130859375","5538.09130859375","5637.91748046875","5637.91748046875","5637.91748046875"
"14848000","5515.7119140625","5515.7119140625","5515.7119140625","5533.8056640625","5533.8056640625","5533.8056640625","5576.6796875","5576.6796875","5576.6796875"
"14899200","5523.5625","5523.5625","5523.5625","5587.19921875","5587.19921875","5587.19921875","5547.498046875","5547.498046875","5547.498046875"
"14950400","5552.41064453125","5552.41064453125","5552.41064453125","5568.470703125","5568.470703125","5568.470703125","5501.9794921875","5501.9794921875","5501.9794921875"
"15001600","5621.4296875","5621.4296875","5621.4296875","5605.3759765625","5605.3759765625","5605.3759765625","5581.14990234375","5581.14990234375","5581.14990234375"
"15052800","5542.5009765625","5542.5009765625","5542.5009765625","5621.35791015625","5621.35791015625","5621.35791015625","5557.1767578125","5557.1767578125","5557.1767578125"
"15104000","5560.55859375","5560.55859375","5560.55859375","5634.04296875","5634.04296875","5634.04296875","5587.9453125","5587.9453125","5587.9453125"
"15155200","5558.27001953125","5558.27001953125","5558.27001953125","5603.0556640625","5603.0556640625","5603.0556640625","5592.01806640625","5592.01806640625","5592.01806640625"
"15206400","5572.25537109375","5572.25537109375","5572.25537109375","5627.85986328125","5627.85986328125","5627.85986328125","5597.0966796875","5597.0966796875","5597.0966796875"
"15257600","5504.22119140625","5504.22119140625","5504.22119140625","5588.478515625","5588.478515625","5588.478515625","5546.2607421875","5546.2607421875","5546.2607421875"
"15308800","5567.89404296875","5567.89404296875","5567.89404296875","5568.58349609375","5568.58349609375","5568.58349609375","5588.63671875","5588.63671875","5588.63671875"
"15360000","5485.14697265625","5485.14697265625","5485.14697265625","5601.1806640625","5601.1806640625","5601.1806640625","5643.353515625","5643.353515625","5643.353515625"