,Unnamed: 0,Step,PWM_HumanoidEnv_sweep_2 - rewards,PWM_HumanoidEnv_sweep_2 - rewards__MIN,PWM_HumanoidEnv_sweep_2 - rewards__MAX,PWM_HumanoidEnv_sweep_1 - rewards,PWM_HumanoidEnv_sweep_1 - rewards__MIN,PWM_HumanoidEnv_sweep_1 - rewards__MAX,PWM_HumanoidEnv_sweep_0 - rewards,PWM_HumanoidEnv_sweep_0 - rewards__MIN,PWM_HumanoidEnv_sweep_0 - rewards__MAX
0,0,245760,124.38760375976562,124.38760375976562,124.38760375976562,107.70155334472656,107.70155334472656,107.70155334472656,99.73921966552734,99.73921966552734,99.73921966552734
1,1,307200,83.96680450439453,83.96680450439453,83.96680450439453,111.73709869384766,111.73709869384766,111.73709869384766,100.88713836669922,100.88713836669922,100.88713836669922
2,2,368640,103.54562377929688,103.54562377929688,103.54562377929688,91.17865753173828,91.17865753173828,91.17865753173828,88.11357879638672,88.11357879638672,88.11357879638672
3,3,430080,96.67432403564452,96.67432403564452,96.67432403564452,86.88255310058594,86.88255310058594,86.88255310058594,106.01382446289062,106.01382446289062,106.01382446289062
4,4,491520,73.1307373046875,73.1307373046875,73.1307373046875,101.28034210205078,101.28034210205078,101.28034210205078,83.4847183227539,83.4847183227539,83.4847183227539
5,5,552960,84.7667465209961,84.7667465209961,84.7667465209961,62.478240966796875,62.478240966796875,62.478240966796875,110.03994750976562,110.03994750976562,110.03994750976562
6,6,614400,100.33221435546876,100.33221435546876,100.33221435546876,100.22858428955078,100.22858428955078,100.22858428955078,92.79898834228516,92.79898834228516,92.79898834228516
7,7,675840,99.52570343017578,99.52570343017578,99.52570343017578,95.78091430664062,95.78091430664062,95.78091430664062,90.8855972290039,90.8855972290039,90.8855972290039
8,8,737280,120.0718002319336,120.0718002319336,120.0718002319336,80.3393325805664,80.3393325805664,80.3393325805664,115.82809448242188,115.82809448242188,115.82809448242188
9,9,798720,85.55591583251953,85.55591583251953,85.55591583251953,102.69723510742188,102.69723510742188,102.69723510742188,124.6864242553711,124.6864242553711,124.6864242553711
10,10,860160,95.46997833251952,95.46997833251952,95.46997833251952,100.29470825195312,100.29470825195312,100.29470825195312,111.06058502197266,111.06058502197266,111.06058502197266
11,11,921600,80.92814636230469,80.92814636230469,80.92814636230469,108.20182037353516,108.20182037353516,108.20182037353516,106.59779357910156,106.59779357910156,106.59779357910156
12,12,983040,126.9697494506836,126.9697494506836,126.9697494506836,114.72554779052734,114.72554779052734,114.72554779052734,123.73104095458984,123.73104095458984,123.73104095458984
13,13,1044480,125.05841827392578,125.05841827392578,125.05841827392578,101.07518005371094,101.07518005371094,101.07518005371094,113.07701873779295,113.07701873779295,113.07701873779295
14,14,1105920,99.79714965820312,99.79714965820312,99.79714965820312,79.1255111694336,79.1255111694336,79.1255111694336,124.39850616455078,124.39850616455078,124.39850616455078
15,15,1167360,109.02658081054688,109.02658081054688,109.02658081054688,96.8118896484375,96.8118896484375,96.8118896484375,148.110107421875,148.110107421875,148.110107421875
16,16,1228800,100.05421447753906,100.05421447753906,100.05421447753906,89.74260711669922,89.74260711669922,89.74260711669922,133.3149871826172,133.3149871826172,133.3149871826172
17,17,1290240,123.98390197753906,123.98390197753906,123.98390197753906,106.78123474121094,106.78123474121094,106.78123474121094,167.8639373779297,167.8639373779297,167.8639373779297
18,18,1351680,100.0013198852539,100.0013198852539,100.0013198852539,116.10236358642578,116.10236358642578,116.10236358642578,115.1991958618164,115.1991958618164,115.1991958618164
19,19,1413120,151.49374389648438,151.49374389648438,151.49374389648438,112.567138671875,112.567138671875,112.567138671875,140.9984588623047,140.9984588623047,140.9984588623047
20,20,1474560,127.42804718017578,127.42804718017578,127.42804718017578,78.07376098632812,78.07376098632812,78.07376098632812,144.04794311523438,144.04794311523438,144.04794311523438
21,21,1536000,133.30738830566406,133.30738830566406,133.30738830566406,100.09662628173828,100.09662628173828,100.09662628173828,135.64247131347656,135.64247131347656,135.64247131347656
22,22,1597440,115.65779113769533,115.65779113769533,115.65779113769533,116.48268127441406,116.48268127441406,116.48268127441406,152.71409606933594,152.71409606933594,152.71409606933594
23,23,1658880,151.9157257080078,151.9157257080078,151.9157257080078,90.33079528808594,90.33079528808594,90.33079528808594,120.91338348388672,120.91338348388672,120.91338348388672
24,24,1720320,174.8250732421875,174.8250732421875,174.8250732421875,104.46503448486328,104.46503448486328,104.46503448486328,136.48341369628906,136.48341369628906,136.48341369628906
25,25,1781760,160.93759155273438,160.93759155273438,160.93759155273438,122.46920776367188,122.46920776367188,122.46920776367188,144.776123046875,144.776123046875,144.776123046875
26,26,1843200,143.87965393066406,143.87965393066406,143.87965393066406,149.30564880371094,149.30564880371094,149.30564880371094,128.86062622070312,128.86062622070312,128.86062622070312
27,27,1904640,151.9106903076172,151.9106903076172,151.9106903076172,125.11290740966795,125.11290740966795,125.11290740966795,131.9427947998047,131.9427947998047,131.9427947998047
28,28,1966080,194.3028259277344,194.3028259277344,194.3028259277344,135.55526733398438,135.55526733398438,135.55526733398438,155.8131103515625,155.8131103515625,155.8131103515625
29,29,2027520,170.45681762695312,170.45681762695312,170.45681762695312,122.91802215576172,122.91802215576172,122.91802215576172,153.3815155029297,153.3815155029297,153.3815155029297
30,30,2088960,177.84751892089844,177.84751892089844,177.84751892089844,158.13710021972656,158.13710021972656,158.13710021972656,178.24798583984375,178.24798583984375,178.24798583984375
31,31,2150400,170.46717834472656,170.46717834472656,170.46717834472656,142.80348205566406,142.80348205566406,142.80348205566406,181.5259704589844,181.5259704589844,181.5259704589844
32,32,2211840,227.12222290039065,227.12222290039065,227.12222290039065,148.8636016845703,148.8636016845703,148.8636016845703,199.0547637939453,199.0547637939453,199.0547637939453
33,33,2273280,238.27960205078125,238.27960205078125,238.27960205078125,154.3772430419922,154.3772430419922,154.3772430419922,182.95339965820312,182.95339965820312,182.95339965820312
34,34,2334720,290.0340576171875,290.0340576171875,290.0340576171875,169.00656127929688,169.00656127929688,169.00656127929688,216.0878143310547,216.0878143310547,216.0878143310547
35,35,2396160,242.47317504882812,242.47317504882812,242.47317504882812,205.38839721679688,205.38839721679688,205.38839721679688,278.6912841796875,278.6912841796875,278.6912841796875
36,36,2457600,227.87266540527344,227.87266540527344,227.87266540527344,222.31512451171875,222.31512451171875,222.31512451171875,261.9117431640625,261.9117431640625,261.9117431640625
37,37,2519040,235.3821258544922,235.3821258544922,235.3821258544922,195.32997131347656,195.32997131347656,195.32997131347656,216.65966796875,216.65966796875,216.65966796875
38,38,2580480,395.4023742675781,395.4023742675781,395.4023742675781,187.37521362304688,187.37521362304688,187.37521362304688,326.5476379394531,326.5476379394531,326.5476379394531
39,39,2641920,338.455810546875,338.455810546875,338.455810546875,195.72804260253903,195.72804260253903,195.72804260253903,329.9939270019531,329.9939270019531,329.9939270019531
40,40,2703360,332.41009521484375,332.41009521484375,332.41009521484375,220.57598876953125,220.57598876953125,220.57598876953125,283.7571105957031,283.7571105957031,283.7571105957031
41,41,2764800,305.19097900390625,305.19097900390625,305.19097900390625,283.23126220703125,283.23126220703125,283.23126220703125,462.1585693359375,462.1585693359375,462.1585693359375
42,42,2826240,300.0287170410156,300.0287170410156,300.0287170410156,342.79052734375,342.79052734375,342.79052734375,471.4007263183594,471.4007263183594,471.4007263183594
43,43,2887680,400.3039245605469,400.3039245605469,400.3039245605469,280.2063293457031,280.2063293457031,280.2063293457031,397.1487731933594,397.1487731933594,397.1487731933594
44,44,2949120,287.27374267578125,287.27374267578125,287.27374267578125,289.0683288574219,289.0683288574219,289.0683288574219,369.5281982421875,369.5281982421875,369.5281982421875
45,45,3010560,280.60418701171875,280.60418701171875,280.60418701171875,346.73382568359375,346.73382568359375,346.73382568359375,336.87261962890625,336.87261962890625,336.87261962890625
46,46,3072000,374.48138427734375,374.48138427734375,374.48138427734375,364.5774230957031,364.5774230957031,364.5774230957031,341.23291015625,341.23291015625,341.23291015625
47,47,3133440,445.1720886230469,445.1720886230469,445.1720886230469,315.9028015136719,315.9028015136719,315.9028015136719,532.9874877929688,532.9874877929688,532.9874877929688
48,48,3194880,467.7995910644531,467.7995910644531,467.7995910644531,371.4314880371094,371.4314880371094,371.4314880371094,701.7711791992188,701.7711791992188,701.7711791992188
49,49,3256320,432.9864807128906,432.9864807128906,432.9864807128906,427.68450927734375,427.68450927734375,427.68450927734375,547.5427856445312,547.5427856445312,547.5427856445312
50,50,3317760,491.4179992675781,491.4179992675781,491.4179992675781,404.112060546875,404.112060546875,404.112060546875,641.0828857421875,641.0828857421875,641.0828857421875
51,51,3379200,590.6345825195312,590.6345825195312,590.6345825195312,475.7527160644531,475.7527160644531,475.7527160644531,654.7700805664062,654.7700805664062,654.7700805664062
52,52,3440640,432.81060791015625,432.81060791015625,432.81060791015625,467.0809020996094,467.0809020996094,467.0809020996094,574.2237548828125,574.2237548828125,574.2237548828125
53,53,3502080,598.19921875,598.19921875,598.19921875,490.7247924804687,490.7247924804687,490.7247924804687,651.1820068359375,651.1820068359375,651.1820068359375
54,54,3563520,618.3397216796875,618.3397216796875,618.3397216796875,508.8409118652344,508.8409118652344,508.8409118652344,572.9017333984375,572.9017333984375,572.9017333984375
55,55,3624960,471.5861511230469,471.5861511230469,471.5861511230469,381.4510192871094,381.4510192871094,381.4510192871094,558.2836303710938,558.2836303710938,558.2836303710938
56,56,3686400,571.0848388671875,571.0848388671875,571.0848388671875,458.72601318359375,458.72601318359375,458.72601318359375,633.9212646484375,633.9212646484375,633.9212646484375
57,57,3747840,659.2694091796875,659.2694091796875,659.2694091796875,552.8016967773438,552.8016967773438,552.8016967773438,621.3635864257812,621.3635864257812,621.3635864257812
58,58,3809280,514.7849731445312,514.7849731445312,514.7849731445312,459.9173278808594,459.9173278808594,459.9173278808594,661.1100463867188,661.1100463867188,661.1100463867188
59,59,3870720,517.59765625,517.59765625,517.59765625,619.1083984375,619.1083984375,619.1083984375,689.5532836914062,689.5532836914062,689.5532836914062
60,60,3932160,564.95654296875,564.95654296875,564.95654296875,527.004638671875,527.004638671875,527.004638671875,867.0380249023438,867.0380249023438,867.0380249023438
61,61,3993600,628.1686401367188,628.1686401367188,628.1686401367188,661.440673828125,661.440673828125,661.440673828125,1047.491455078125,1047.491455078125,1047.491455078125
62,62,4055040,550.446533203125,550.446533203125,550.446533203125,668.6326904296875,668.6326904296875,668.6326904296875,844.2785034179688,844.2785034179688,844.2785034179688
63,63,4116480,671.87451171875,671.87451171875,671.87451171875,617.5147705078125,617.5147705078125,617.5147705078125,661.7146606445312,661.7146606445312,661.7146606445312
64,64,4177920,649.4987182617188,649.4987182617188,649.4987182617188,690.421875,690.421875,690.421875,636.5213623046875,636.5213623046875,636.5213623046875
65,65,4239360,423.0319519042969,423.0319519042969,423.0319519042969,517.3125,517.3125,517.3125,865.27685546875,865.27685546875,865.27685546875
66,66,4300800,517.6436767578125,517.6436767578125,517.6436767578125,528.4268798828125,528.4268798828125,528.4268798828125,926.3911743164062,926.3911743164062,926.3911743164062
67,67,4362240,572.8097534179688,572.8097534179688,572.8097534179688,491.1169738769531,491.1169738769531,491.1169738769531,533.2344970703125,533.2344970703125,533.2344970703125
68,68,4423680,756.5125732421875,756.5125732421875,756.5125732421875,524.0302124023438,524.0302124023438,524.0302124023438,923.553955078125,923.553955078125,923.553955078125
69,69,4485120,635.0805053710938,635.0805053710938,635.0805053710938,624.4345703125,624.4345703125,624.4345703125,935.4263916015624,935.4263916015624,935.4263916015624
70,70,4546560,524.8052978515625,524.8052978515625,524.8052978515625,795.34716796875,795.34716796875,795.34716796875,1031.615966796875,1031.615966796875,1031.615966796875
71,71,4608000,716.7603759765625,716.7603759765625,716.7603759765625,861.771240234375,861.771240234375,861.771240234375,1036.8133544921875,1036.8133544921875,1036.8133544921875
72,72,4669440,591.4578247070312,591.4578247070312,591.4578247070312,707.9775390625,707.9775390625,707.9775390625,1112.5048828125,1112.5048828125,1112.5048828125
73,73,4730880,526.3298950195312,526.3298950195312,526.3298950195312,741.259521484375,741.259521484375,741.259521484375,919.9970703125,919.9970703125,919.9970703125
74,74,4792320,569.4840087890625,569.4840087890625,569.4840087890625,768.5142211914062,768.5142211914062,768.5142211914062,1177.6298828125,1177.6298828125,1177.6298828125
75,75,4853760,693.1110229492188,693.1110229492188,693.1110229492188,652.6748657226562,652.6748657226562,652.6748657226562,1128.039306640625,1128.039306640625,1128.039306640625
76,76,4915200,484.79248046875,484.79248046875,484.79248046875,581.3113403320312,581.3113403320312,581.3113403320312,814.9631958007812,814.9631958007812,814.9631958007812
77,77,4976640,488.62261962890625,488.62261962890625,488.62261962890625,836.9541015625,836.9541015625,836.9541015625,812.689208984375,812.689208984375,812.689208984375
78,78,5038080,546.3424682617188,546.3424682617188,546.3424682617188,704.4930419921875,704.4930419921875,704.4930419921875,1038.45556640625,1038.45556640625,1038.45556640625
79,79,5099520,555.25,555.25,555.25,565.1453247070312,565.1453247070312,565.1453247070312,920.4451293945312,920.4451293945312,920.4451293945312
80,80,5160960,544.0905151367188,544.0905151367188,544.0905151367188,430.1427001953125,430.1427001953125,430.1427001953125,1184.315185546875,1184.315185546875,1184.315185546875
81,81,5222400,748.0573120117188,748.0573120117188,748.0573120117188,637.8922729492188,637.8922729492188,637.8922729492188,1120.955322265625,1120.955322265625,1120.955322265625
82,82,5283840,626.2592163085938,626.2592163085938,626.2592163085938,602.8258666992188,602.8258666992188,602.8258666992188,1414.961181640625,1414.961181640625,1414.961181640625
83,83,5345280,734.842041015625,734.842041015625,734.842041015625,593.3084106445312,593.3084106445312,593.3084106445312,1325.9654541015625,1325.9654541015625,1325.9654541015625
84,84,5406720,775.2178955078125,775.2178955078125,775.2178955078125,702.4813232421875,702.4813232421875,702.4813232421875,1286.68017578125,1286.68017578125,1286.68017578125
85,85,5468160,680.555908203125,680.555908203125,680.555908203125,385.6108093261719,385.6108093261719,385.6108093261719,1117.2711181640625,1117.2711181640625,1117.2711181640625
86,86,5529600,822.7255249023438,822.7255249023438,822.7255249023438,485.6010437011719,485.6010437011719,485.6010437011719,1495.53466796875,1495.53466796875,1495.53466796875
87,87,5591040,787.73828125,787.73828125,787.73828125,632.9845581054688,632.9845581054688,632.9845581054688,1491.894775390625,1491.894775390625,1491.894775390625
88,88,5652480,734.1762084960938,734.1762084960938,734.1762084960938,665.0281982421875,665.0281982421875,665.0281982421875,1833.523681640625,1833.523681640625,1833.523681640625
89,89,5713920,772.1339721679688,772.1339721679688,772.1339721679688,694.457275390625,694.457275390625,694.457275390625,1013.8753662109376,1013.8753662109376,1013.8753662109376
90,90,5775360,739.0885009765625,739.0885009765625,739.0885009765625,754.7224731445312,754.7224731445312,754.7224731445312,1220.3236083984375,1220.3236083984375,1220.3236083984375
91,91,5836800,950.2938232421876,950.2938232421876,950.2938232421876,974.6359252929688,974.6359252929688,974.6359252929688,1634.4884033203125,1634.4884033203125,1634.4884033203125
92,92,5898240,587.853759765625,587.853759765625,587.853759765625,622.9262084960938,622.9262084960938,622.9262084960938,1480.363525390625,1480.363525390625,1480.363525390625
93,93,5959680,820.1303100585938,820.1303100585938,820.1303100585938,570.4557495117188,570.4557495117188,570.4557495117188,1141.262451171875,1141.262451171875,1141.262451171875
94,94,6021120,899.849853515625,899.849853515625,899.849853515625,928.4309692382812,928.4309692382812,928.4309692382812,947.6337890625,947.6337890625,947.6337890625
95,95,6082560,746.0232543945312,746.0232543945312,746.0232543945312,874.2263793945312,874.2263793945312,874.2263793945312,865.8429565429688,865.8429565429688,865.8429565429688
96,96,6144000,764.6748046875,764.6748046875,764.6748046875,742.5194091796875,742.5194091796875,742.5194091796875,993.6459350585938,993.6459350585938,993.6459350585938
97,97,6205440,905.0198974609376,905.0198974609376,905.0198974609376,964.8399047851562,964.8399047851562,964.8399047851562,745.7401123046875,745.7401123046875,745.7401123046875
98,98,6266880,814.1942749023438,814.1942749023438,814.1942749023438,963.5535888671876,963.5535888671876,963.5535888671876,804.7841796875,804.7841796875,804.7841796875
99,99,6328320,779.9411010742188,779.9411010742188,779.9411010742188,949.9200439453124,949.9200439453124,949.9200439453124,883.93505859375,883.93505859375,883.93505859375
100,100,6389760,932.04052734375,932.04052734375,932.04052734375,1132.1866455078125,1132.1866455078125,1132.1866455078125,877.805908203125,877.805908203125,877.805908203125
101,101,6451200,1032.3843994140625,1032.3843994140625,1032.3843994140625,965.0574951171876,965.0574951171876,965.0574951171876,985.2791137695312,985.2791137695312,985.2791137695312
102,102,6512640,1205.7979736328125,1205.7979736328125,1205.7979736328125,803.7218017578125,803.7218017578125,803.7218017578125,1186.7933349609375,1186.7933349609375,1186.7933349609375
103,103,6574080,1058.3897705078125,1058.3897705078125,1058.3897705078125,888.5532836914062,888.5532836914062,888.5532836914062,1369.3426513671875,1369.3426513671875,1369.3426513671875
104,104,6635520,1311.904052734375,1311.904052734375,1311.904052734375,1017.4166259765624,1017.4166259765624,1017.4166259765624,968.2252197265624,968.2252197265624,968.2252197265624
105,105,6696960,1334.5487060546875,1334.5487060546875,1334.5487060546875,1200.560791015625,1200.560791015625,1200.560791015625,972.754638671875,972.754638671875,972.754638671875
106,106,6758400,1699.9757080078125,1699.9757080078125,1699.9757080078125,1094.46728515625,1094.46728515625,1094.46728515625,1122.8668212890625,1122.8668212890625,1122.8668212890625
107,107,6819840,1215.08544921875,1215.08544921875,1215.08544921875,870.455078125,870.455078125,870.455078125,1025.2713623046875,1025.2713623046875,1025.2713623046875
108,108,6881280,1126.5028076171875,1126.5028076171875,1126.5028076171875,929.8694458007812,929.8694458007812,929.8694458007812,1068.5626220703125,1068.5626220703125,1068.5626220703125
109,109,6942720,978.4320068359376,978.4320068359376,978.4320068359376,1012.6253051757812,1012.6253051757812,1012.6253051757812,953.6485595703124,953.6485595703124,953.6485595703124
110,110,7004160,922.0233154296876,922.0233154296876,922.0233154296876,997.391357421875,997.391357421875,997.391357421875,826.0680541992188,826.0680541992188,826.0680541992188
111,111,7065600,680.9788818359375,680.9788818359375,680.9788818359375,938.1838989257812,938.1838989257812,938.1838989257812,660.9065551757812,660.9065551757812,660.9065551757812
112,112,7127040,849.40966796875,849.40966796875,849.40966796875,853.5655517578125,853.5655517578125,853.5655517578125,934.6373901367188,934.6373901367188,934.6373901367188
113,113,7188480,859.868408203125,859.868408203125,859.868408203125,955.3046875,955.3046875,955.3046875,1104.588134765625,1104.588134765625,1104.588134765625
114,114,7249920,863.7478637695312,863.7478637695312,863.7478637695312,879.1774291992188,879.1774291992188,879.1774291992188,1047.406982421875,1047.406982421875,1047.406982421875
115,115,7311360,1088.194091796875,1088.194091796875,1088.194091796875,1575.617431640625,1575.617431640625,1575.617431640625,906.8873901367188,906.8873901367188,906.8873901367188
116,116,7372800,1122.7625732421875,1122.7625732421875,1122.7625732421875,2097.019287109375,2097.019287109375,2097.019287109375,824.1873168945312,824.1873168945312,824.1873168945312
117,117,7434240,1381.450439453125,1381.450439453125,1381.450439453125,1615.9478759765625,1615.9478759765625,1615.9478759765625,723.8056640625,723.8056640625,723.8056640625
118,118,7495680,1697.8331298828125,1697.8331298828125,1697.8331298828125,1592.9581298828125,1592.9581298828125,1592.9581298828125,755.993408203125,755.993408203125,755.993408203125
119,119,7557120,1240.68994140625,1240.68994140625,1240.68994140625,1429.1993408203125,1429.1993408203125,1429.1993408203125,663.8466796875,663.8466796875,663.8466796875
120,120,7618560,1183.0450439453125,1183.0450439453125,1183.0450439453125,1107.254638671875,1107.254638671875,1107.254638671875,1160.140869140625,1160.140869140625,1160.140869140625
121,121,7680000,1386.8604736328125,1386.8604736328125,1386.8604736328125,1448.294677734375,1448.294677734375,1448.294677734375,1188.1754150390625,1188.1754150390625,1188.1754150390625
122,122,7741440,1198.9412841796875,1198.9412841796875,1198.9412841796875,1758.500732421875,1758.500732421875,1758.500732421875,906.6950073242188,906.6950073242188,906.6950073242188
123,123,7802880,1242.982177734375,1242.982177734375,1242.982177734375,1584.0152587890625,1584.0152587890625,1584.0152587890625,1280.5443115234375,1280.5443115234375,1280.5443115234375
124,124,7864320,1115.8477783203125,1115.8477783203125,1115.8477783203125,1819.490234375,1819.490234375,1819.490234375,1244.0057373046875,1244.0057373046875,1244.0057373046875
125,125,7925760,1057.24072265625,1057.24072265625,1057.24072265625,1852.543212890625,1852.543212890625,1852.543212890625,994.0260009765624,994.0260009765624,994.0260009765624
126,126,7987200,1044.4576416015625,1044.4576416015625,1044.4576416015625,1653.603271484375,1653.603271484375,1653.603271484375,1022.5430908203124,1022.5430908203124,1022.5430908203124
127,127,8048640,1503.993408203125,1503.993408203125,1503.993408203125,1448.1015625,1448.1015625,1448.1015625,965.9342041015624,965.9342041015624,965.9342041015624
128,128,8110080,1332.43701171875,1332.43701171875,1332.43701171875,1390.4735107421875,1390.4735107421875,1390.4735107421875,1318.843994140625,1318.843994140625,1318.843994140625
129,129,8171520,1543.3387451171875,1543.3387451171875,1543.3387451171875,1122.412841796875,1122.412841796875,1122.412841796875,1149.240478515625,1149.240478515625,1149.240478515625
130,130,8232960,1447.2725830078125,1447.2725830078125,1447.2725830078125,1331.463134765625,1331.463134765625,1331.463134765625,1117.7769775390625,1117.7769775390625,1117.7769775390625
131,131,8294400,1407.358154296875,1407.358154296875,1407.358154296875,1221.3447265625,1221.3447265625,1221.3447265625,1237.6180419921875,1237.6180419921875,1237.6180419921875
132,132,8355840,2088.76611328125,2088.76611328125,2088.76611328125,1401.247314453125,1401.247314453125,1401.247314453125,1439.2633056640625,1439.2633056640625,1439.2633056640625
133,133,8417280,2370.57470703125,2370.57470703125,2370.57470703125,1217.822021484375,1217.822021484375,1217.822021484375,1654.8665771484375,1654.8665771484375,1654.8665771484375
134,134,8478720,2760.154296875,2760.154296875,2760.154296875,1414.7618408203125,1414.7618408203125,1414.7618408203125,1531.4947509765625,1531.4947509765625,1531.4947509765625
135,135,8540160,2356.012451171875,2356.012451171875,2356.012451171875,1812.2198486328125,1812.2198486328125,1812.2198486328125,1492.9129638671875,1492.9129638671875,1492.9129638671875
136,136,8601600,2553.77783203125,2553.77783203125,2553.77783203125,1783.8775634765625,1783.8775634765625,1783.8775634765625,1290.280029296875,1290.280029296875,1290.280029296875
137,137,8663040,2273.83642578125,2273.83642578125,2273.83642578125,1613.9732666015625,1613.9732666015625,1613.9732666015625,1569.6190185546875,1569.6190185546875,1569.6190185546875
138,138,8724480,1621.570068359375,1621.570068359375,1621.570068359375,1962.7449951171875,1962.7449951171875,1962.7449951171875,1448.2764892578125,1448.2764892578125,1448.2764892578125
139,139,8785920,1749.4600830078125,1749.4600830078125,1749.4600830078125,2792.091796875,2792.091796875,2792.091796875,1582.6666259765625,1582.6666259765625,1582.6666259765625
140,140,8847360,2136.131103515625,2136.131103515625,2136.131103515625,2925.817138671875,2925.817138671875,2925.817138671875,1711.036865234375,1711.036865234375,1711.036865234375
141,141,8908800,1479.00048828125,1479.00048828125,1479.00048828125,1772.3426513671875,1772.3426513671875,1772.3426513671875,1694.8433837890625,1694.8433837890625,1694.8433837890625
142,142,8970240,1455.7271728515625,1455.7271728515625,1455.7271728515625,2008.455078125,2008.455078125,2008.455078125,1571.62060546875,1571.62060546875,1571.62060546875
143,143,9031680,1859.3072509765625,1859.3072509765625,1859.3072509765625,2113.72802734375,2113.72802734375,2113.72802734375,1653.919921875,1653.919921875,1653.919921875
144,144,9093120,2030.54052734375,2030.54052734375,2030.54052734375,2284.6884765625,2284.6884765625,2284.6884765625,1874.1048583984375,1874.1048583984375,1874.1048583984375
145,145,9154560,979.2219848632812,979.2219848632812,979.2219848632812,2933.01123046875,2933.01123046875,2933.01123046875,1339.6943359375,1339.6943359375,1339.6943359375
146,146,9216000,942.5682373046876,942.5682373046876,942.5682373046876,1826.664306640625,1826.664306640625,1826.664306640625,1379.1334228515625,1379.1334228515625,1379.1334228515625
147,147,9277440,1145.1871337890625,1145.1871337890625,1145.1871337890625,2441.53173828125,2441.53173828125,2441.53173828125,1647.6439208984375,1647.6439208984375,1647.6439208984375
148,148,9338880,1578.1890869140625,1578.1890869140625,1578.1890869140625,2109.220458984375,2109.220458984375,2109.220458984375,1565.818115234375,1565.818115234375,1565.818115234375
149,149,9400320,1460.2193603515625,1460.2193603515625,1460.2193603515625,2536.319091796875,2536.319091796875,2536.319091796875,1779.2379150390625,1779.2379150390625,1779.2379150390625
150,150,9461760,1798.6328125,1798.6328125,1798.6328125,3082.676513671875,3082.676513671875,3082.676513671875,1504.1910400390625,1504.1910400390625,1504.1910400390625
151,151,9523200,2257.384033203125,2257.384033203125,2257.384033203125,1320.576416015625,1320.576416015625,1320.576416015625,1742.314697265625,1742.314697265625,1742.314697265625
152,152,9584640,2317.966064453125,2317.966064453125,2317.966064453125,1656.859619140625,1656.859619140625,1656.859619140625,2228.23046875,2228.23046875,2228.23046875
153,153,9646080,2313.654541015625,2313.654541015625,2313.654541015625,1603.1312255859375,1603.1312255859375,1603.1312255859375,1646.989501953125,1646.989501953125,1646.989501953125
154,154,9707520,2035.390625,2035.390625,2035.390625,1876.6766357421875,1876.6766357421875,1876.6766357421875,1538.5426025390625,1538.5426025390625,1538.5426025390625
155,155,9768960,1590.33203125,1590.33203125,1590.33203125,1314.8446044921875,1314.8446044921875,1314.8446044921875,1715.4207763671875,1715.4207763671875,1715.4207763671875
156,156,9830400,1980.374755859375,1980.374755859375,1980.374755859375,1543.445556640625,1543.445556640625,1543.445556640625,1916.89013671875,1916.89013671875,1916.89013671875
157,157,9891840,1443.484130859375,1443.484130859375,1443.484130859375,1827.873291015625,1827.873291015625,1827.873291015625,2726.654296875,2726.654296875,2726.654296875
158,158,9953280,1855.973876953125,1855.973876953125,1855.973876953125,1975.075927734375,1975.075927734375,1975.075927734375,3133.83935546875,3133.83935546875,3133.83935546875
159,159,10014720,2652.077392578125,2652.077392578125,2652.077392578125,1791.767578125,1791.767578125,1791.767578125,2964.755126953125,2964.755126953125,2964.755126953125
160,160,10076160,3557.091064453125,3557.091064453125,3557.091064453125,2059.82958984375,2059.82958984375,2059.82958984375,3437.28369140625,3437.28369140625,3437.28369140625
161,161,10137600,2632.326904296875,2632.326904296875,2632.326904296875,2399.7998046875,2399.7998046875,2399.7998046875,3594.645751953125,3594.645751953125,3594.645751953125
162,162,10199040,2191.269287109375,2191.269287109375,2191.269287109375,2653.599609375,2653.599609375,2653.599609375,3633.583251953125,3633.583251953125,3633.583251953125
163,163,10260480,2748.675048828125,2748.675048828125,2748.675048828125,2236.066650390625,2236.066650390625,2236.066650390625,2771.476806640625,2771.476806640625,2771.476806640625
164,164,10321920,3159.151123046875,3159.151123046875,3159.151123046875,2277.133056640625,2277.133056640625,2277.133056640625,2607.232666015625,2607.232666015625,2607.232666015625
165,165,10383360,3000.40673828125,3000.40673828125,3000.40673828125,2007.1868896484375,2007.1868896484375,2007.1868896484375,2561.04296875,2561.04296875,2561.04296875
166,166,10444800,2717.982421875,2717.982421875,2717.982421875,2678.89892578125,2678.89892578125,2678.89892578125,2844.053955078125,2844.053955078125,2844.053955078125
167,167,10506240,2717.34326171875,2717.34326171875,2717.34326171875,2759.032470703125,2759.032470703125,2759.032470703125,2821.3876953125,2821.3876953125,2821.3876953125
168,168,10567680,2998.7958984375,2998.7958984375,2998.7958984375,3021.9208984375,3021.9208984375,3021.9208984375,2781.3583984375,2781.3583984375,2781.3583984375
169,169,10629120,2647.465576171875,2647.465576171875,2647.465576171875,3010.717041015625,3010.717041015625,3010.717041015625,3207.71142578125,3207.71142578125,3207.71142578125
170,170,10690560,2524.05908203125,2524.05908203125,2524.05908203125,1953.80029296875,1953.80029296875,1953.80029296875,2170.72705078125,2170.72705078125,2170.72705078125
171,171,10752000,3080.694091796875,3080.694091796875,3080.694091796875,1634.7701416015625,1634.7701416015625,1634.7701416015625,2241.886962890625,2241.886962890625,2241.886962890625
172,172,10813440,2382.31298828125,2382.31298828125,2382.31298828125,1553.632568359375,1553.632568359375,1553.632568359375,2530.16259765625,2530.16259765625,2530.16259765625
173,173,10874880,2213.068603515625,2213.068603515625,2213.068603515625,1745.9632568359375,1745.9632568359375,1745.9632568359375,2077.447021484375,2077.447021484375,2077.447021484375
174,174,10936320,2190.658935546875,2190.658935546875,2190.658935546875,1895.660888671875,1895.660888671875,1895.660888671875,2732.837158203125,2732.837158203125,2732.837158203125
175,175,10997760,2523.959228515625,2523.959228515625,2523.959228515625,1640.8172607421875,1640.8172607421875,1640.8172607421875,2757.32861328125,2757.32861328125,2757.32861328125
176,176,11059200,1797.5693359375,1797.5693359375,1797.5693359375,2031.4532470703125,2031.4532470703125,2031.4532470703125,2577.275146484375,2577.275146484375,2577.275146484375
177,177,11120640,1789.332763671875,1789.332763671875,1789.332763671875,2728.089599609375,2728.089599609375,2728.089599609375,2342.2509765625,2342.2509765625,2342.2509765625
178,178,11182080,2074.513916015625,2074.513916015625,2074.513916015625,2836.84130859375,2836.84130859375,2836.84130859375,2760.8896484375,2760.8896484375,2760.8896484375
179,179,11243520,1771.6065673828125,1771.6065673828125,1771.6065673828125,2487.365478515625,2487.365478515625,2487.365478515625,2902.548095703125,2902.548095703125,2902.548095703125
180,180,11304960,2440.8291015625,2440.8291015625,2440.8291015625,2594.730224609375,2594.730224609375,2594.730224609375,2705.932373046875,2705.932373046875,2705.932373046875
181,181,11366400,2721.3359375,2721.3359375,2721.3359375,2793.76513671875,2793.76513671875,2793.76513671875,2791.94580078125,2791.94580078125,2791.94580078125
182,182,11427840,2327.326904296875,2327.326904296875,2327.326904296875,2082.397705078125,2082.397705078125,2082.397705078125,3434.19775390625,3434.19775390625,3434.19775390625
183,183,11489280,2749.37890625,2749.37890625,2749.37890625,1948.9251708984375,1948.9251708984375,1948.9251708984375,2343.52099609375,2343.52099609375,2343.52099609375
184,184,11550720,3624.93896484375,3624.93896484375,3624.93896484375,3073.302001953125,3073.302001953125,3073.302001953125,2302.25830078125,2302.25830078125,2302.25830078125
185,185,11612160,3294.423583984375,3294.423583984375,3294.423583984375,2799.64111328125,2799.64111328125,2799.64111328125,2810.467041015625,2810.467041015625,2810.467041015625
186,186,11673600,3116.274658203125,3116.274658203125,3116.274658203125,3039.77587890625,3039.77587890625,3039.77587890625,2948.564697265625,2948.564697265625,2948.564697265625
187,187,11735040,2143.433349609375,2143.433349609375,2143.433349609375,3149.45263671875,3149.45263671875,3149.45263671875,3941.43896484375,3941.43896484375,3941.43896484375
188,188,11796480,2060.039306640625,2060.039306640625,2060.039306640625,2500.034912109375,2500.034912109375,2500.034912109375,4382.02099609375,4382.02099609375,4382.02099609375
189,189,11857920,1191.261474609375,1191.261474609375,1191.261474609375,2691.942138671875,2691.942138671875,2691.942138671875,3743.988037109375,3743.988037109375,3743.988037109375
190,190,11919360,1818.3267822265625,1818.3267822265625,1818.3267822265625,3061.00830078125,3061.00830078125,3061.00830078125,2175.102783203125,2175.102783203125,2175.102783203125
191,191,11980800,2207.06298828125,2207.06298828125,2207.06298828125,3470.59814453125,3470.59814453125,3470.59814453125,3325.18310546875,3325.18310546875,3325.18310546875
192,192,12042240,2117.935791015625,2117.935791015625,2117.935791015625,3639.797119140625,3639.797119140625,3639.797119140625,3919.094482421875,3919.094482421875,3919.094482421875
193,193,12103680,2651.763671875,2651.763671875,2651.763671875,4111.27783203125,4111.27783203125,4111.27783203125,4421.81005859375,4421.81005859375,4421.81005859375
194,194,12165120,3010.447998046875,3010.447998046875,3010.447998046875,3876.63623046875,3876.63623046875,3876.63623046875,4943.78515625,4943.78515625,4943.78515625
195,195,12226560,2766.61474609375,2766.61474609375,2766.61474609375,4351.51513671875,4351.51513671875,4351.51513671875,5137.0205078125,5137.0205078125,5137.0205078125
196,196,12288000,2791.478271484375,2791.478271484375,2791.478271484375,4595.75732421875,4595.75732421875,4595.75732421875,5021.02685546875,5021.02685546875,5021.02685546875
197,197,12349440,3995.544677734375,3995.544677734375,3995.544677734375,4524.4560546875,4524.4560546875,4524.4560546875,5026.0302734375,5026.0302734375,5026.0302734375
198,198,12410880,3780.36328125,3780.36328125,3780.36328125,5047.72314453125,5047.72314453125,5047.72314453125,4615.33544921875,4615.33544921875,4615.33544921875
199,199,12472320,2884.494873046875,2884.494873046875,2884.494873046875,4414.373046875,4414.373046875,4414.373046875,3922.87646484375,3922.87646484375,3922.87646484375
200,200,12533760,3392.11376953125,3392.11376953125,3392.11376953125,3485.418701171875,3485.418701171875,3485.418701171875,4201.728515625,4201.728515625,4201.728515625
201,201,12595200,3661.61083984375,3661.61083984375,3661.61083984375,3862.70361328125,3862.70361328125,3862.70361328125,3887.185546875,3887.185546875,3887.185546875
202,202,12656640,3440.779541015625,3440.779541015625,3440.779541015625,3606.041259765625,3606.041259765625,3606.041259765625,4148.42626953125,4148.42626953125,4148.42626953125
203,203,12718080,3085.958251953125,3085.958251953125,3085.958251953125,2613.189453125,2613.189453125,2613.189453125,4543.10595703125,4543.10595703125,4543.10595703125
204,204,12779520,3672.256103515625,3672.256103515625,3672.256103515625,3021.603271484375,3021.603271484375,3021.603271484375,4945.14599609375,4945.14599609375,4945.14599609375
205,205,12840960,3175.82421875,3175.82421875,3175.82421875,3086.3720703125,3086.3720703125,3086.3720703125,5496.37158203125,5496.37158203125,5496.37158203125
206,206,12902400,3424.5166015625,3424.5166015625,3424.5166015625,2718.324951171875,2718.324951171875,2718.324951171875,5722.69384765625,5722.69384765625,5722.69384765625
207,207,12963840,3612.87744140625,3612.87744140625,3612.87744140625,2894.63525390625,2894.63525390625,2894.63525390625,6061.12548828125,6061.12548828125,6061.12548828125
208,208,13025280,3810.931884765625,3810.931884765625,3810.931884765625,3830.455810546875,3830.455810546875,3830.455810546875,6463.43212890625,6463.43212890625,6463.43212890625
209,209,13086720,4307.8779296875,4307.8779296875,4307.8779296875,4694.3544921875,4694.3544921875,4694.3544921875,6610.28857421875,6610.28857421875,6610.28857421875
210,210,13148160,4332.28955078125,4332.28955078125,4332.28955078125,4446.6953125,4446.6953125,4446.6953125,6775.345703125,6775.345703125,6775.345703125
211,211,13209600,4598.5380859375,4598.5380859375,4598.5380859375,5320.65380859375,5320.65380859375,5320.65380859375,5850.666015625,5850.666015625,5850.666015625
212,212,13271040,4300.77880859375,4300.77880859375,4300.77880859375,5446.11376953125,5446.11376953125,5446.11376953125,6014.853515625,6014.853515625,6014.853515625
213,213,13332480,4756.86572265625,4756.86572265625,4756.86572265625,4716.509765625,4716.509765625,4716.509765625,6033.619140625,6033.619140625,6033.619140625
214,214,13393920,4828.8740234375,4828.8740234375,4828.8740234375,3148.042236328125,3148.042236328125,3148.042236328125,6142.22900390625,6142.22900390625,6142.22900390625
215,215,13455360,4951.35791015625,4951.35791015625,4951.35791015625,2681.409912109375,2681.409912109375,2681.409912109375,5673.2666015625,5673.2666015625,5673.2666015625
216,216,13516800,4493.2138671875,4493.2138671875,4493.2138671875,2101.041259765625,2101.041259765625,2101.041259765625,5110.26904296875,5110.26904296875,5110.26904296875
217,217,13578240,4185.29541015625,4185.29541015625,4185.29541015625,2544.4970703125,2544.4970703125,2544.4970703125,4747.97314453125,4747.97314453125,4747.97314453125
218,218,13639680,4329.984375,4329.984375,4329.984375,4010.200439453125,4010.200439453125,4010.200439453125,4920.9677734375,4920.9677734375,4920.9677734375
219,219,13701120,4160.5810546875,4160.5810546875,4160.5810546875,4739.99560546875,4739.99560546875,4739.99560546875,5516.3544921875,5516.3544921875,5516.3544921875
220,220,13762560,4459.23974609375,4459.23974609375,4459.23974609375,5101.56689453125,5101.56689453125,5101.56689453125,5368.41162109375,5368.41162109375,5368.41162109375
221,221,13824000,3998.483642578125,3998.483642578125,3998.483642578125,4575.69140625,4575.69140625,4575.69140625,5572.8017578125,5572.8017578125,5572.8017578125
222,222,13885440,3810.523681640625,3810.523681640625,3810.523681640625,4748.9296875,4748.9296875,4748.9296875,4902.30322265625,4902.30322265625,4902.30322265625
223,223,13946880,4228.501953125,4228.501953125,4228.501953125,3640.82470703125,3640.82470703125,3640.82470703125,5025.86767578125,5025.86767578125,5025.86767578125
224,224,14008320,4955.42724609375,4955.42724609375,4955.42724609375,4592.072265625,4592.072265625,4592.072265625,5271.11572265625,5271.11572265625,5271.11572265625
225,225,14069760,5413.44677734375,5413.44677734375,5413.44677734375,5412.0107421875,5412.0107421875,5412.0107421875,5971.759765625,5971.759765625,5971.759765625
226,226,14131200,5217.5322265625,5217.5322265625,5217.5322265625,5922.59228515625,5922.59228515625,5922.59228515625,5863.0966796875,5863.0966796875,5863.0966796875
227,227,14192640,5079.37158203125,5079.37158203125,5079.37158203125,5968.67431640625,5968.67431640625,5968.67431640625,5787.11669921875,5787.11669921875,5787.11669921875
228,228,14254080,4587.56591796875,4587.56591796875,4587.56591796875,6405.689453125,6405.689453125,6405.689453125,5795.89501953125,5795.89501953125,5795.89501953125
229,229,14315520,4795.0859375,4795.0859375,4795.0859375,7004.91162109375,7004.91162109375,7004.91162109375,5409.5078125,5409.5078125,5409.5078125
230,230,14376960,4527.0556640625,4527.0556640625,4527.0556640625,7209.33544921875,7209.33544921875,7209.33544921875,6056.93115234375,6056.93115234375,6056.93115234375
231,231,14438400,4048.26220703125,4048.26220703125,4048.26220703125,7137.91162109375,7137.91162109375,7137.91162109375,5869.63720703125,5869.63720703125,5869.63720703125
232,232,14499840,4248.2783203125,4248.2783203125,4248.2783203125,6441.869140625,6441.869140625,6441.869140625,4776.41357421875,4776.41357421875,4776.41357421875
233,233,14561280,4004.0029296875,4004.0029296875,4004.0029296875,6290.30419921875,6290.30419921875,6290.30419921875,5424.701171875,5424.701171875,5424.701171875
234,234,14622720,4452.44482421875,4452.44482421875,4452.44482421875,6015.7490234375,6015.7490234375,6015.7490234375,4972.5029296875,4972.5029296875,4972.5029296875
235,235,14684160,3750.863037109375,3750.863037109375,3750.863037109375,6186.97216796875,6186.97216796875,6186.97216796875,4936.8427734375,4936.8427734375,4936.8427734375
236,236,14745600,3694.4990234375,3694.4990234375,3694.4990234375,6542.3515625,6542.3515625,6542.3515625,4057.527099609375,4057.527099609375,4057.527099609375
237,237,14807040,4210.88916015625,4210.88916015625,4210.88916015625,6496.88134765625,6496.88134765625,6496.88134765625,4355.79345703125,4355.79345703125,4355.79345703125
238,238,14868480,3930.4296875,3930.4296875,3930.4296875,6510.283203125,6510.283203125,6510.283203125,4408.5244140625,4408.5244140625,4408.5244140625
239,239,14929920,3642.814208984375,3642.814208984375,3642.814208984375,5574.93994140625,5574.93994140625,5574.93994140625,4333.07421875,4333.07421875,4333.07421875
240,240,14991360,3656.98681640625,3656.98681640625,3656.98681640625,6097.2373046875,6097.2373046875,6097.2373046875,5589.84033203125,5589.84033203125,5589.84033203125
241,241,15052800,4132.90380859375,4132.90380859375,4132.90380859375,6512.6962890625,6512.6962890625,6512.6962890625,5244.22607421875,5244.22607421875,5244.22607421875
242,242,15114240,4439.25634765625,4439.25634765625,4439.25634765625,6544.41796875,6544.41796875,6544.41796875,4756.060546875,4756.060546875,4756.060546875
243,243,15175680,4849.7255859375,4849.7255859375,4849.7255859375,6298.25732421875,6298.25732421875,6298.25732421875,5528.96630859375,5528.96630859375,5528.96630859375
244,244,15237120,4722.8798828125,4722.8798828125,4722.8798828125,6701.9150390625,6701.9150390625,6701.9150390625,4905.0537109375,4905.0537109375,4905.0537109375
245,245,15298560,4984.6337890625,4984.6337890625,4984.6337890625,6987.90087890625,6987.90087890625,6987.90087890625,5419.00537109375,5419.00537109375,5419.00537109375
246,246,15360000,4603.91845703125,4603.91845703125,4603.91845703125,7417.55126953125,7417.55126953125,7417.55126953125,5382.765625,5382.765625,5382.765625
247,247,15421440,4983.37841796875,4983.37841796875,4983.37841796875,7562.8193359375,7562.8193359375,7562.8193359375,5564.3310546875,5564.3310546875,5564.3310546875
248,248,15482880,5094.9130859375,5094.9130859375,5094.9130859375,6845.60595703125,6845.60595703125,6845.60595703125,5875.46435546875,5875.46435546875,5875.46435546875
249,249,15544320,5690.71240234375,5690.71240234375,5690.71240234375,6303.82373046875,6303.82373046875,6303.82373046875,5475.03857421875,5475.03857421875,5475.03857421875
250,250,15605760,5744.73193359375,5744.73193359375,5744.73193359375,6338.42236328125,6338.42236328125,6338.42236328125,5950.31005859375,5950.31005859375,5950.31005859375
251,251,15667200,6116.58740234375,6116.58740234375,6116.58740234375,6894.71728515625,6894.71728515625,6894.71728515625,5975.91845703125,5975.91845703125,5975.91845703125
252,252,15728640,5599.5302734375,5599.5302734375,5599.5302734375,6992.6806640625,6992.6806640625,6992.6806640625,6432.7734375,6432.7734375,6432.7734375
253,253,15790080,5784.0673828125,5784.0673828125,5784.0673828125,7370.79443359375,7370.79443359375,7370.79443359375,6787.060546875,6787.060546875,6787.060546875
254,254,15851520,6359.26171875,6359.26171875,6359.26171875,7432.5927734375,7432.5927734375,7432.5927734375,6897.353515625,6897.353515625,6897.353515625
255,255,15912960,6422.5869140625,6422.5869140625,6422.5869140625,7584.857421875,7584.857421875,7584.857421875,6172.9560546875,6172.9560546875,6172.9560546875
256,256,15974400,4544.9072265625,4544.9072265625,4544.9072265625,7745.66845703125,7745.66845703125,7745.66845703125,6402.0244140625,6402.0244140625,6402.0244140625
257,257,16035840,3882.1953125,3882.1953125,3882.1953125,7657.39794921875,7657.39794921875,7657.39794921875,6770.2890625,6770.2890625,6770.2890625
258,258,16097280,5087.6240234375,5087.6240234375,5087.6240234375,6995.84375,6995.84375,6995.84375,6794.7978515625,6794.7978515625,6794.7978515625
259,259,16158720,5721.4912109375,5721.4912109375,5721.4912109375,6265.0302734375,6265.0302734375,6265.0302734375,6353.203125,6353.203125,6353.203125
260,260,16220160,6434.40087890625,6434.40087890625,6434.40087890625,6443.0546875,6443.0546875,6443.0546875,6260.13134765625,6260.13134765625,6260.13134765625
261,261,16281600,6447.7587890625,6447.7587890625,6447.7587890625,6488.7177734375,6488.7177734375,6488.7177734375,6474.29150390625,6474.29150390625,6474.29150390625
262,262,16343040,6737.34814453125,6737.34814453125,6737.34814453125,5819.2861328125,5819.2861328125,5819.2861328125,6898.7705078125,6898.7705078125,6898.7705078125
263,263,16404480,6866.96875,6866.96875,6866.96875,6122.37939453125,6122.37939453125,6122.37939453125,6637.0244140625,6637.0244140625,6637.0244140625
264,264,16465920,6948.6552734375,6948.6552734375,6948.6552734375,6288.5458984375,6288.5458984375,6288.5458984375,6653.830078125,6653.830078125,6653.830078125
265,265,16527360,6826.39794921875,6826.39794921875,6826.39794921875,6118.20849609375,6118.20849609375,6118.20849609375,7214.18603515625,7214.18603515625,7214.18603515625
266,266,16588800,6844.68408203125,6844.68408203125,6844.68408203125,5804.376953125,5804.376953125,5804.376953125,7422.84912109375,7422.84912109375,7422.84912109375
267,267,16650240,6927.7255859375,6927.7255859375,6927.7255859375,6109.80810546875,6109.80810546875,6109.80810546875,7660.4755859375,7660.4755859375,7660.4755859375
268,268,16711680,6815.0517578125,6815.0517578125,6815.0517578125,6366.43505859375,6366.43505859375,6366.43505859375,7547.91357421875,7547.91357421875,7547.91357421875
269,269,16773120,6872.0166015625,6872.0166015625,6872.0166015625,6862.03173828125,6862.03173828125,6862.03173828125,7512.2705078125,7512.2705078125,7512.2705078125
270,270,16834560,5779.009765625,5779.009765625,5779.009765625,7173.7236328125,7173.7236328125,7173.7236328125,7015.52294921875,7015.52294921875,7015.52294921875
271,271,16896000,6190.05908203125,6190.05908203125,6190.05908203125,6834.45654296875,6834.45654296875,6834.45654296875,6652.20166015625,6652.20166015625,6652.20166015625
272,272,16957440,5792.57275390625,5792.57275390625,5792.57275390625,7309.26904296875,7309.26904296875,7309.26904296875,6987.64501953125,6987.64501953125,6987.64501953125
273,273,17018880,6516.416015625,6516.416015625,6516.416015625,6712.8984375,6712.8984375,6712.8984375,6930.5341796875,6930.5341796875,6930.5341796875
274,274,17080320,6714.05810546875,6714.05810546875,6714.05810546875,6510.87060546875,6510.87060546875,6510.87060546875,7085.97802734375,7085.97802734375,7085.97802734375
275,275,17141760,6863.205078125,6863.205078125,6863.205078125,6666.271484375,6666.271484375,6666.271484375,7437.22412109375,7437.22412109375,7437.22412109375
276,276,17203200,6909.37109375,6909.37109375,6909.37109375,7207.9716796875,7207.9716796875,7207.9716796875,7349.3896484375,7349.3896484375,7349.3896484375
277,277,17264640,6906.13037109375,6906.13037109375,6906.13037109375,7440.55908203125,7440.55908203125,7440.55908203125,7538.27490234375,7538.27490234375,7538.27490234375
278,278,17326080,6609.48876953125,6609.48876953125,6609.48876953125,7763.6240234375,7763.6240234375,7763.6240234375,7532.92529296875,7532.92529296875,7532.92529296875
279,279,17387520,6094.251953125,6094.251953125,6094.251953125,7862.33154296875,7862.33154296875,7862.33154296875,7213.654296875,7213.654296875,7213.654296875
280,280,17448960,5810.873046875,5810.873046875,5810.873046875,7894.36279296875,7894.36279296875,7894.36279296875,7480.6259765625,7480.6259765625,7480.6259765625
281,281,17510400,5625.3955078125,5625.3955078125,5625.3955078125,7748.63427734375,7748.63427734375,7748.63427734375,7818.2900390625,7818.2900390625,7818.2900390625
282,282,17571840,5427.84228515625,5427.84228515625,5427.84228515625,7804.45654296875,7804.45654296875,7804.45654296875,7707.84814453125,7707.84814453125,7707.84814453125
283,283,17633280,5887.9228515625,5887.9228515625,5887.9228515625,7438.64404296875,7438.64404296875,7438.64404296875,7741.52001953125,7741.52001953125,7741.52001953125
284,284,17694720,6707.076171875,6707.076171875,6707.076171875,7292.6025390625,7292.6025390625,7292.6025390625,8031.5244140625,8031.5244140625,8031.5244140625
285,285,17756160,6767.32373046875,6767.32373046875,6767.32373046875,7090.70166015625,7090.70166015625,7090.70166015625,8270.0126953125,8270.0126953125,8270.0126953125
286,286,17817600,6885.9306640625,6885.9306640625,6885.9306640625,7011.27001953125,7011.27001953125,7011.27001953125,7189.70361328125,7189.70361328125,7189.70361328125
287,287,17879040,6888.28466796875,6888.28466796875,6888.28466796875,6709.18310546875,6709.18310546875,6709.18310546875,6791.64599609375,6791.64599609375,6791.64599609375
288,288,17940480,7122.31689453125,7122.31689453125,7122.31689453125,7152.8310546875,7152.8310546875,7152.8310546875,7121.26904296875,7121.26904296875,7121.26904296875
289,289,18001920,6972.69482421875,6972.69482421875,6972.69482421875,7451.35986328125,7451.35986328125,7451.35986328125,6626.77294921875,6626.77294921875,6626.77294921875
290,290,18063360,7031.9921875,7031.9921875,7031.9921875,7658.79541015625,7658.79541015625,7658.79541015625,6273.2431640625,6273.2431640625,6273.2431640625
291,291,18124800,7201.697265625,7201.697265625,7201.697265625,7756.18994140625,7756.18994140625,7756.18994140625,5560.66943359375,5560.66943359375,5560.66943359375
292,292,18186240,7260.35693359375,7260.35693359375,7260.35693359375,7862.42431640625,7862.42431640625,7862.42431640625,5240.8017578125,5240.8017578125,5240.8017578125
293,293,18247680,6908.255859375,6908.255859375,6908.255859375,7723.96240234375,7723.96240234375,7723.96240234375,5920.52001953125,5920.52001953125,5920.52001953125
294,294,18309120,7230.91162109375,7230.91162109375,7230.91162109375,7734.0322265625,7734.0322265625,7734.0322265625,6024.0947265625,6024.0947265625,6024.0947265625
295,295,18370560,7269.56005859375,7269.56005859375,7269.56005859375,7694.328125,7694.328125,7694.328125,6674.748046875,6674.748046875,6674.748046875
296,296,18432000,7264.1748046875,7264.1748046875,7264.1748046875,7678.30419921875,7678.30419921875,7678.30419921875,6765.8671875,6765.8671875,6765.8671875
