"Step","FOWM_HopperEnv_sweep_4 - rewards","FOWM_HopperEnv_sweep_4 - rewards__MIN","FOWM_HopperEnv_sweep_4 - rewards__MAX","FOWM_HopperEnv_sweep_3 - rewards","FOWM_HopperEnv_sweep_3 - rewards__MIN","FOWM_HopperEnv_sweep_3 - rewards__MAX","FOWM_HopperEnv_sweep_2 - rewards","FOWM_HopperEnv_sweep_2 - rewards__MIN","FOWM_HopperEnv_sweep_2 - rewards__MAX","FOWM_HopperEnv_sweep_1 - rewards","FOWM_HopperEnv_sweep_1 - rewards__MIN","FOWM_HopperEnv_sweep_1 - rewards__MAX","FOWM_HopperEnv_sweep_0 - rewards","FOWM_HopperEnv_sweep_0 - rewards__MIN","FOWM_HopperEnv_sweep_0 - rewards__MAX"
"51200","195.6007843017578","195.6007843017578","195.6007843017578","78.30745697021484","78.30745697021484","78.30745697021484","208.85076904296875","208.85076904296875","208.85076904296875","142.35232543945312","142.35232543945312","142.35232543945312","225.8784942626953","225.8784942626953","225.8784942626953"
"102400","531.06689453125","531.06689453125","531.06689453125","236.8579864501953","236.8579864501953","236.8579864501953","513.2543334960938","513.2543334960938","513.2543334960938","467.4063415527344","467.4063415527344","467.4063415527344","642.5431518554688","642.5431518554688","642.5431518554688"
"153600","1107.1798095703125","1107.1798095703125","1107.1798095703125","575.1998291015625","575.1998291015625","575.1998291015625","1337.8046875","1337.8046875","1337.8046875","1108.072998046875","1108.072998046875","1108.072998046875","1247.4769287109375","1247.4769287109375","1247.4769287109375"
"204800","1259.934326171875","1259.934326171875","1259.934326171875","976.31591796875","976.31591796875","976.31591796875","1472.3621826171875","1472.3621826171875","1472.3621826171875","1257.0435791015625","1257.0435791015625","1257.0435791015625","1570.593994140625","1570.593994140625","1570.593994140625"
"256000","1746.61767578125","1746.61767578125","1746.61767578125","1463.26025390625","1463.26025390625","1463.26025390625","1118.095703125","1118.095703125","1118.095703125","1854.3388671875","1854.3388671875","1854.3388671875","1676.189697265625","1676.189697265625","1676.189697265625"
"307200","2202.194580078125","2202.194580078125","2202.194580078125","1619.3348388671875","1619.3348388671875","1619.3348388671875","1594.4017333984375","1594.4017333984375","1594.4017333984375","2171.908203125","2171.908203125","2171.908203125","1504.28173828125","1504.28173828125","1504.28173828125"
"358400","1970.361572265625","1970.361572265625","1970.361572265625","1418.33935546875","1418.33935546875","1418.33935546875","1464.5750732421875","1464.5750732421875","1464.5750732421875","1421.731689453125","1421.731689453125","1421.731689453125","1576.4991455078125","1576.4991455078125","1576.4991455078125"
"409600","2482.896240234375","2482.896240234375","2482.896240234375","1517.594970703125","1517.594970703125","1517.594970703125","1398.26416015625","1398.26416015625","1398.26416015625","2188.546630859375","2188.546630859375","2188.546630859375","1385.0250244140625","1385.0250244140625","1385.0250244140625"
"460800","2550.5751953125","2550.5751953125","2550.5751953125","2138.9833984375","2138.9833984375","2138.9833984375","1827.704833984375","1827.704833984375","1827.704833984375","2283.423828125","2283.423828125","2283.423828125","2324.2490234375","2324.2490234375","2324.2490234375"
"512000","2855.830810546875","2855.830810546875","2855.830810546875","2536.639892578125","2536.639892578125","2536.639892578125","1144.5960693359375","1144.5960693359375","1144.5960693359375","2837.75537109375","2837.75537109375","2837.75537109375","2061.015625","2061.015625","2061.015625"
"563200","2963.990966796875","2963.990966796875","2963.990966796875","2911.123291015625","2911.123291015625","2911.123291015625","1615.420166015625","1615.420166015625","1615.420166015625","3287.697998046875","3287.697998046875","3287.697998046875","1542.44775390625","1542.44775390625","1542.44775390625"
"614400","2946.00341796875","2946.00341796875","2946.00341796875","2436.923095703125","2436.923095703125","2436.923095703125","1873.2564697265625","1873.2564697265625","1873.2564697265625","3231.014404296875","3231.014404296875","3231.014404296875","1894.7220458984375","1894.7220458984375","1894.7220458984375"
"665600","2813.154052734375","2813.154052734375","2813.154052734375","2648.294677734375","2648.294677734375","2648.294677734375","2009.40380859375","2009.40380859375","2009.40380859375","3296.5673828125","3296.5673828125","3296.5673828125","2147.83984375","2147.83984375","2147.83984375"
"716800","2677.32373046875","2677.32373046875","2677.32373046875","3044.00390625","3044.00390625","3044.00390625","1699.525390625","1699.525390625","1699.525390625","3031.162109375","3031.162109375","3031.162109375","2038.568603515625","2038.568603515625","2038.568603515625"
"768000","2207.027587890625","2207.027587890625","2207.027587890625","2234.82373046875","2234.82373046875","2234.82373046875","2450.3056640625","2450.3056640625","2450.3056640625","2800.421142578125","2800.421142578125","2800.421142578125","2058.857666015625","2058.857666015625","2058.857666015625"
"819200","1417.0001220703125","1417.0001220703125","1417.0001220703125","2937.55908203125","2937.55908203125","2937.55908203125","1605.843994140625","1605.843994140625","1605.843994140625","2862.94580078125","2862.94580078125","2862.94580078125","1546.37060546875","1546.37060546875","1546.37060546875"
"870400","1856.74267578125","1856.74267578125","1856.74267578125","3201.3916015625","3201.3916015625","3201.3916015625","1554.9305419921875","1554.9305419921875","1554.9305419921875","2543.65673828125","2543.65673828125","2543.65673828125","1999.7969970703125","1999.7969970703125","1999.7969970703125"
"921600","1231.554443359375","1231.554443359375","1231.554443359375","3061.70703125","3061.70703125","3061.70703125","771.3832397460938","771.3832397460938","771.3832397460938","1883.876708984375","1883.876708984375","1883.876708984375","1706.0775146484375","1706.0775146484375","1706.0775146484375"
"972800","2056.54248046875","2056.54248046875","2056.54248046875","3413.468017578125","3413.468017578125","3413.468017578125","1264.2027587890625","1264.2027587890625","1264.2027587890625","1756.7445068359375","1756.7445068359375","1756.7445068359375","1481.750244140625","1481.750244140625","1481.750244140625"
"1024000","2395.812744140625","2395.812744140625","2395.812744140625","3755.415771484375","3755.415771484375","3755.415771484375","765.4974975585938","765.4974975585938","765.4974975585938","1817.243408203125","1817.243408203125","1817.243408203125","1482.4326171875","1482.4326171875","1482.4326171875"
"1075200","1896.8558349609375","1896.8558349609375","1896.8558349609375","3913.935546875","3913.935546875","3913.935546875","1140.0316162109375","1140.0316162109375","1140.0316162109375","1786.731689453125","1786.731689453125","1786.731689453125","2316.021728515625","2316.021728515625","2316.021728515625"
"1126400","2358.8662109375","2358.8662109375","2358.8662109375","2659.741455078125","2659.741455078125","2659.741455078125","921.350341796875","921.350341796875","921.350341796875","1917.82373046875","1917.82373046875","1917.82373046875","2263.729248046875","2263.729248046875","2263.729248046875"
"1177600","2266.66064453125","2266.66064453125","2266.66064453125","2874.62744140625","2874.62744140625","2874.62744140625","2061.216552734375","2061.216552734375","2061.216552734375","1861.5302734375","1861.5302734375","1861.5302734375","2131.68701171875","2131.68701171875","2131.68701171875"
"1228800","2304.613037109375","2304.613037109375","2304.613037109375","1770.8817138671875","1770.8817138671875","1770.8817138671875","1628.919677734375","1628.919677734375","1628.919677734375","2391.30126953125","2391.30126953125","2391.30126953125","2402.08984375","2402.08984375","2402.08984375"
"1280000","2456.85205078125","2456.85205078125","2456.85205078125","2542.658447265625","2542.658447265625","2542.658447265625","2520.871337890625","2520.871337890625","2520.871337890625","2126.722900390625","2126.722900390625","2126.722900390625","2855.720458984375","2855.720458984375","2855.720458984375"
"1331200","1386.3958740234375","1386.3958740234375","1386.3958740234375","3059.197998046875","3059.197998046875","3059.197998046875","2564.959716796875","2564.959716796875","2564.959716796875","2367.748779296875","2367.748779296875","2367.748779296875","2208.788818359375","2208.788818359375","2208.788818359375"
"1382400","2043.793701171875","2043.793701171875","2043.793701171875","2724.088623046875","2724.088623046875","2724.088623046875","2442.30078125","2442.30078125","2442.30078125","2195.264892578125","2195.264892578125","2195.264892578125","2764.76171875","2764.76171875","2764.76171875"
"1433600","2651.474853515625","2651.474853515625","2651.474853515625","2687.22265625","2687.22265625","2687.22265625","2362.896728515625","2362.896728515625","2362.896728515625","2451.2666015625","2451.2666015625","2451.2666015625","1904.648681640625","1904.648681640625","1904.648681640625"
"1484800","3017.467529296875","3017.467529296875","3017.467529296875","3076.991455078125","3076.991455078125","3076.991455078125","2047.4244384765625","2047.4244384765625","2047.4244384765625","2415.98388671875","2415.98388671875","2415.98388671875","2432.962646484375","2432.962646484375","2432.962646484375"
"1536000","3303.327392578125","3303.327392578125","3303.327392578125","3422.036865234375","3422.036865234375","3422.036865234375","2430.810302734375","2430.810302734375","2430.810302734375","2354.994384765625","2354.994384765625","2354.994384765625","3140.552734375","3140.552734375","3140.552734375"
"1587200","2450.75634765625","2450.75634765625","2450.75634765625","3658.186279296875","3658.186279296875","3658.186279296875","2266.783935546875","2266.783935546875","2266.783935546875","2313.01220703125","2313.01220703125","2313.01220703125","2672.736572265625","2672.736572265625","2672.736572265625"
"1638400","1923.98193359375","1923.98193359375","1923.98193359375","3887.782470703125","3887.782470703125","3887.782470703125","1859.07275390625","1859.07275390625","1859.07275390625","3322.7333984375","3322.7333984375","3322.7333984375","2841.486572265625","2841.486572265625","2841.486572265625"
"1689600","2609.686767578125","2609.686767578125","2609.686767578125","4023.67626953125","4023.67626953125","4023.67626953125","2729.112548828125","2729.112548828125","2729.112548828125","2121.14599609375","2121.14599609375","2121.14599609375","3098.58251953125","3098.58251953125","3098.58251953125"
"1740800","2957.905517578125","2957.905517578125","2957.905517578125","3386.06982421875","3386.06982421875","3386.06982421875","1990.5909423828125","1990.5909423828125","1990.5909423828125","2679.40283203125","2679.40283203125","2679.40283203125","3129.859619140625","3129.859619140625","3129.859619140625"
"1792000","3578.284912109375","3578.284912109375","3578.284912109375","3287.94775390625","3287.94775390625","3287.94775390625","1558.6361083984375","1558.6361083984375","1558.6361083984375","3231.845947265625","3231.845947265625","3231.845947265625","2486.5517578125","2486.5517578125","2486.5517578125"
"1843200","3514.114013671875","3514.114013671875","3514.114013671875","3478.748291015625","3478.748291015625","3478.748291015625","2848.20556640625","2848.20556640625","2848.20556640625","2628.32470703125","2628.32470703125","2628.32470703125","2328.489990234375","2328.489990234375","2328.489990234375"
"1894400","3905.468017578125","3905.468017578125","3905.468017578125","3815.605224609375","3815.605224609375","3815.605224609375","2209.376708984375","2209.376708984375","2209.376708984375","3575.79296875","3575.79296875","3575.79296875","2812.55224609375","2812.55224609375","2812.55224609375"
"1945600","4097.70556640625","4097.70556640625","4097.70556640625","3617.116455078125","3617.116455078125","3617.116455078125","2617.2890625","2617.2890625","2617.2890625","2892.90869140625","2892.90869140625","2892.90869140625","2999.03955078125","2999.03955078125","2999.03955078125"
"1996800","3021.045654296875","3021.045654296875","3021.045654296875","3729.592041015625","3729.592041015625","3729.592041015625","1529.4193115234375","1529.4193115234375","1529.4193115234375","3137.856201171875","3137.856201171875","3137.856201171875","2402.896728515625","2402.896728515625","2402.896728515625"
"2048000","3229.498046875","3229.498046875","3229.498046875","3685.91357421875","3685.91357421875","3685.91357421875","2347.1640625","2347.1640625","2347.1640625","3327.10302734375","3327.10302734375","3327.10302734375","3546.150146484375","3546.150146484375","3546.150146484375"
"2099200","2239.22265625","2239.22265625","2239.22265625","3983.26904296875","3983.26904296875","3983.26904296875","2564.56640625","2564.56640625","2564.56640625","2302.84716796875","2302.84716796875","2302.84716796875","2869.625","2869.625","2869.625"
"2150400","2847.219970703125","2847.219970703125","2847.219970703125","3977.239990234375","3977.239990234375","3977.239990234375","1908.7581787109375","1908.7581787109375","1908.7581787109375","1985.2628173828125","1985.2628173828125","1985.2628173828125","2079.54296875","2079.54296875","2079.54296875"
"2201600","3042.87939453125","3042.87939453125","3042.87939453125","4116.70263671875","4116.70263671875","4116.70263671875","2848.47998046875","2848.47998046875","2848.47998046875","2868.89208984375","2868.89208984375","2868.89208984375","3028.155029296875","3028.155029296875","3028.155029296875"
"2252800","2380.479736328125","2380.479736328125","2380.479736328125","3994.3662109375","3994.3662109375","3994.3662109375","2491.987060546875","2491.987060546875","2491.987060546875","3932.9912109375","3932.9912109375","3932.9912109375","3308.69970703125","3308.69970703125","3308.69970703125"
"2304000","3639.168701171875","3639.168701171875","3639.168701171875","3955.2451171875","3955.2451171875","3955.2451171875","2215.466064453125","2215.466064453125","2215.466064453125","2864.292236328125","2864.292236328125","2864.292236328125","3148.143310546875","3148.143310546875","3148.143310546875"
"2355200","4066.2890625","4066.2890625","4066.2890625","3857.5703125","3857.5703125","3857.5703125","2552.142333984375","2552.142333984375","2552.142333984375","3416.428466796875","3416.428466796875","3416.428466796875","4030.763427734375","4030.763427734375","4030.763427734375"
"2406400","3960.889892578125","3960.889892578125","3960.889892578125","4162.041015625","4162.041015625","4162.041015625","1959.5380859375","1959.5380859375","1959.5380859375","4082.68896484375","4082.68896484375","4082.68896484375","3407.234375","3407.234375","3407.234375"
"2457600","4543.59375","4543.59375","4543.59375","4231.55322265625","4231.55322265625","4231.55322265625","2924.010498046875","2924.010498046875","2924.010498046875","4109.02978515625","4109.02978515625","4109.02978515625","3359.240234375","3359.240234375","3359.240234375"
"2508800","4240.2783203125","4240.2783203125","4240.2783203125","4420.1640625","4420.1640625","4420.1640625","2760.3349609375","2760.3349609375","2760.3349609375","4120.12744140625","4120.12744140625","4120.12744140625","3574.46533203125","3574.46533203125","3574.46533203125"
"2560000","3801.638671875","3801.638671875","3801.638671875","4075.883544921875","4075.883544921875","4075.883544921875","3200.375244140625","3200.375244140625","3200.375244140625","2888.647216796875","2888.647216796875","2888.647216796875","3037.3251953125","3037.3251953125","3037.3251953125"
"2611200","4010.21044921875","4010.21044921875","4010.21044921875","4019.949951171875","4019.949951171875","4019.949951171875","3849.07421875","3849.07421875","3849.07421875","3764.325439453125","3764.325439453125","3764.325439453125","3111.71044921875","3111.71044921875","3111.71044921875"
"2662400","3022.34033203125","3022.34033203125","3022.34033203125","4167.6416015625","4167.6416015625","4167.6416015625","4331.0966796875","4331.0966796875","4331.0966796875","3190.0947265625","3190.0947265625","3190.0947265625","2681.775146484375","2681.775146484375","2681.775146484375"
"2713600","3138.79833984375","3138.79833984375","3138.79833984375","4357.31884765625","4357.31884765625","4357.31884765625","3438.99658203125","3438.99658203125","3438.99658203125","3620.665283203125","3620.665283203125","3620.665283203125","3767.786865234375","3767.786865234375","3767.786865234375"
"2764800","3600.032470703125","3600.032470703125","3600.032470703125","4356.048828125","4356.048828125","4356.048828125","2376.78515625","2376.78515625","2376.78515625","4009.209228515625","4009.209228515625","4009.209228515625","3287.106201171875","3287.106201171875","3287.106201171875"
"2816000","3033.3955078125","3033.3955078125","3033.3955078125","4207.15380859375","4207.15380859375","4207.15380859375","2869.1484375","2869.1484375","2869.1484375","4020.18359375","4020.18359375","4020.18359375","3417.443359375","3417.443359375","3417.443359375"
"2867200","3782.531982421875","3782.531982421875","3782.531982421875","4384.96533203125","4384.96533203125","4384.96533203125","3079.594970703125","3079.594970703125","3079.594970703125","4348.7734375","4348.7734375","4348.7734375","3678.529052734375","3678.529052734375","3678.529052734375"
"2918400","2841.095947265625","2841.095947265625","2841.095947265625","4496.38525390625","4496.38525390625","4496.38525390625","2695.733642578125","2695.733642578125","2695.733642578125","3866.4736328125","3866.4736328125","3866.4736328125","3092.831787109375","3092.831787109375","3092.831787109375"
"2969600","3965.540283203125","3965.540283203125","3965.540283203125","4505.642578125","4505.642578125","4505.642578125","3136.106201171875","3136.106201171875","3136.106201171875","3801.41015625","3801.41015625","3801.41015625","2610.648681640625","2610.648681640625","2610.648681640625"
"3020800","3912.347412109375","3912.347412109375","3912.347412109375","4597.24365234375","4597.24365234375","4597.24365234375","2431.950927734375","2431.950927734375","2431.950927734375","3960.951904296875","3960.951904296875","3960.951904296875","2617.300048828125","2617.300048828125","2617.300048828125"
"3072000","4363.0791015625","4363.0791015625","4363.0791015625","4516.59521484375","4516.59521484375","4516.59521484375","3211.224365234375","3211.224365234375","3211.224365234375","4216.19970703125","4216.19970703125","4216.19970703125","1660.2735595703125","1660.2735595703125","1660.2735595703125"
"3123200","4612.65283203125","4612.65283203125","4612.65283203125","4400.88525390625","4400.88525390625","4400.88525390625","3411.503662109375","3411.503662109375","3411.503662109375","2888.76513671875","2888.76513671875","2888.76513671875","2560.03125","2560.03125","2560.03125"
"3174400","4552.4462890625","4552.4462890625","4552.4462890625","4082.33740234375","4082.33740234375","4082.33740234375","3679.537109375","3679.537109375","3679.537109375","2352.095703125","2352.095703125","2352.095703125","2581.98876953125","2581.98876953125","2581.98876953125"
"3225600","4826.83154296875","4826.83154296875","4826.83154296875","4083.72314453125","4083.72314453125","4083.72314453125","2732.99365234375","2732.99365234375","2732.99365234375","3440.218017578125","3440.218017578125","3440.218017578125","2531.939697265625","2531.939697265625","2531.939697265625"
"3276800","3929.43798828125","3929.43798828125","3929.43798828125","3734.654541015625","3734.654541015625","3734.654541015625","3233.53515625","3233.53515625","3233.53515625","3259.59033203125","3259.59033203125","3259.59033203125","2518.533447265625","2518.533447265625","2518.533447265625"
"3328000","3816.630615234375","3816.630615234375","3816.630615234375","3641.763671875","3641.763671875","3641.763671875","3105.385498046875","3105.385498046875","3105.385498046875","2642.384521484375","2642.384521484375","2642.384521484375","2452.63818359375","2452.63818359375","2452.63818359375"
"3379200","4076.64306640625","4076.64306640625","4076.64306640625","2866.434814453125","2866.434814453125","2866.434814453125","3230.09521484375","3230.09521484375","3230.09521484375","2601.228759765625","2601.228759765625","2601.228759765625","3623.546875","3623.546875","3623.546875"
"3430400","3439.1748046875","3439.1748046875","3439.1748046875","1806.430419921875","1806.430419921875","1806.430419921875","3928.28076171875","3928.28076171875","3928.28076171875","2425.62939453125","2425.62939453125","2425.62939453125","3366.329345703125","3366.329345703125","3366.329345703125"
"3481600","3701.99267578125","3701.99267578125","3701.99267578125","2181.58203125","2181.58203125","2181.58203125","3449.3857421875","3449.3857421875","3449.3857421875","2732.92138671875","2732.92138671875","2732.92138671875","2354.46826171875","2354.46826171875","2354.46826171875"
"3532800","3921.260498046875","3921.260498046875","3921.260498046875","2798.82861328125","2798.82861328125","2798.82861328125","3742.795654296875","3742.795654296875","3742.795654296875","3393.44970703125","3393.44970703125","3393.44970703125","3513.727783203125","3513.727783203125","3513.727783203125"
"3584000","4512.125","4512.125","4512.125","3224.044921875","3224.044921875","3224.044921875","3951.1376953125","3951.1376953125","3951.1376953125","3955.7109375","3955.7109375","3955.7109375","3055.14208984375","3055.14208984375","3055.14208984375"
"3635200","3968.14892578125","3968.14892578125","3968.14892578125","2892.04931640625","2892.04931640625","2892.04931640625","3604.74951171875","3604.74951171875","3604.74951171875","3115.4130859375","3115.4130859375","3115.4130859375","1704.74658203125","1704.74658203125","1704.74658203125"
"3686400","4214.65625","4214.65625","4214.65625","3473.476806640625","3473.476806640625","3473.476806640625","2631.1103515625","2631.1103515625","2631.1103515625","2626.06591796875","2626.06591796875","2626.06591796875","2024.8511962890625","2024.8511962890625","2024.8511962890625"
"3737600","2065.775634765625","2065.775634765625","2065.775634765625","3427.229248046875","3427.229248046875","3427.229248046875","2962.62744140625","2962.62744140625","2962.62744140625","3348.6943359375","3348.6943359375","3348.6943359375","3074.005859375","3074.005859375","3074.005859375"
"3788800","3112.7197265625","3112.7197265625","3112.7197265625","2604.00390625","2604.00390625","2604.00390625","2385.79150390625","2385.79150390625","2385.79150390625","2494.045166015625","2494.045166015625","2494.045166015625","3178.839111328125","3178.839111328125","3178.839111328125"
"3840000","3696.5576171875","3696.5576171875","3696.5576171875","2035.6363525390625","2035.6363525390625","2035.6363525390625","2486.96875","2486.96875","2486.96875","2383.137451171875","2383.137451171875","2383.137451171875","3612.020263671875","3612.020263671875","3612.020263671875"
"3891200","3248.19921875","3248.19921875","3248.19921875","2275.68603515625","2275.68603515625","2275.68603515625","3028.734619140625","3028.734619140625","3028.734619140625","3673.71435546875","3673.71435546875","3673.71435546875","3450.36669921875","3450.36669921875","3450.36669921875"
"3942400","3659.9013671875","3659.9013671875","3659.9013671875","2746.0166015625","2746.0166015625","2746.0166015625","3027.0927734375","3027.0927734375","3027.0927734375","3867.86865234375","3867.86865234375","3867.86865234375","2917.173095703125","2917.173095703125","2917.173095703125"
"3993600","4384.158203125","4384.158203125","4384.158203125","2986.5439453125","2986.5439453125","2986.5439453125","3575.32470703125","3575.32470703125","3575.32470703125","3678.958984375","3678.958984375","3678.958984375","3587.14794921875","3587.14794921875","3587.14794921875"
"4044800","3990.8427734375","3990.8427734375","3990.8427734375","3196.428955078125","3196.428955078125","3196.428955078125","3349.1640625","3349.1640625","3349.1640625","3215.14404296875","3215.14404296875","3215.14404296875","3318.044677734375","3318.044677734375","3318.044677734375"
"4096000","4547.3740234375","4547.3740234375","4547.3740234375","3681.92919921875","3681.92919921875","3681.92919921875","3878.998779296875","3878.998779296875","3878.998779296875","3737.81201171875","3737.81201171875","3737.81201171875","4232.3056640625","4232.3056640625","4232.3056640625"
"4147200","4667.52294921875","4667.52294921875","4667.52294921875","4248.70263671875","4248.70263671875","4248.70263671875","3518.39208984375","3518.39208984375","3518.39208984375","3383.87890625","3383.87890625","3383.87890625","4408.94873046875","4408.94873046875","4408.94873046875"
"4198400","4773.4853515625","4773.4853515625","4773.4853515625","4314.40478515625","4314.40478515625","4314.40478515625","3362.86669921875","3362.86669921875","3362.86669921875","3896.754638671875","3896.754638671875","3896.754638671875","4671.5068359375","4671.5068359375","4671.5068359375"
"4249600","5006.71875","5006.71875","5006.71875","4297.5712890625","4297.5712890625","4297.5712890625","4231.53466796875","4231.53466796875","4231.53466796875","4134.005859375","4134.005859375","4134.005859375","4660.16259765625","4660.16259765625","4660.16259765625"
"4300800","4262.10693359375","4262.10693359375","4262.10693359375","4592.1279296875","4592.1279296875","4592.1279296875","3433.4287109375","3433.4287109375","3433.4287109375","3702.91552734375","3702.91552734375","3702.91552734375","4736.0302734375","4736.0302734375","4736.0302734375"
"4352000","4549.82373046875","4549.82373046875","4549.82373046875","4599.3076171875","4599.3076171875","4599.3076171875","3672.1748046875","3672.1748046875","3672.1748046875","4044.53271484375","4044.53271484375","4044.53271484375","4428.85009765625","4428.85009765625","4428.85009765625"
"4403200","4149.52734375","4149.52734375","4149.52734375","4887.765625","4887.765625","4887.765625","3999.369384765625","3999.369384765625","3999.369384765625","4511.57568359375","4511.57568359375","4511.57568359375","4279.392578125","4279.392578125","4279.392578125"
"4454400","4528.04736328125","4528.04736328125","4528.04736328125","4369.90380859375","4369.90380859375","4369.90380859375","4324.6005859375","4324.6005859375","4324.6005859375","4470.8076171875","4470.8076171875","4470.8076171875","3313.896484375","3313.896484375","3313.896484375"
"4505600","4853.34326171875","4853.34326171875","4853.34326171875","3668.624267578125","3668.624267578125","3668.624267578125","4460.40380859375","4460.40380859375","4460.40380859375","4639.05029296875","4639.05029296875","4639.05029296875","3934.352294921875","3934.352294921875","3934.352294921875"
"4556800","4820.9189453125","4820.9189453125","4820.9189453125","3828.39111328125","3828.39111328125","3828.39111328125","4836.38037109375","4836.38037109375","4836.38037109375","4916.37939453125","4916.37939453125","4916.37939453125","4218.69189453125","4218.69189453125","4218.69189453125"
"4608000","4896.1904296875","4896.1904296875","4896.1904296875","4313.1240234375","4313.1240234375","4313.1240234375","4128.2265625","4128.2265625","4128.2265625","4781.8740234375","4781.8740234375","4781.8740234375","3675.732177734375","3675.732177734375","3675.732177734375"
"4659200","4520.49755859375","4520.49755859375","4520.49755859375","4810.30908203125","4810.30908203125","4810.30908203125","3573.093994140625","3573.093994140625","3573.093994140625","4844.51220703125","4844.51220703125","4844.51220703125","3530.6328125","3530.6328125","3530.6328125"
"4710400","4760.93798828125","4760.93798828125","4760.93798828125","4536.26513671875","4536.26513671875","4536.26513671875","3626.541748046875","3626.541748046875","3626.541748046875","4321.97705078125","4321.97705078125","4321.97705078125","2961.2626953125","2961.2626953125","2961.2626953125"
"4761600","5013.62939453125","5013.62939453125","5013.62939453125","4747.09033203125","4747.09033203125","4747.09033203125","4432.22216796875","4432.22216796875","4432.22216796875","4326.6865234375","4326.6865234375","4326.6865234375","3396.792724609375","3396.792724609375","3396.792724609375"
"4812800","5043.73779296875","5043.73779296875","5043.73779296875","3880.6279296875","3880.6279296875","3880.6279296875","4634.25830078125","4634.25830078125","4634.25830078125","4694.37841796875","4694.37841796875","4694.37841796875","4083.397216796875","4083.397216796875","4083.397216796875"
"4864000","4417.1357421875","4417.1357421875","4417.1357421875","3284.76953125","3284.76953125","3284.76953125","4999.3232421875","4999.3232421875","4999.3232421875","4114.59716796875","4114.59716796875","4114.59716796875","4662.3779296875","4662.3779296875","4662.3779296875"
"4915200","4031.36669921875","4031.36669921875","4031.36669921875","3451.797119140625","3451.797119140625","3451.797119140625","3748.7236328125","3748.7236328125","3748.7236328125","3965.120849609375","3965.120849609375","3965.120849609375","2683.427734375","2683.427734375","2683.427734375"
"4966400","4685.51513671875","4685.51513671875","4685.51513671875","3403.009521484375","3403.009521484375","3403.009521484375","3718.547607421875","3718.547607421875","3718.547607421875","4219.49658203125","4219.49658203125","4219.49658203125","3483.2080078125","3483.2080078125","3483.2080078125"
"5017600","4605.55615234375","4605.55615234375","4605.55615234375","4146.70263671875","4146.70263671875","4146.70263671875","4130.09912109375","4130.09912109375","4130.09912109375","3961.727783203125","3961.727783203125","3961.727783203125","3859.34033203125","3859.34033203125","3859.34033203125"
"5068800","4776.23388671875","4776.23388671875","4776.23388671875","3928.66064453125","3928.66064453125","3928.66064453125","4690.9697265625","4690.9697265625","4690.9697265625","4609.04296875","4609.04296875","4609.04296875","2529.44287109375","2529.44287109375","2529.44287109375"
"5120000","4226.90185546875","4226.90185546875","4226.90185546875","4412.5234375","4412.5234375","4412.5234375","4440.81201171875","4440.81201171875","4440.81201171875","4692.0537109375","4692.0537109375","4692.0537109375","3536.10205078125","3536.10205078125","3536.10205078125"
"5171200","3742.349853515625","3742.349853515625","3742.349853515625","4655.775390625","4655.775390625","4655.775390625","3595.05615234375","3595.05615234375","3595.05615234375","4755.673828125","4755.673828125","4755.673828125","4200.58544921875","4200.58544921875","4200.58544921875"
"5222400","4043.196044921875","4043.196044921875","4043.196044921875","4914.8681640625","4914.8681640625","4914.8681640625","4295.06640625","4295.06640625","4295.06640625","4877.083984375","4877.083984375","4877.083984375","3858.49169921875","3858.49169921875","3858.49169921875"
"5273600","4429.87744140625","4429.87744140625","4429.87744140625","4882.14697265625","4882.14697265625","4882.14697265625","4769.13916015625","4769.13916015625","4769.13916015625","4885.60986328125","4885.60986328125","4885.60986328125","4018.46484375","4018.46484375","4018.46484375"
"5324800","4272.0009765625","4272.0009765625","4272.0009765625","4754.701171875","4754.701171875","4754.701171875","4798.1123046875","4798.1123046875","4798.1123046875","4936.9921875","4936.9921875","4936.9921875","4404.96826171875","4404.96826171875","4404.96826171875"
"5376000","4809.60107421875","4809.60107421875","4809.60107421875","4722.07568359375","4722.07568359375","4722.07568359375","4033.2001953125","4033.2001953125","4033.2001953125","4888.77978515625","4888.77978515625","4888.77978515625","4929.6953125","4929.6953125","4929.6953125"
"5427200","4823.06591796875","4823.06591796875","4823.06591796875","4681.0322265625","4681.0322265625","4681.0322265625","4540.02392578125","4540.02392578125","4540.02392578125","4309.63818359375","4309.63818359375","4309.63818359375","4413.53857421875","4413.53857421875","4413.53857421875"
"5478400","5148.9296875","5148.9296875","5148.9296875","4566.53466796875","4566.53466796875","4566.53466796875","4548.20166015625","4548.20166015625","4548.20166015625","4756.787109375","4756.787109375","4756.787109375","4371.04150390625","4371.04150390625","4371.04150390625"
"5529600","4104.77685546875","4104.77685546875","4104.77685546875","4594.1767578125","4594.1767578125","4594.1767578125","4547.814453125","4547.814453125","4547.814453125","3229.958740234375","3229.958740234375","3229.958740234375","3755.26953125","3755.26953125","3755.26953125"
"5580800","3973.97998046875","3973.97998046875","3973.97998046875","4876.61669921875","4876.61669921875","4876.61669921875","3904.84619140625","3904.84619140625","3904.84619140625","4213.9775390625","4213.9775390625","4213.9775390625","3485.7705078125","3485.7705078125","3485.7705078125"
"5632000","4551.583984375","4551.583984375","4551.583984375","4925.1474609375","4925.1474609375","4925.1474609375","4449.87841796875","4449.87841796875","4449.87841796875","4305.57373046875","4305.57373046875","4305.57373046875","2467.998779296875","2467.998779296875","2467.998779296875"
"5683200","4957.85302734375","4957.85302734375","4957.85302734375","5085.4873046875","5085.4873046875","5085.4873046875","4349.19970703125","4349.19970703125","4349.19970703125","3378.316162109375","3378.316162109375","3378.316162109375","3588.710205078125","3588.710205078125","3588.710205078125"
"5734400","4389.34912109375","4389.34912109375","4389.34912109375","4913.14404296875","4913.14404296875","4913.14404296875","4485.3076171875","4485.3076171875","4485.3076171875","3648.865966796875","3648.865966796875","3648.865966796875","3802.98583984375","3802.98583984375","3802.98583984375"
"5785600","4291.970703125","4291.970703125","4291.970703125","4942.283203125","4942.283203125","4942.283203125","4119.38916015625","4119.38916015625","4119.38916015625","3811.2265625","3811.2265625","3811.2265625","4330.302734375","4330.302734375","4330.302734375"
"5836800","3967.93017578125","3967.93017578125","3967.93017578125","4900.19140625","4900.19140625","4900.19140625","3506.41748046875","3506.41748046875","3506.41748046875","4322.75732421875","4322.75732421875","4322.75732421875","4429.14404296875","4429.14404296875","4429.14404296875"
"5888000","4496.64404296875","4496.64404296875","4496.64404296875","4757.88916015625","4757.88916015625","4757.88916015625","4346.15185546875","4346.15185546875","4346.15185546875","4348.3447265625","4348.3447265625","4348.3447265625","4661.40966796875","4661.40966796875","4661.40966796875"
"5939200","2494.421630859375","2494.421630859375","2494.421630859375","5024.3056640625","5024.3056640625","5024.3056640625","4648.7587890625","4648.7587890625","4648.7587890625","3657.229248046875","3657.229248046875","3657.229248046875","4523.1708984375","4523.1708984375","4523.1708984375"
"5990400","2933.501708984375","2933.501708984375","2933.501708984375","5148.8828125","5148.8828125","5148.8828125","4883.7958984375","4883.7958984375","4883.7958984375","4110.6826171875","4110.6826171875","4110.6826171875","4679.45751953125","4679.45751953125","4679.45751953125"
"6041600","3902.697509765625","3902.697509765625","3902.697509765625","5155.720703125","5155.720703125","5155.720703125","5158.5390625","5158.5390625","5158.5390625","4310.7587890625","4310.7587890625","4310.7587890625","5037.25341796875","5037.25341796875","5037.25341796875"
"6092800","4573.81884765625","4573.81884765625","4573.81884765625","4525.8662109375","4525.8662109375","4525.8662109375","5102.08984375","5102.08984375","5102.08984375","3423.166748046875","3423.166748046875","3423.166748046875","5038.37158203125","5038.37158203125","5038.37158203125"
"6144000","4534.28955078125","4534.28955078125","4534.28955078125","4464.78125","4464.78125","4464.78125","4961.3359375","4961.3359375","4961.3359375","3638.435302734375","3638.435302734375","3638.435302734375","5043.3642578125","5043.3642578125","5043.3642578125"
"6195200","4775.791015625","4775.791015625","4775.791015625","4731.04150390625","4731.04150390625","4731.04150390625","5063.06005859375","5063.06005859375","5063.06005859375","2978.569091796875","2978.569091796875","2978.569091796875","4704.029296875","4704.029296875","4704.029296875"
"6246400","5008.83935546875","5008.83935546875","5008.83935546875","4388.7685546875","4388.7685546875","4388.7685546875","5064.97216796875","5064.97216796875","5064.97216796875","4157.7978515625","4157.7978515625","4157.7978515625","4456.962890625","4456.962890625","4456.962890625"
"6297600","4481.6103515625","4481.6103515625","4481.6103515625","4578.34716796875","4578.34716796875","4578.34716796875","5186.93603515625","5186.93603515625","5186.93603515625","4676.30224609375","4676.30224609375","4676.30224609375","4815.6650390625","4815.6650390625","4815.6650390625"
"6348800","4520.18701171875","4520.18701171875","4520.18701171875","4677.611328125","4677.611328125","4677.611328125","5059.05517578125","5059.05517578125","5059.05517578125","4455.1982421875","4455.1982421875","4455.1982421875","4432.5029296875","4432.5029296875","4432.5029296875"
"6400000","4770.1884765625","4770.1884765625","4770.1884765625","4019.122802734375","4019.122802734375","4019.122802734375","4891.2109375","4891.2109375","4891.2109375","4132.93798828125","4132.93798828125","4132.93798828125","4513.6123046875","4513.6123046875","4513.6123046875"
"6451200","4609.83251953125","4609.83251953125","4609.83251953125","3601.52294921875","3601.52294921875","3601.52294921875","5070.0849609375","5070.0849609375","5070.0849609375","4661.1025390625","4661.1025390625","4661.1025390625","4524.89599609375","4524.89599609375","4524.89599609375"
"6502400","4815.552734375","4815.552734375","4815.552734375","4267.67822265625","4267.67822265625","4267.67822265625","4568.33935546875","4568.33935546875","4568.33935546875","4863.2646484375","4863.2646484375","4863.2646484375","3024.880615234375","3024.880615234375","3024.880615234375"
"6553600","4813.7314453125","4813.7314453125","4813.7314453125","4517.06787109375","4517.06787109375","4517.06787109375","2366.036376953125","2366.036376953125","2366.036376953125","5032.20849609375","5032.20849609375","5032.20849609375","2893.229248046875","2893.229248046875","2893.229248046875"
"6604800","5013.60595703125","5013.60595703125","5013.60595703125","4816.5078125","4816.5078125","4816.5078125","3002.64111328125","3002.64111328125","3002.64111328125","5115.73046875","5115.73046875","5115.73046875","3334.6259765625","3334.6259765625","3334.6259765625"
"6656000","3870.352294921875","3870.352294921875","3870.352294921875","5046.58251953125","5046.58251953125","5046.58251953125","4048.909912109375","4048.909912109375","4048.909912109375","5207.6396484375","5207.6396484375","5207.6396484375","3352.668701171875","3352.668701171875","3352.668701171875"
"6707200","4225.19140625","4225.19140625","4225.19140625","5159.95947265625","5159.95947265625","5159.95947265625","4481.00048828125","4481.00048828125","4481.00048828125","5222.09228515625","5222.09228515625","5222.09228515625","4291.70166015625","4291.70166015625","4291.70166015625"
"6758400","4481.087890625","4481.087890625","4481.087890625","4892.8310546875","4892.8310546875","4892.8310546875","4335.19482421875","4335.19482421875","4335.19482421875","5238.41162109375","5238.41162109375","5238.41162109375","3585.5341796875","3585.5341796875","3585.5341796875"
"6809600","4664.90283203125","4664.90283203125","4664.90283203125","4781.2880859375","4781.2880859375","4781.2880859375","4528.755859375","4528.755859375","4528.755859375","5132.09130859375","5132.09130859375","5132.09130859375","4498.73046875","4498.73046875","4498.73046875"
"6860800","3910.414794921875","3910.414794921875","3910.414794921875","4952.2900390625","4952.2900390625","4952.2900390625","4903.53564453125","4903.53564453125","4903.53564453125","4831.5107421875","4831.5107421875","4831.5107421875","4558.28173828125","4558.28173828125","4558.28173828125"
"6912000","4429.20556640625","4429.20556640625","4429.20556640625","4922.0302734375","4922.0302734375","4922.0302734375","4473.9482421875","4473.9482421875","4473.9482421875","4993.5126953125","4993.5126953125","4993.5126953125","4475.8212890625","4475.8212890625","4475.8212890625"
"6963200","3775.40673828125","3775.40673828125","3775.40673828125","5181.330078125","5181.330078125","5181.330078125","4695.26708984375","4695.26708984375","4695.26708984375","4874.50341796875","4874.50341796875","4874.50341796875","4833.91064453125","4833.91064453125","4833.91064453125"
"7014400","4052.403076171875","4052.403076171875","4052.403076171875","5200.06396484375","5200.06396484375","5200.06396484375","4757.83642578125","4757.83642578125","4757.83642578125","4895.19091796875","4895.19091796875","4895.19091796875","4899.7412109375","4899.7412109375","4899.7412109375"
"7065600","4353.50439453125","4353.50439453125","4353.50439453125","5139.38623046875","5139.38623046875","5139.38623046875","4635.61376953125","4635.61376953125","4635.61376953125","5099.1708984375","5099.1708984375","5099.1708984375","4935.0185546875","4935.0185546875","4935.0185546875"
"7116800","3794.5771484375","3794.5771484375","3794.5771484375","4211.38037109375","4211.38037109375","4211.38037109375","4711.455078125","4711.455078125","4711.455078125","5105.51318359375","5105.51318359375","5105.51318359375","5147.95166015625","5147.95166015625","5147.95166015625"
"7168000","2880.090576171875","2880.090576171875","2880.090576171875","4222.39013671875","4222.39013671875","4222.39013671875","5052.95068359375","5052.95068359375","5052.95068359375","5072.65576171875","5072.65576171875","5072.65576171875","5249.8046875","5249.8046875","5249.8046875"
"7219200","3622.2548828125","3622.2548828125","3622.2548828125","4344.0693359375","4344.0693359375","4344.0693359375","5186.4287109375","5186.4287109375","5186.4287109375","4860.85107421875","4860.85107421875","4860.85107421875","5033.55224609375","5033.55224609375","5033.55224609375"
"7270400","4304.189453125","4304.189453125","4304.189453125","4661.99560546875","4661.99560546875","4661.99560546875","5064.1123046875","5064.1123046875","5064.1123046875","4608.6787109375","4608.6787109375","4608.6787109375","4893.63134765625","4893.63134765625","4893.63134765625"
"7321600","4834.578125","4834.578125","4834.578125","5036.1494140625","5036.1494140625","5036.1494140625","4217.31005859375","4217.31005859375","4217.31005859375","4801.6279296875","4801.6279296875","4801.6279296875","5073.91943359375","5073.91943359375","5073.91943359375"
"7372800","4666.64794921875","4666.64794921875","4666.64794921875","5015.01220703125","5015.01220703125","5015.01220703125","4521.646484375","4521.646484375","4521.646484375","4872.02685546875","4872.02685546875","4872.02685546875","5152.99462890625","5152.99462890625","5152.99462890625"
"7424000","4696.25","4696.25","4696.25","4813.85595703125","4813.85595703125","4813.85595703125","4710.64697265625","4710.64697265625","4710.64697265625","4771.72314453125","4771.72314453125","4771.72314453125","5224.4775390625","5224.4775390625","5224.4775390625"
"7475200","4806.814453125","4806.814453125","4806.814453125","4917.63525390625","4917.63525390625","4917.63525390625","4893.14208984375","4893.14208984375","4893.14208984375","4488.689453125","4488.689453125","4488.689453125","565.8817749023438","565.8817749023438","565.8817749023438"
"7526400","4902.8984375","4902.8984375","4902.8984375","4872.6181640625","4872.6181640625","4872.6181640625","4573.087890625","4573.087890625","4573.087890625","3849.758544921875","3849.758544921875","3849.758544921875","836.8994140625","836.8994140625","836.8994140625"
"7577600","5128.83837890625","5128.83837890625","5128.83837890625","4904.53759765625","4904.53759765625","4904.53759765625","4871.15478515625","4871.15478515625","4871.15478515625","4404.275390625","4404.275390625","4404.275390625","2582.324462890625","2582.324462890625","2582.324462890625"
"7628800","5280.25341796875","5280.25341796875","5280.25341796875","4917.30224609375","4917.30224609375","4917.30224609375","5040.5419921875","5040.5419921875","5040.5419921875","4793.47216796875","4793.47216796875","4793.47216796875","3363.411376953125","3363.411376953125","3363.411376953125"
"7680000","5211.37451171875","5211.37451171875","5211.37451171875","5135.568359375","5135.568359375","5135.568359375","5163.8359375","5163.8359375","5163.8359375","4440.9140625","4440.9140625","4440.9140625","3904.9208984375","3904.9208984375","3904.9208984375"
"7731200","4805.05126953125","4805.05126953125","4805.05126953125","5239.63427734375","5239.63427734375","5239.63427734375","5220.611328125","5220.611328125","5220.611328125","4814.23193359375","4814.23193359375","4814.23193359375","4501.3125","4501.3125","4501.3125"
"7782400","5015.1923828125","5015.1923828125","5015.1923828125","4986.15234375","4986.15234375","4986.15234375","5316.673828125","5316.673828125","5316.673828125","4943.720703125","4943.720703125","4943.720703125","3687.59521484375","3687.59521484375","3687.59521484375"
"7833600","5199.1005859375","5199.1005859375","5199.1005859375","5176.36767578125","5176.36767578125","5176.36767578125","5120.888671875","5120.888671875","5120.888671875","4876.09423828125","4876.09423828125","4876.09423828125","4578.39599609375","4578.39599609375","4578.39599609375"
"7884800","5313.7822265625","5313.7822265625","5313.7822265625","5288.966796875","5288.966796875","5288.966796875","5157.541015625","5157.541015625","5157.541015625","4329.74755859375","4329.74755859375","4329.74755859375","4704.541015625","4704.541015625","4704.541015625"
"7936000","5383.39404296875","5383.39404296875","5383.39404296875","5097.91455078125","5097.91455078125","5097.91455078125","5147.5556640625","5147.5556640625","5147.5556640625","4557.67138671875","4557.67138671875","4557.67138671875","4874.89208984375","4874.89208984375","4874.89208984375"
"7987200","5082.95068359375","5082.95068359375","5082.95068359375","4917.03369140625","4917.03369140625","4917.03369140625","5242.1953125","5242.1953125","5242.1953125","4409.1904296875","4409.1904296875","4409.1904296875","4968.87841796875","4968.87841796875","4968.87841796875"
"8038400","5033.10986328125","5033.10986328125","5033.10986328125","4802.3701171875","4802.3701171875","4802.3701171875","4710.0478515625","4710.0478515625","4710.0478515625","4255.146484375","4255.146484375","4255.146484375","5148.3876953125","5148.3876953125","5148.3876953125"
"8089600","4534.61376953125","4534.61376953125","4534.61376953125","4614.77587890625","4614.77587890625","4614.77587890625","4782.279296875","4782.279296875","4782.279296875","4532.10595703125","4532.10595703125","4532.10595703125","4809.6630859375","4809.6630859375","4809.6630859375"
"8140800","4075.664794921875","4075.664794921875","4075.664794921875","4770.74560546875","4770.74560546875","4770.74560546875","4643.6865234375","4643.6865234375","4643.6865234375","4375.08935546875","4375.08935546875","4375.08935546875","4993.92236328125","4993.92236328125","4993.92236328125"
"8192000","4009.859619140625","4009.859619140625","4009.859619140625","4883.70068359375","4883.70068359375","4883.70068359375","4831.7822265625","4831.7822265625","4831.7822265625","3865.84521484375","3865.84521484375","3865.84521484375","4482.07470703125","4482.07470703125","4482.07470703125"
"8243200","3611.45654296875","3611.45654296875","3611.45654296875","5040.39013671875","5040.39013671875","5040.39013671875","4763.16943359375","4763.16943359375","4763.16943359375","4280.90625","4280.90625","4280.90625","4920.17529296875","4920.17529296875","4920.17529296875"
"8294400","4371.21728515625","4371.21728515625","4371.21728515625","4871.77685546875","4871.77685546875","4871.77685546875","4815.3681640625","4815.3681640625","4815.3681640625","4762.916015625","4762.916015625","4762.916015625","5190.16259765625","5190.16259765625","5190.16259765625"
"8345600","4632.478515625","4632.478515625","4632.478515625","5025.7587890625","5025.7587890625","5025.7587890625","4673.900390625","4673.900390625","4673.900390625","4637.25830078125","4637.25830078125","4637.25830078125","5250.9912109375","5250.9912109375","5250.9912109375"
"8396800","3930.575439453125","3930.575439453125","3930.575439453125","5185.05908203125","5185.05908203125","5185.05908203125","4681.00244140625","4681.00244140625","4681.00244140625","4880.19482421875","4880.19482421875","4880.19482421875","5237.2841796875","5237.2841796875","5237.2841796875"
"8448000","4701.66455078125","4701.66455078125","4701.66455078125","4926.171875","4926.171875","4926.171875","4966.3076171875","4966.3076171875","4966.3076171875","5021.001953125","5021.001953125","5021.001953125","5363.529296875","5363.529296875","5363.529296875"
"8499200","4408.38671875","4408.38671875","4408.38671875","5134.96533203125","5134.96533203125","5134.96533203125","5087.197265625","5087.197265625","5087.197265625","4649.5","4649.5","4649.5","5425.51904296875","5425.51904296875","5425.51904296875"
"8550400","4817.9052734375","4817.9052734375","4817.9052734375","5285.6025390625","5285.6025390625","5285.6025390625","5087.2490234375","5087.2490234375","5087.2490234375","4922.5263671875","4922.5263671875","4922.5263671875","5314.9833984375","5314.9833984375","5314.9833984375"
"8601600","4372.03759765625","4372.03759765625","4372.03759765625","5389.87353515625","5389.87353515625","5389.87353515625","4814.72705078125","4814.72705078125","4814.72705078125","4822.1318359375","4822.1318359375","4822.1318359375","5279.88720703125","5279.88720703125","5279.88720703125"
"8652800","4828.88623046875","4828.88623046875","4828.88623046875","5441.11279296875","5441.11279296875","5441.11279296875","4723.77685546875","4723.77685546875","4723.77685546875","5004.90283203125","5004.90283203125","5004.90283203125","5279.3740234375","5279.3740234375","5279.3740234375"
"8704000","4926.1259765625","4926.1259765625","4926.1259765625","5140.3388671875","5140.3388671875","5140.3388671875","5033.20751953125","5033.20751953125","5033.20751953125","4224.33154296875","4224.33154296875","4224.33154296875","5391.04736328125","5391.04736328125","5391.04736328125"
"8755200","5076.8134765625","5076.8134765625","5076.8134765625","5126.115234375","5126.115234375","5126.115234375","4387.3740234375","4387.3740234375","4387.3740234375","4771.28759765625","4771.28759765625","4771.28759765625","5458.26904296875","5458.26904296875","5458.26904296875"
"8806400","5143.67626953125","5143.67626953125","5143.67626953125","4624.39990234375","4624.39990234375","4624.39990234375","4683.4833984375","4683.4833984375","4683.4833984375","5055.55078125","5055.55078125","5055.55078125","5118.6455078125","5118.6455078125","5118.6455078125"
"8857600","5254.8798828125","5254.8798828125","5254.8798828125","4837.22412109375","4837.22412109375","4837.22412109375","4660.30224609375","4660.30224609375","4660.30224609375","5117.75439453125","5117.75439453125","5117.75439453125","5344.26611328125","5344.26611328125","5344.26611328125"
"8908800","5106.05908203125","5106.05908203125","5106.05908203125","5097.17529296875","5097.17529296875","5097.17529296875","5004.14599609375","5004.14599609375","5004.14599609375","5020.76953125","5020.76953125","5020.76953125","5382.515625","5382.515625","5382.515625"
"8960000","5192.25927734375","5192.25927734375","5192.25927734375","5096.7685546875","5096.7685546875","5096.7685546875","4757.75537109375","4757.75537109375","4757.75537109375","5033.98095703125","5033.98095703125","5033.98095703125","5381.3974609375","5381.3974609375","5381.3974609375"
"9011200","5102.06005859375","5102.06005859375","5102.06005859375","3813.5458984375","3813.5458984375","3813.5458984375","5026.99951171875","5026.99951171875","5026.99951171875","5101.4462890625","5101.4462890625","5101.4462890625","5290.33935546875","5290.33935546875","5290.33935546875"
"9062400","4760.51220703125","4760.51220703125","4760.51220703125","4554.29541015625","4554.29541015625","4554.29541015625","5177.0185546875","5177.0185546875","5177.0185546875","5228.80517578125","5228.80517578125","5228.80517578125","5388.61181640625","5388.61181640625","5388.61181640625"
"9113600","4994.08935546875","4994.08935546875","4994.08935546875","4892.32373046875","4892.32373046875","4892.32373046875","4668.9326171875","4668.9326171875","4668.9326171875","5323.4375","5323.4375","5323.4375","5460.95068359375","5460.95068359375","5460.95068359375"
"9164800","5205.27978515625","5205.27978515625","5205.27978515625","4514.19140625","4514.19140625","4514.19140625","4707.181640625","4707.181640625","4707.181640625","5394.009765625","5394.009765625","5394.009765625","5407.19287109375","5407.19287109375","5407.19287109375"
"9216000","5060.1728515625","5060.1728515625","5060.1728515625","4792.55126953125","4792.55126953125","4792.55126953125","5016.24658203125","5016.24658203125","5016.24658203125","5192.06201171875","5192.06201171875","5192.06201171875","5223.76416015625","5223.76416015625","5223.76416015625"
"9267200","5040.4228515625","5040.4228515625","5040.4228515625","5038.01220703125","5038.01220703125","5038.01220703125","5203.48779296875","5203.48779296875","5203.48779296875","5157.60009765625","5157.60009765625","5157.60009765625","5273.244140625","5273.244140625","5273.244140625"
"9318400","5151.2666015625","5151.2666015625","5151.2666015625","5221.68017578125","5221.68017578125","5221.68017578125","5330.0625","5330.0625","5330.0625","5036.31298828125","5036.31298828125","5036.31298828125","5418.68798828125","5418.68798828125","5418.68798828125"
"9369600","5132.8359375","5132.8359375","5132.8359375","5299.75732421875","5299.75732421875","5299.75732421875","5316.0224609375","5316.0224609375","5316.0224609375","5005.58642578125","5005.58642578125","5005.58642578125","5467.9560546875","5467.9560546875","5467.9560546875"
"9420800","5142.34033203125","5142.34033203125","5142.34033203125","5159.06298828125","5159.06298828125","5159.06298828125","5105.87841796875","5105.87841796875","5105.87841796875","4549.30810546875","4549.30810546875","4549.30810546875","5403.9375","5403.9375","5403.9375"
"9472000","5255.28662109375","5255.28662109375","5255.28662109375","5172.76171875","5172.76171875","5172.76171875","5159.43408203125","5159.43408203125","5159.43408203125","4928.7763671875","4928.7763671875","4928.7763671875","4932.60107421875","4932.60107421875","4932.60107421875"
"9523200","5377.99755859375","5377.99755859375","5377.99755859375","5088.9267578125","5088.9267578125","5088.9267578125","5193.6484375","5193.6484375","5193.6484375","4651.45751953125","4651.45751953125","4651.45751953125","5073.052734375","5073.052734375","5073.052734375"
"9574400","5435.94189453125","5435.94189453125","5435.94189453125","5266.6884765625","5266.6884765625","5266.6884765625","5100.16650390625","5100.16650390625","5100.16650390625","4805.42822265625","4805.42822265625","4805.42822265625","5260.369140625","5260.369140625","5260.369140625"
"9625600","5176.95166015625","5176.95166015625","5176.95166015625","5225.48046875","5225.48046875","5225.48046875","5088.14697265625","5088.14697265625","5088.14697265625","4884.33935546875","4884.33935546875","4884.33935546875","5401.87744140625","5401.87744140625","5401.87744140625"
"9676800","5096.22998046875","5096.22998046875","5096.22998046875","4969.44921875","4969.44921875","4969.44921875","5165.4501953125","5165.4501953125","5165.4501953125","5135.34912109375","5135.34912109375","5135.34912109375","5195.51220703125","5195.51220703125","5195.51220703125"
"9728000","5185.66015625","5185.66015625","5185.66015625","5186.1650390625","5186.1650390625","5186.1650390625","5180.8447265625","5180.8447265625","5180.8447265625","5268.61181640625","5268.61181640625","5268.61181640625","5187.4150390625","5187.4150390625","5187.4150390625"
"9779200","5337.19677734375","5337.19677734375","5337.19677734375","5036.30859375","5036.30859375","5036.30859375","4084.47705078125","4084.47705078125","4084.47705078125","4829.12451171875","4829.12451171875","4829.12451171875","5311.765625","5311.765625","5311.765625"
"9830400","4994.107421875","4994.107421875","4994.107421875","4935.0830078125","4935.0830078125","4935.0830078125","3731.91455078125","3731.91455078125","3731.91455078125","4812.47509765625","4812.47509765625","4812.47509765625","5425.197265625","5425.197265625","5425.197265625"
"9881600","5130.52099609375","5130.52099609375","5130.52099609375","5142.27783203125","5142.27783203125","5142.27783203125","4612.59814453125","4612.59814453125","4612.59814453125","4558.46630859375","4558.46630859375","4558.46630859375","5464.8544921875","5464.8544921875","5464.8544921875"
"9932800","4444.61962890625","4444.61962890625","4444.61962890625","5233.73046875","5233.73046875","5233.73046875","4858.44873046875","4858.44873046875","4858.44873046875","4929.39599609375","4929.39599609375","4929.39599609375","5475.6025390625","5475.6025390625","5475.6025390625"
"9984000","4941.6064453125","4941.6064453125","4941.6064453125","4931.9755859375","4931.9755859375","4931.9755859375","5176.21044921875","5176.21044921875","5176.21044921875","5059.21240234375","5059.21240234375","5059.21240234375","5513.02880859375","5513.02880859375","5513.02880859375"
"10035200","4781.60693359375","4781.60693359375","4781.60693359375","3800.373291015625","3800.373291015625","3800.373291015625","5095.4814453125","5095.4814453125","5095.4814453125","4876.72998046875","4876.72998046875","4876.72998046875","5492.85693359375","5492.85693359375","5492.85693359375"
"10086400","3505.379638671875","3505.379638671875","3505.379638671875","4480.59326171875","4480.59326171875","4480.59326171875","4617.14892578125","4617.14892578125","4617.14892578125","4931.99658203125","4931.99658203125","4931.99658203125","5123.59130859375","5123.59130859375","5123.59130859375"
"10137600","4343.97607421875","4343.97607421875","4343.97607421875","4852.990234375","4852.990234375","4852.990234375","4851.77197265625","4851.77197265625","4851.77197265625","5146.033203125","5146.033203125","5146.033203125","5307.9560546875","5307.9560546875","5307.9560546875"
"10188800","4833.42724609375","4833.42724609375","4833.42724609375","4643.22509765625","4643.22509765625","4643.22509765625","5182.51806640625","5182.51806640625","5182.51806640625","5302.28759765625","5302.28759765625","5302.28759765625","5376.86181640625","5376.86181640625","5376.86181640625"
"10240000","5100.49853515625","5100.49853515625","5100.49853515625","4688.59716796875","4688.59716796875","4688.59716796875","5348.2041015625","5348.2041015625","5348.2041015625","5372.41162109375","5372.41162109375","5372.41162109375","5476.2568359375","5476.2568359375","5476.2568359375"
"10291200","5058.30908203125","5058.30908203125","5058.30908203125","5045.1044921875","5045.1044921875","5045.1044921875","5368.3349609375","5368.3349609375","5368.3349609375","5261.107421875","5261.107421875","5261.107421875","5497.2431640625","5497.2431640625","5497.2431640625"
"10342400","5211.59033203125","5211.59033203125","5211.59033203125","5075.28759765625","5075.28759765625","5075.28759765625","5436.341796875","5436.341796875","5436.341796875","5392.171875","5392.171875","5392.171875","5357.337890625","5357.337890625","5357.337890625"
"10393600","5403.66552734375","5403.66552734375","5403.66552734375","5273.6572265625","5273.6572265625","5273.6572265625","5502.67919921875","5502.67919921875","5502.67919921875","5423.529296875","5423.529296875","5423.529296875","5233.6357421875","5233.6357421875","5233.6357421875"
"10444800","5301.05419921875","5301.05419921875","5301.05419921875","5379.29296875","5379.29296875","5379.29296875","5134.78125","5134.78125","5134.78125","5334.619140625","5334.619140625","5334.619140625","5333.91943359375","5333.91943359375","5333.91943359375"
"10496000","5390.49609375","5390.49609375","5390.49609375","5413.09716796875","5413.09716796875","5413.09716796875","5325.125","5325.125","5325.125","5304.79052734375","5304.79052734375","5304.79052734375","5454.65234375","5454.65234375","5454.65234375"
"10547200","5085.5185546875","5085.5185546875","5085.5185546875","5483.873046875","5483.873046875","5483.873046875","5328.7431640625","5328.7431640625","5328.7431640625","5395.27197265625","5395.27197265625","5395.27197265625","5447.41357421875","5447.41357421875","5447.41357421875"
"10598400","5266.64697265625","5266.64697265625","5266.64697265625","4251.1103515625","4251.1103515625","4251.1103515625","5243.18505859375","5243.18505859375","5243.18505859375","5402.7509765625","5402.7509765625","5402.7509765625","5507.33251953125","5507.33251953125","5507.33251953125"
"10649600","5196.8349609375","5196.8349609375","5196.8349609375","4894.73681640625","4894.73681640625","4894.73681640625","5363.8056640625","5363.8056640625","5363.8056640625","5071.5654296875","5071.5654296875","5071.5654296875","5426.353515625","5426.353515625","5426.353515625"
"10700800","5314.78125","5314.78125","5314.78125","5209.96728515625","5209.96728515625","5209.96728515625","5504.68505859375","5504.68505859375","5504.68505859375","5181.36474609375","5181.36474609375","5181.36474609375","5417.166015625","5417.166015625","5417.166015625"
"10752000","5433.06494140625","5433.06494140625","5433.06494140625","5233.0458984375","5233.0458984375","5233.0458984375","5467.23095703125","5467.23095703125","5467.23095703125","5327.056640625","5327.056640625","5327.056640625","5414.9560546875","5414.9560546875","5414.9560546875"
"10803200","5411.345703125","5411.345703125","5411.345703125","5434.697265625","5434.697265625","5434.697265625","5312.064453125","5312.064453125","5312.064453125","5402.3623046875","5402.3623046875","5402.3623046875","5506.171875","5506.171875","5506.171875"
"10854400","5455.06298828125","5455.06298828125","5455.06298828125","5445.8603515625","5445.8603515625","5445.8603515625","5211.67236328125","5211.67236328125","5211.67236328125","4050.867919921875","4050.867919921875","4050.867919921875","5332.86865234375","5332.86865234375","5332.86865234375"
"10905600","5311.71875","5311.71875","5311.71875","5140.98193359375","5140.98193359375","5140.98193359375","5354.91748046875","5354.91748046875","5354.91748046875","4534.49658203125","4534.49658203125","4534.49658203125","5420.9287109375","5420.9287109375","5420.9287109375"
"10956800","5325.2958984375","5325.2958984375","5325.2958984375","5330.13916015625","5330.13916015625","5330.13916015625","5354.61279296875","5354.61279296875","5354.61279296875","3262.318359375","3262.318359375","3262.318359375","5501.181640625","5501.181640625","5501.181640625"
"11008000","5392.25927734375","5392.25927734375","5392.25927734375","5352.689453125","5352.689453125","5352.689453125","5470.14599609375","5470.14599609375","5470.14599609375","4203.35009765625","4203.35009765625","4203.35009765625","5514.8173828125","5514.8173828125","5514.8173828125"
"11059200","5396.5810546875","5396.5810546875","5396.5810546875","5392.69873046875","5392.69873046875","5392.69873046875","5434.85791015625","5434.85791015625","5434.85791015625","4829.04443359375","4829.04443359375","4829.04443359375","5390.9111328125","5390.9111328125","5390.9111328125"
"11110400","5431.26416015625","5431.26416015625","5431.26416015625","5519.9873046875","5519.9873046875","5519.9873046875","5474.525390625","5474.525390625","5474.525390625","5189.24560546875","5189.24560546875","5189.24560546875","5392.0986328125","5392.0986328125","5392.0986328125"
"11161600","5485.60693359375","5485.60693359375","5485.60693359375","5463.494140625","5463.494140625","5463.494140625","5478.52685546875","5478.52685546875","5478.52685546875","5278.8974609375","5278.8974609375","5278.8974609375","4506.74951171875","4506.74951171875","4506.74951171875"
"11212800","5491.56005859375","5491.56005859375","5491.56005859375","5495.41259765625","5495.41259765625","5495.41259765625","5412.5537109375","5412.5537109375","5412.5537109375","5318.79296875","5318.79296875","5318.79296875","4927.40625","4927.40625","4927.40625"
"11264000","5087.90966796875","5087.90966796875","5087.90966796875","5109.8115234375","5109.8115234375","5109.8115234375","5384.15966796875","5384.15966796875","5384.15966796875","5228.6494140625","5228.6494140625","5228.6494140625","4941.84765625","4941.84765625","4941.84765625"
"11315200","4906.3759765625","4906.3759765625","4906.3759765625","5224.64013671875","5224.64013671875","5224.64013671875","5175.6103515625","5175.6103515625","5175.6103515625","5359.63671875","5359.63671875","5359.63671875","5197.0478515625","5197.0478515625","5197.0478515625"
"11366400","5028.93603515625","5028.93603515625","5028.93603515625","5413.7197265625","5413.7197265625","5413.7197265625","5272.033203125","5272.033203125","5272.033203125","5420.39111328125","5420.39111328125","5420.39111328125","5259.9677734375","5259.9677734375","5259.9677734375"
"11417600","5213.1201171875","5213.1201171875","5213.1201171875","5519.47314453125","5519.47314453125","5519.47314453125","5380.828125","5380.828125","5380.828125","5385.1875","5385.1875","5385.1875","5155.09619140625","5155.09619140625","5155.09619140625"
"11468800","5353.63037109375","5353.63037109375","5353.63037109375","5567.2890625","5567.2890625","5567.2890625","5445.587890625","5445.587890625","5445.587890625","5300.92041015625","5300.92041015625","5300.92041015625","5300.3056640625","5300.3056640625","5300.3056640625"
"11520000","5395.8642578125","5395.8642578125","5395.8642578125","5265.1904296875","5265.1904296875","5265.1904296875","5031.845703125","5031.845703125","5031.845703125","5447.15478515625","5447.15478515625","5447.15478515625","5408.8916015625","5408.8916015625","5408.8916015625"
"11571200","5222.27001953125","5222.27001953125","5222.27001953125","5327.35693359375","5327.35693359375","5327.35693359375","5268.6806640625","5268.6806640625","5268.6806640625","5428.84716796875","5428.84716796875","5428.84716796875","5290.8193359375","5290.8193359375","5290.8193359375"
"11622400","4847.4794921875","4847.4794921875","4847.4794921875","5471.7265625","5471.7265625","5471.7265625","5307.263671875","5307.263671875","5307.263671875","5518.72802734375","5518.72802734375","5518.72802734375","5221.91162109375","5221.91162109375","5221.91162109375"
"11673600","4686.57470703125","4686.57470703125","4686.57470703125","5558.40625","5558.40625","5558.40625","5302.7353515625","5302.7353515625","5302.7353515625","5512.6162109375","5512.6162109375","5512.6162109375","5351.9130859375","5351.9130859375","5351.9130859375"
"11724800","4979.11083984375","4979.11083984375","4979.11083984375","5601.6298828125","5601.6298828125","5601.6298828125","5271.79443359375","5271.79443359375","5271.79443359375","5389.720703125","5389.720703125","5389.720703125","5397.16845703125","5397.16845703125","5397.16845703125"
"11776000","5217.4140625","5217.4140625","5217.4140625","5518.15234375","5518.15234375","5518.15234375","5458.515625","5458.515625","5458.515625","5503.89599609375","5503.89599609375","5503.89599609375","5482.26416015625","5482.26416015625","5482.26416015625"
"11827200","5212.90283203125","5212.90283203125","5212.90283203125","5445.455078125","5445.455078125","5445.455078125","5106.18603515625","5106.18603515625","5106.18603515625","5367.638671875","5367.638671875","5367.638671875","5230.45068359375","5230.45068359375","5230.45068359375"
"11878400","5117.4990234375","5117.4990234375","5117.4990234375","5547.9306640625","5547.9306640625","5547.9306640625","5302.94189453125","5302.94189453125","5302.94189453125","5462.5810546875","5462.5810546875","5462.5810546875","5396.54248046875","5396.54248046875","5396.54248046875"
"11929600","5136.87646484375","5136.87646484375","5136.87646484375","5604.58984375","5604.58984375","5604.58984375","4751.13623046875","4751.13623046875","4751.13623046875","5366.4580078125","5366.4580078125","5366.4580078125","5490.49072265625","5490.49072265625","5490.49072265625"
"11980800","5079.58251953125","5079.58251953125","5079.58251953125","5575.60693359375","5575.60693359375","5575.60693359375","","","","5348.68505859375","5348.68505859375","5348.68505859375","5550.71630859375","5550.71630859375","5550.71630859375"
"12032000","5189.56884765625","5189.56884765625","5189.56884765625","5602.97607421875","5602.97607421875","5602.97607421875","","","","5485.3017578125","5485.3017578125","5485.3017578125","5588.2841796875","5588.2841796875","5588.2841796875"
"12083200","5304.0556640625","5304.0556640625","5304.0556640625","5571.77099609375","5571.77099609375","5571.77099609375","","","","5359.822265625","5359.822265625","5359.822265625","5527.904296875","5527.904296875","5527.904296875"
"12134400","5230.95556640625","5230.95556640625","5230.95556640625","5230.7861328125","5230.7861328125","5230.7861328125","","","","5430.54296875","5430.54296875","5430.54296875","5565.01806640625","5565.01806640625","5565.01806640625"
"12185600","5392.4091796875","5392.4091796875","5392.4091796875","5215.76220703125","5215.76220703125","5215.76220703125","","","","5462.6796875","5462.6796875","5462.6796875","5596.53173828125","5596.53173828125","5596.53173828125"
"12236800","5467.7744140625","5467.7744140625","5467.7744140625","5330.32177734375","5330.32177734375","5330.32177734375","","","","5102.99267578125","5102.99267578125","5102.99267578125","5496.7275390625","5496.7275390625","5496.7275390625"
"12288000","5524.685546875","5524.685546875","5524.685546875","5383.64794921875","5383.64794921875","5383.64794921875","","","","5225.91064453125","5225.91064453125","5225.91064453125","5462.650390625","5462.650390625","5462.650390625"
"12339200","5420.2841796875","5420.2841796875","5420.2841796875","5489.11669921875","5489.11669921875","5489.11669921875","","","","5319.42041015625","5319.42041015625","5319.42041015625","5471.87841796875","5471.87841796875","5471.87841796875"
"12390400","5505.361328125","5505.361328125","5505.361328125","5225.06103515625","5225.06103515625","5225.06103515625","","","","5409.29443359375","5409.29443359375","5409.29443359375","5305.93994140625","5305.93994140625","5305.93994140625"
"12441600","","","","5328.75244140625","5328.75244140625","5328.75244140625","","","","5491.98681640625","5491.98681640625","5491.98681640625","5416.03662109375","5416.03662109375","5416.03662109375"
"12492800","","","","5316.6630859375","5316.6630859375","5316.6630859375","","","","5402.2060546875","5402.2060546875","5402.2060546875","5390.2021484375","5390.2021484375","5390.2021484375"
"12544000","","","","5420.37744140625","5420.37744140625","5420.37744140625","","","","5201.533203125","5201.533203125","5201.533203125","5221.89697265625","5221.89697265625","5221.89697265625"
"12595200","","","","","","","","","","5388.28759765625","5388.28759765625","5388.28759765625","5311.21728515625","5311.21728515625","5311.21728515625"
"12646400","","","","","","","","","","5412.2412109375","5412.2412109375","5412.2412109375","5309.93310546875","5309.93310546875","5309.93310546875"
"12697600","","","","","","","","","","5481.5546875","5481.5546875","5481.5546875","5414.85498046875","5414.85498046875","5414.85498046875"
"12748800","","","","","","","","","","5537.73486328125","5537.73486328125","5537.73486328125","5514.763671875","5514.763671875","5514.763671875"
"12800000","","","","","","","","","","5471.25732421875","5471.25732421875","5471.25732421875","5561.8759765625","5561.8759765625","5561.8759765625"
"12851200","","","","","","","","","","5556.5087890625","5556.5087890625","5556.5087890625","5394.970703125","5394.970703125","5394.970703125"
"12902400","","","","","","","","","","5398.3984375","5398.3984375","5398.3984375","5431.75341796875","5431.75341796875","5431.75341796875"
"12953600","","","","","","","","","","","","","4182.466796875","4182.466796875","4182.466796875"