Relative Time (Process),FOWM_AntEnv_sweep_2 - _step,FOWM_AntEnv_sweep_2 - _step__MIN,FOWM_AntEnv_sweep_2 - _step__MAX,FOWM_AntEnv_sweep_2 - rewards,FOWM_AntEnv_sweep_2 - rewards__MIN,FOWM_AntEnv_sweep_2 - rewards__MAX,FOWM_AntEnv_sweep_1 - _step,FOWM_AntEnv_sweep_1 - _step__MIN,FOWM_AntEnv_sweep_1 - _step__MAX,FOWM_AntEnv_sweep_1 - rewards,FOWM_AntEnv_sweep_1 - rewards__MIN,FOWM_AntEnv_sweep_1 - rewards__MAX,FOWM_AntEnv_sweep_0 - _step,FOWM_AntEnv_sweep_0 - _step__MIN,FOWM_AntEnv_sweep_0 - _step__MAX,FOWM_AntEnv_sweep_0 - rewards,FOWM_AntEnv_sweep_0 - rewards__MIN,FOWM_AntEnv_sweep_0 - rewards__MAX
95,,,,,,,1671168.0,1671168.0,1671168.0,152.26547241210938,152.26547241210938,152.26547241210938,,,,,,
111,1703936.0,1703936.0,1703936.0,123.11779022216795,123.11779022216795,123.11779022216795,,,,,,,,,,,,
113,,,,,,,,,,,,,1703936.0,1703936.0,1703936.0,98.55296325683594,98.55296325683594,98.55296325683594
189,,,,,,,3309568.0,3309568.0,3309568.0,25.87236213684082,25.87236213684082,25.87236213684082,,,,,,
209,3342336.0,3342336.0,3342336.0,53.8774299621582,53.8774299621582,53.8774299621582,,,,,,,,,,,,
226,,,,,,,,,,,,,3342336.0,3342336.0,3342336.0,23.55896377563477,23.55896377563477,23.55896377563477
310,,,,,,,4947968.0,4947968.0,4947968.0,26.921283721923828,26.921283721923828,26.921283721923828,,,,,,
315,4980736.0,4980736.0,4980736.0,18.394041061401367,18.394041061401367,18.394041061401367,,,,,,,,,,,,
347,,,,,,,,,,,,,4980736.0,4980736.0,4980736.0,26.95669937133789,26.95669937133789,26.95669937133789
419,6619136.0,6619136.0,6619136.0,29.89108085632324,29.89108085632324,29.89108085632324,,,,,,,,,,,,
424,,,,,,,6586368.0,6586368.0,6586368.0,33.3277473449707,33.3277473449707,33.3277473449707,,,,,,
458,,,,,,,,,,,,,6619136.0,6619136.0,6619136.0,30.582609176635746,30.582609176635746,30.582609176635746
537,8257536.0,8257536.0,8257536.0,36.29802703857422,36.29802703857422,36.29802703857422,,,,,,,,,,,,
544,,,,,,,8224768.0,8224768.0,8224768.0,33.243751525878906,33.243751525878906,33.243751525878906,,,,,,
574,,,,,,,,,,,,,8257536.0,8257536.0,8257536.0,32.80687713623047,32.80687713623047,32.80687713623047
655,9895936.0,9895936.0,9895936.0,34.1474609375,34.1474609375,34.1474609375,,,,,,,,,,,,
660,,,,,,,9863168.0,9863168.0,9863168.0,32.770687103271484,32.770687103271484,32.770687103271484,,,,,,
696,,,,,,,,,,,,,9895936.0,9895936.0,9895936.0,35.454898834228516,35.454898834228516,35.454898834228516
771,11534336.0,11534336.0,11534336.0,34.84556579589844,34.84556579589844,34.84556579589844,,,,,,,,,,,,
780,,,,,,,11501568.0,11501568.0,11501568.0,33.84977340698242,33.84977340698242,33.84977340698242,,,,,,
816,,,,,,,,,,,,,11534336.0,11534336.0,11534336.0,34.54083251953125,34.54083251953125,34.54083251953125
884,13172736.0,13172736.0,13172736.0,32.084068298339844,32.084068298339844,32.084068298339844,,,,,,,,,,,,
897,,,,,,,13139968.0,13139968.0,13139968.0,31.95538330078125,31.95538330078125,31.95538330078125,,,,,,
928,,,,,,,,,,,,,13172736.0,13172736.0,13172736.0,53.565486907958984,53.565486907958984,53.565486907958984
1003,14811136.0,14811136.0,14811136.0,33.90038299560547,33.90038299560547,33.90038299560547,,,,,,,,,,,,
1013,,,,,,,14778368.0,14778368.0,14778368.0,33.52827072143555,33.52827072143555,33.52827072143555,,,,,,
1047,,,,,,,,,,,,,14811136.0,14811136.0,14811136.0,32.65959548950195,32.65959548950195,32.65959548950195
1123,16449536.0,16449536.0,16449536.0,33.266639709472656,33.266639709472656,33.266639709472656,,,,,,,,,,,,
1131,,,,,,,16416768.0,16416768.0,16416768.0,34.639564514160156,34.639564514160156,34.639564514160156,,,,,,
1170,,,,,,,,,,,,,16449536.0,16449536.0,16449536.0,33.08982467651367,33.08982467651367,33.08982467651367
1238,18087936.0,18087936.0,18087936.0,55.94593811035156,55.94593811035156,55.94593811035156,,,,,,,,,,,,
1249,,,,,,,18055168.0,18055168.0,18055168.0,33.03683090209961,33.03683090209961,33.03683090209961,,,,,,
1293,,,,,,,,,,,,,18087936.0,18087936.0,18087936.0,32.92259979248047,32.92259979248047,32.92259979248047
1348,19726336.0,19726336.0,19726336.0,32.879127502441406,32.879127502441406,32.879127502441406,,,,,,,,,,,,
1364,,,,,,,19693568.0,19693568.0,19693568.0,32.883201599121094,32.883201599121094,32.883201599121094,,,,,,
1413,,,,,,,,,,,,,19726336.0,19726336.0,19726336.0,33.72156524658203,33.72156524658203,33.72156524658203
1464,21364736.0,21364736.0,21364736.0,32.40232467651367,32.40232467651367,32.40232467651367,,,,,,,,,,,,
1481,,,,,,,21331968.0,21331968.0,21331968.0,33.31496047973633,33.31496047973633,33.31496047973633,,,,,,
1537,,,,,,,,,,,,,21364736.0,21364736.0,21364736.0,35.04567337036133,35.04567337036133,35.04567337036133
1578,23003136.0,23003136.0,23003136.0,32.818603515625,32.818603515625,32.818603515625,,,,,,,,,,,,
1599,,,,,,,22970368.0,22970368.0,22970368.0,33.139404296875,33.139404296875,33.139404296875,,,,,,
1654,,,,,,,,,,,,,23003136.0,23003136.0,23003136.0,34.198455810546875,34.198455810546875,34.198455810546875
1683,24641536.0,24641536.0,24641536.0,61.578651428222656,61.578651428222656,61.578651428222656,,,,,,,,,,,,
1715,,,,,,,24608768.0,24608768.0,24608768.0,33.81620407104492,33.81620407104492,33.81620407104492,,,,,,
1772,,,,,,,,,,,,,24641536.0,24641536.0,24641536.0,34.39888381958008,34.39888381958008,34.39888381958008
1796,26279936.0,26279936.0,26279936.0,33.76750946044922,33.76750946044922,33.76750946044922,,,,,,,,,,,,
1832,,,,,,,26247168.0,26247168.0,26247168.0,35.453365325927734,35.453365325927734,35.453365325927734,,,,,,
1894,,,,,,,,,,,,,26279936.0,26279936.0,26279936.0,33.44411849975586,33.44411849975586,33.44411849975586
1909,27918336.0,27918336.0,27918336.0,33.57037353515625,33.57037353515625,33.57037353515625,,,,,,,,,,,,
1946,,,,,,,27885568.0,27885568.0,27885568.0,36.46750259399414,36.46750259399414,36.46750259399414,,,,,,
2020,,,,,,,,,,,,,27918336.0,27918336.0,27918336.0,36.27398681640625,36.27398681640625,36.27398681640625
2023,29556736.0,29556736.0,29556736.0,33.16810989379883,33.16810989379883,33.16810989379883,,,,,,,,,,,,
2064,,,,,,,29523968.0,29523968.0,29523968.0,35.43569564819336,35.43569564819336,35.43569564819336,,,,,,
2136,31195136.0,31195136.0,31195136.0,33.67133331298828,33.67133331298828,33.67133331298828,,,,,,,,,,,,
2140,,,,,,,,,,,,,29556736.0,29556736.0,29556736.0,32.55095672607422,32.55095672607422,32.55095672607422
2180,,,,,,,31162368.0,31162368.0,31162368.0,35.73759841918945,35.73759841918945,35.73759841918945,,,,,,
2248,32833536.0,32833536.0,32833536.0,33.31798553466797,33.31798553466797,33.31798553466797,,,,,,,,,,,,
2265,,,,,,,,,,,,,31195136.0,31195136.0,31195136.0,33.43537139892578,33.43537139892578,33.43537139892578
2296,,,,,,,32800768.0,32800768.0,32800768.0,35.24762725830078,35.24762725830078,35.24762725830078,,,,,,
2361,34471936.0,34471936.0,34471936.0,32.92355728149414,32.92355728149414,32.92355728149414,,,,,,,,,,,,
2387,,,,,,,,,,,,,32833536.0,32833536.0,32833536.0,33.26530456542969,33.26530456542969,33.26530456542969
2407,,,,,,,34439168.0,34439168.0,34439168.0,34.37668991088867,34.37668991088867,34.37668991088867,,,,,,
2474,36110336.0,36110336.0,36110336.0,33.48251724243164,33.48251724243164,33.48251724243164,,,,,,,,,,,,
2505,,,,,,,,,,,,,34471936.0,34471936.0,34471936.0,34.47385025024414,34.47385025024414,34.47385025024414
2516,,,,,,,36077568.0,36077568.0,36077568.0,37.23173141479492,37.23173141479492,37.23173141479492,,,,,,
2587,37748736.0,37748736.0,37748736.0,32.74946594238281,32.74946594238281,32.74946594238281,,,,,,,,,,,,
2624,,,,,,,,,,,,,36110336.0,36110336.0,36110336.0,32.68079376220703,32.68079376220703,32.68079376220703
2627,,,,,,,37715968.0,37715968.0,37715968.0,38.01730728149414,38.01730728149414,38.01730728149414,,,,,,
2698,39387136.0,39387136.0,39387136.0,34.71866226196289,34.71866226196289,34.71866226196289,,,,,,,,,,,,
2734,,,,,,,39354368.0,39354368.0,39354368.0,37.30207824707031,37.30207824707031,37.30207824707031,,,,,,
2747,,,,,,,,,,,,,37748736.0,37748736.0,37748736.0,32.97185134887695,32.97185134887695,32.97185134887695
2807,41025536.0,41025536.0,41025536.0,40.74079895019531,40.74079895019531,40.74079895019531,,,,,,,,,,,,
2847,,,,,,,40992768.0,40992768.0,40992768.0,38.58606719970703,38.58606719970703,38.58606719970703,,,,,,
2871,,,,,,,,,,,,,39387136.0,39387136.0,39387136.0,33.32754135131836,33.32754135131836,33.32754135131836
2920,42663936.0,42663936.0,42663936.0,33.71233367919922,33.71233367919922,33.71233367919922,,,,,,,,,,,,
2954,,,,,,,42631168.0,42631168.0,42631168.0,42.34280014038086,42.34280014038086,42.34280014038086,,,,,,
2988,,,,,,,,,,,,,41025536.0,41025536.0,41025536.0,33.87541198730469,33.87541198730469,33.87541198730469
3033,44302336.0,44302336.0,44302336.0,33.944557189941406,33.944557189941406,33.944557189941406,,,,,,,,,,,,
3062,,,,,,,44269568.0,44269568.0,44269568.0,46.03762435913086,46.03762435913086,46.03762435913086,,,,,,
3113,,,,,,,,,,,,,42663936.0,42663936.0,42663936.0,33.760929107666016,33.760929107666016,33.760929107666016
3145,45940736.0,45940736.0,45940736.0,33.74540710449219,33.74540710449219,33.74540710449219,,,,,,,,,,,,
3170,,,,,,,45907968.0,45907968.0,45907968.0,40.49582290649414,40.49582290649414,40.49582290649414,,,,,,
3233,,,,,,,,,,,,,44302336.0,44302336.0,44302336.0,33.35716247558594,33.35716247558594,33.35716247558594
3257,47579136.0,47579136.0,47579136.0,33.20143127441406,33.20143127441406,33.20143127441406,,,,,,,,,,,,
3271,,,,,,,47546368.0,47546368.0,47546368.0,50.66849899291992,50.66849899291992,50.66849899291992,,,,,,
3355,,,,,,,,,,,,,45940736.0,45940736.0,45940736.0,36.40185546875,36.40185546875,36.40185546875
3369,49217536.0,49217536.0,49217536.0,33.29558181762695,33.29558181762695,33.29558181762695,,,,,,,,,,,,
3379,,,,,,,49184768.0,49184768.0,49184768.0,43.2648811340332,43.2648811340332,43.2648811340332,,,,,,
3475,,,,,,,,,,,,,47579136.0,47579136.0,47579136.0,34.05177688598633,34.05177688598633,34.05177688598633
3482,50855936.0,50855936.0,50855936.0,34.8310432434082,34.8310432434082,34.8310432434082,,,,,,,,,,,,
3485,,,,,,,50823168.0,50823168.0,50823168.0,42.48461151123047,42.48461151123047,42.48461151123047,,,,,,
3589,,,,,,,52461568.0,52461568.0,52461568.0,57.500877380371094,57.500877380371094,57.500877380371094,,,,,,
3594,52494336.0,52494336.0,52494336.0,34.79356384277344,34.79356384277344,34.79356384277344,,,,,,,,,,,,
3596,,,,,,,,,,,,,49217536.0,49217536.0,49217536.0,34.39118576049805,34.39118576049805,34.39118576049805
3692,,,,,,,54099968.0,54099968.0,54099968.0,49.653446197509766,49.653446197509766,49.653446197509766,,,,,,
3706,54132736.0,54132736.0,54132736.0,35.596004486083984,35.596004486083984,35.596004486083984,,,,,,,,,,,,
3713,,,,,,,,,,,,,50855936.0,50855936.0,50855936.0,34.971397399902344,34.971397399902344,34.971397399902344
3793,,,,,,,55738368.0,55738368.0,55738368.0,40.936256408691406,40.936256408691406,40.936256408691406,,,,,,
3818,55771136.0,55771136.0,55771136.0,35.7319221496582,35.7319221496582,35.7319221496582,,,,,,,,,,,,
3836,,,,,,,,,,,,,52494336.0,52494336.0,52494336.0,34.90298843383789,34.90298843383789,34.90298843383789
3895,,,,,,,57376768.0,57376768.0,57376768.0,51.05901336669922,51.05901336669922,51.05901336669922,,,,,,
3930,57409536.0,57409536.0,57409536.0,35.942501068115234,35.942501068115234,35.942501068115234,,,,,,,,,,,,
3955,,,,,,,,,,,,,54132736.0,54132736.0,54132736.0,33.319210052490234,33.319210052490234,33.319210052490234
3999,,,,,,,59015168.0,59015168.0,59015168.0,49.11901092529297,49.11901092529297,49.11901092529297,,,,,,
4042,59047936.0,59047936.0,59047936.0,34.77335739135742,34.77335739135742,34.77335739135742,,,,,,,,,,,,
4075,,,,,,,,,,,,,55771136.0,55771136.0,55771136.0,33.9509391784668,33.9509391784668,33.9509391784668
4102,,,,,,,60653568.0,60653568.0,60653568.0,57.20670318603515,57.20670318603515,57.20670318603515,,,,,,
4154,60686336.0,60686336.0,60686336.0,36.88694763183594,36.88694763183594,36.88694763183594,,,,,,,,,,,,
4198,,,,,,,,,,,,,57409536.0,57409536.0,57409536.0,33.701141357421875,33.701141357421875,33.701141357421875
4205,,,,,,,62291968.0,62291968.0,62291968.0,58.146385192871094,58.146385192871094,58.146385192871094,,,,,,
4266,62324736.0,62324736.0,62324736.0,36.058353424072266,36.058353424072266,36.058353424072266,,,,,,,,,,,,
4307,,,,,,,63930368.0,63930368.0,63930368.0,49.83538436889648,49.83538436889648,49.83538436889648,,,,,,
4322,,,,,,,,,,,,,59047936.0,59047936.0,59047936.0,34.21648406982422,34.21648406982422,34.21648406982422
4377,63963136.0,63963136.0,63963136.0,37.63325881958008,37.63325881958008,37.63325881958008,,,,,,,,,,,,
4406,,,,,,,65568768.0,65568768.0,65568768.0,52.53550338745117,52.53550338745117,52.53550338745117,,,,,,
4439,,,,,,,,,,,,,60686336.0,60686336.0,60686336.0,34.43752670288086,34.43752670288086,34.43752670288086
4488,65601536.0,65601536.0,65601536.0,37.81406021118164,37.81406021118164,37.81406021118164,,,,,,,,,,,,
4506,,,,,,,67207168.0,67207168.0,67207168.0,63.90475845336914,63.90475845336914,63.90475845336914,,,,,,
4555,,,,,,,,,,,,,62324736.0,62324736.0,62324736.0,34.67253494262695,34.67253494262695,34.67253494262695
4600,67239936.0,67239936.0,67239936.0,37.75041580200195,37.75041580200195,37.75041580200195,,,,,,,,,,,,
4606,,,,,,,68845568.0,68845568.0,68845568.0,59.1264533996582,59.1264533996582,59.1264533996582,,,,,,
4664,,,,,,,,,,,,,63963136.0,63963136.0,63963136.0,52.73561477661133,52.73561477661133,52.73561477661133
4712,68878336.0,68878336.0,68878336.0,36.21036529541016,36.21036529541016,36.21036529541016,,,,,,,,,,,,
4713,,,,,,,70483968.0,70483968.0,70483968.0,61.71916961669922,61.71916961669922,61.71916961669922,,,,,,
4777,,,,,,,,,,,,,65601536.0,65601536.0,65601536.0,38.94245910644531,38.94245910644531,38.94245910644531
4816,,,,,,,72122368.0,72122368.0,72122368.0,57.50433349609375,57.50433349609375,57.50433349609375,,,,,,
4824,70516736.0,70516736.0,70516736.0,37.545135498046875,37.545135498046875,37.545135498046875,,,,,,,,,,,,
4896,,,,,,,,,,,,,67239936.0,67239936.0,67239936.0,38.460838317871094,38.460838317871094,38.460838317871094
4916,,,,,,,73760768.0,73760768.0,73760768.0,58.24176788330078,58.24176788330078,58.24176788330078,,,,,,
4935,72155136.0,72155136.0,72155136.0,37.22232818603515,37.22232818603515,37.22232818603515,,,,,,,,,,,,
5001,,,,,,,,,,,,,68878336.0,68878336.0,68878336.0,32.86327362060547,32.86327362060547,32.86327362060547
5016,,,,,,,75399168.0,75399168.0,75399168.0,54.69926452636719,54.69926452636719,54.69926452636719,,,,,,
5047,73793536.0,73793536.0,73793536.0,34.79479217529297,34.79479217529297,34.79479217529297,,,,,,,,,,,,
5118,,,,,,,,,,,,,70516736.0,70516736.0,70516736.0,35.00823974609375,35.00823974609375,35.00823974609375
5118,,,,,,,77037568.0,77037568.0,77037568.0,54.39493942260742,54.39493942260742,54.39493942260742,,,,,,
5158,75431936.0,75431936.0,75431936.0,36.53325271606445,36.53325271606445,36.53325271606445,,,,,,,,,,,,
5219,,,,,,,78675968.0,78675968.0,78675968.0,49.19511032104492,49.19511032104492,49.19511032104492,,,,,,
5241,,,,,,,,,,,,,72155136.0,72155136.0,72155136.0,40.752254486083984,40.752254486083984,40.752254486083984
5270,77070336.0,77070336.0,77070336.0,37.73755645751953,37.73755645751953,37.73755645751953,,,,,,,,,,,,
5326,,,,,,,80314368.0,80314368.0,80314368.0,53.63618469238281,53.63618469238281,53.63618469238281,,,,,,
5352,,,,,,,,,,,,,73793536.0,73793536.0,73793536.0,42.24887466430664,42.24887466430664,42.24887466430664
5381,78708736.0,78708736.0,78708736.0,37.23358154296875,37.23358154296875,37.23358154296875,,,,,,,,,,,,
5427,,,,,,,81952768.0,81952768.0,81952768.0,59.52473831176758,59.52473831176758,59.52473831176758,,,,,,
5451,,,,,,,,,,,,,75431936.0,75431936.0,75431936.0,168.80764770507812,168.80764770507812,168.80764770507812
5493,80347136.0,80347136.0,80347136.0,38.46413803100586,38.46413803100586,38.46413803100586,,,,,,,,,,,,
5531,,,,,,,83591168.0,83591168.0,83591168.0,44.90187454223633,44.90187454223633,44.90187454223633,,,,,,
5550,,,,,,,,,,,,,77070336.0,77070336.0,77070336.0,63.04423522949219,63.04423522949219,63.04423522949219
5604,81985536.0,81985536.0,81985536.0,38.28459167480469,38.28459167480469,38.28459167480469,,,,,,,,,,,,
5633,,,,,,,85229568.0,85229568.0,85229568.0,58.71877670288086,58.71877670288086,58.71877670288086,,,,,,
5657,,,,,,,,,,,,,78708736.0,78708736.0,78708736.0,87.81526184082031,87.81526184082031,87.81526184082031
5716,83623936.0,83623936.0,83623936.0,38.01181411743164,38.01181411743164,38.01181411743164,,,,,,,,,,,,
5739,,,,,,,86867968.0,86867968.0,86867968.0,66.23599243164062,66.23599243164062,66.23599243164062,,,,,,
5759,,,,,,,,,,,,,80347136.0,80347136.0,80347136.0,67.17347717285156,67.17347717285156,67.17347717285156
5827,85262336.0,85262336.0,85262336.0,38.43569564819336,38.43569564819336,38.43569564819336,,,,,,,,,,,,
5842,,,,,,,88506368.0,88506368.0,88506368.0,59.640140533447266,59.640140533447266,59.640140533447266,,,,,,
5861,,,,,,,,,,,,,81985536.0,81985536.0,81985536.0,82.69458770751953,82.69458770751953,82.69458770751953
5939,86900736.0,86900736.0,86900736.0,38.097869873046875,38.097869873046875,38.097869873046875,,,,,,,,,,,,
5944,,,,,,,90144768.0,90144768.0,90144768.0,67.31924438476562,67.31924438476562,67.31924438476562,,,,,,
5963,,,,,,,,,,,,,83623936.0,83623936.0,83623936.0,97.51665496826172,97.51665496826172,97.51665496826172
6045,,,,,,,91783168.0,91783168.0,91783168.0,50.45656967163086,50.45656967163086,50.45656967163086,,,,,,
6050,88539136.0,88539136.0,88539136.0,37.41628646850586,37.41628646850586,37.41628646850586,,,,,,,,,,,,
6063,,,,,,,,,,,,,85262336.0,85262336.0,85262336.0,92.27728271484376,92.27728271484376,92.27728271484376
6150,,,,,,,93421568.0,93421568.0,93421568.0,53.12588119506836,53.12588119506836,53.12588119506836,,,,,,
6160,,,,,,,,,,,,,86900736.0,86900736.0,86900736.0,112.16343688964844,112.16343688964844,112.16343688964844
6161,90177536.0,90177536.0,90177536.0,37.85513687133789,37.85513687133789,37.85513687133789,,,,,,,,,,,,
6247,,,,,,,95059968.0,95059968.0,95059968.0,60.88767623901367,60.88767623901367,60.88767623901367,,,,,,
6255,,,,,,,,,,,,,88539136.0,88539136.0,88539136.0,120.36737060546876,120.36737060546876,120.36737060546876
6272,91815936.0,91815936.0,91815936.0,38.41427993774414,38.41427993774414,38.41427993774414,,,,,,,,,,,,
6351,,,,,,,,,,,,,90177536.0,90177536.0,90177536.0,129.8080291748047,129.8080291748047,129.8080291748047
6352,,,,,,,96698368.0,96698368.0,96698368.0,58.68288040161133,58.68288040161133,58.68288040161133,,,,,,
6381,93454336.0,93454336.0,93454336.0,40.086181640625,40.086181640625,40.086181640625,,,,,,,,,,,,
6449,,,,,,,,,,,,,91815936.0,91815936.0,91815936.0,155.10423278808594,155.10423278808594,155.10423278808594
6454,,,,,,,98336768.0,98336768.0,98336768.0,61.45907974243164,61.45907974243164,61.45907974243164,,,,,,
6491,95092736.0,95092736.0,95092736.0,37.84079360961914,37.84079360961914,37.84079360961914,,,,,,,,,,,,
6549,,,,,,,,,,,,,93454336.0,93454336.0,93454336.0,144.46153259277344,144.46153259277344,144.46153259277344
6558,,,,,,,99975168.0,99975168.0,99975168.0,64.89087677001953,64.89087677001953,64.89087677001953,,,,,,
6599,96731136.0,96731136.0,96731136.0,38.96539688110352,38.96539688110352,38.96539688110352,,,,,,,,,,,,
6641,,,,,,,,,,,,,95092736.0,95092736.0,95092736.0,183.71522521972656,183.71522521972656,183.71522521972656
6657,,,,,,,101613568.0,101613568.0,101613568.0,59.7431526184082,59.7431526184082,59.7431526184082,,,,,,
6708,98369536.0,98369536.0,98369536.0,39.92528533935547,39.92528533935547,39.92528533935547,,,,,,,,,,,,
6736,,,,,,,,,,,,,96731136.0,96731136.0,96731136.0,163.54771423339844,163.54771423339844,163.54771423339844
6764,,,,,,,103251968.0,103251968.0,103251968.0,64.13697814941406,64.13697814941406,64.13697814941406,,,,,,
6818,100007936.0,100007936.0,100007936.0,39.5648193359375,39.5648193359375,39.5648193359375,,,,,,,,,,,,
6830,,,,,,,,,,,,,98369536.0,98369536.0,98369536.0,206.1649932861328,206.1649932861328,206.1649932861328
6859,,,,,,,104890368.0,104890368.0,104890368.0,75.6319580078125,75.6319580078125,75.6319580078125,,,,,,
6920,,,,,,,,,,,,,100007936.0,100007936.0,100007936.0,234.08663940429688,234.08663940429688,234.08663940429688
6927,101646336.0,101646336.0,101646336.0,40.67911529541016,40.67911529541016,40.67911529541016,,,,,,,,,,,,
6957,,,,,,,106528768.0,106528768.0,106528768.0,71.7800064086914,71.7800064086914,71.7800064086914,,,,,,
7013,,,,,,,,,,,,,101646336.0,101646336.0,101646336.0,269.9490966796875,269.9490966796875,269.9490966796875
7032,103284736.0,103284736.0,103284736.0,44.04238510131836,44.04238510131836,44.04238510131836,,,,,,,,,,,,
7055,,,,,,,108167168.0,108167168.0,108167168.0,77.72213745117188,77.72213745117188,77.72213745117188,,,,,,
7104,,,,,,,,,,,,,103284736.0,103284736.0,103284736.0,273.90478515625,273.90478515625,273.90478515625
7135,104923136.0,104923136.0,104923136.0,50.79155349731445,50.79155349731445,50.79155349731445,,,,,,,,,,,,
7151,,,,,,,109805568.0,109805568.0,109805568.0,72.61726379394531,72.61726379394531,72.61726379394531,,,,,,
7201,,,,,,,,,,,,,104923136.0,104923136.0,104923136.0,223.9384765625,223.9384765625,223.9384765625
7236,106561536.0,106561536.0,106561536.0,42.675575256347656,42.675575256347656,42.675575256347656,,,,,,,,,,,,
7249,,,,,,,111443968.0,111443968.0,111443968.0,83.52497863769531,83.52497863769531,83.52497863769531,,,,,,
7300,,,,,,,,,,,,,106561536.0,106561536.0,106561536.0,185.93341064453125,185.93341064453125,185.93341064453125
7338,108199936.0,108199936.0,108199936.0,66.49666595458984,66.49666595458984,66.49666595458984,,,,,,,,,,,,
7346,,,,,,,113082368.0,113082368.0,113082368.0,96.50223541259766,96.50223541259766,96.50223541259766,,,,,,
7391,,,,,,,,,,,,,108199936.0,108199936.0,108199936.0,228.8204803466797,228.8204803466797,228.8204803466797
7441,109838336.0,109838336.0,109838336.0,64.21154022216797,64.21154022216797,64.21154022216797,,,,,,,,,,,,
7442,,,,,,,114720768.0,114720768.0,114720768.0,94.19953155517578,94.19953155517578,94.19953155517578,,,,,,
7483,,,,,,,,,,,,,109838336.0,109838336.0,109838336.0,230.28404235839844,230.28404235839844,230.28404235839844
7539,,,,,,,116359168.0,116359168.0,116359168.0,104.51763153076172,104.51763153076172,104.51763153076172,,,,,,
7543,111476736.0,111476736.0,111476736.0,54.94050598144531,54.94050598144531,54.94050598144531,,,,,,,,,,,,
7575,,,,,,,,,,,,,111476736.0,111476736.0,111476736.0,278.3186340332031,278.3186340332031,278.3186340332031
7632,,,,,,,117997568.0,117997568.0,117997568.0,173.88841247558594,173.88841247558594,173.88841247558594,,,,,,
7648,113115136.0,113115136.0,113115136.0,43.7338752746582,43.7338752746582,43.7338752746582,,,,,,,,,,,,
7669,,,,,,,,,,,,,113115136.0,113115136.0,113115136.0,281.0422058105469,281.0422058105469,281.0422058105469
7723,,,,,,,119635968.0,119635968.0,119635968.0,201.13775634765625,201.13775634765625,201.13775634765625,,,,,,
7751,114753536.0,114753536.0,114753536.0,49.57622146606445,49.57622146606445,49.57622146606445,,,,,,,,,,,,
7759,,,,,,,,,,,,,114753536.0,114753536.0,114753536.0,341.6699523925781,341.6699523925781,341.6699523925781
7813,,,,,,,121274368.0,121274368.0,121274368.0,254.56581115722656,254.56581115722656,254.56581115722656,,,,,,
7849,,,,,,,,,,,,,116391936.0,116391936.0,116391936.0,484.5576477050781,484.5576477050781,484.5576477050781
7854,116391936.0,116391936.0,116391936.0,57.18293380737305,57.18293380737305,57.18293380737305,,,,,,,,,,,,
7902,,,,,,,122912768.0,122912768.0,122912768.0,295.9421691894531,295.9421691894531,295.9421691894531,,,,,,
7939,,,,,,,,,,,,,118030336.0,118030336.0,118030336.0,725.3609008789062,725.3609008789062,725.3609008789062
7956,118030336.0,118030336.0,118030336.0,51.38173294067383,51.38173294067383,51.38173294067383,,,,,,,,,,,,
7992,,,,,,,124551168.0,124551168.0,124551168.0,542.1094970703125,542.1094970703125,542.1094970703125,,,,,,
8034,,,,,,,,,,,,,119668736.0,119668736.0,119668736.0,1172.87158203125,1172.87158203125,1172.87158203125
8059,119668736.0,119668736.0,119668736.0,53.44562530517578,53.44562530517578,53.44562530517578,,,,,,,,,,,,
8080,,,,,,,126189568.0,126189568.0,126189568.0,494.3060302734375,494.3060302734375,494.3060302734375,,,,,,
8125,,,,,,,,,,,,,121307136.0,121307136.0,121307136.0,1343.47314453125,1343.47314453125,1343.47314453125
8162,121307136.0,121307136.0,121307136.0,55.79279708862305,55.79279708862305,55.79279708862305,,,,,,,,,,,,
8172,,,,,,,127827968.0,127827968.0,127827968.0,507.9661560058594,507.9661560058594,507.9661560058594,,,,,,
8221,,,,,,,,,,,,,122945536.0,122945536.0,122945536.0,1546.7552490234375,1546.7552490234375,1546.7552490234375
8262,,,,,,,129466368.0,129466368.0,129466368.0,541.49560546875,541.49560546875,541.49560546875,,,,,,
8265,122945536.0,122945536.0,122945536.0,55.88707733154297,55.88707733154297,55.88707733154297,,,,,,,,,,,,
8317,,,,,,,,,,,,,124583936.0,124583936.0,124583936.0,1448.360595703125,1448.360595703125,1448.360595703125
8349,,,,,,,131104768.0,131104768.0,131104768.0,708.1754760742188,708.1754760742188,708.1754760742188,,,,,,
8367,124583936.0,124583936.0,124583936.0,57.49654769897461,57.49654769897461,57.49654769897461,,,,,,,,,,,,
8413,,,,,,,,,,,,,126222336.0,126222336.0,126222336.0,1794.859130859375,1794.859130859375,1794.859130859375
8446,,,,,,,132743168.0,132743168.0,132743168.0,617.2568359375,617.2568359375,617.2568359375,,,,,,
8470,126222336.0,126222336.0,126222336.0,56.820335388183594,56.820335388183594,56.820335388183594,,,,,,,,,,,,
8508,,,,,,,,,,,,,127860736.0,127860736.0,127860736.0,1739.525146484375,1739.525146484375,1739.525146484375
8533,,,,,,,134381568.0,134381568.0,134381568.0,1734.77490234375,1734.77490234375,1734.77490234375,,,,,,
8572,127860736.0,127860736.0,127860736.0,59.50855255126953,59.50855255126953,59.50855255126953,,,,,,,,,,,,
8599,,,,,,,,,,,,,129499136.0,129499136.0,129499136.0,1950.2288818359375,1950.2288818359375,1950.2288818359375
8623,,,,,,,136019968.0,136019968.0,136019968.0,2181.16162109375,2181.16162109375,2181.16162109375,,,,,,
8675,129499136.0,129499136.0,129499136.0,50.75424575805664,50.75424575805664,50.75424575805664,,,,,,,,,,,,
8697,,,,,,,,,,,,,131137536.0,131137536.0,131137536.0,2017.4110107421875,2017.4110107421875,2017.4110107421875
8718,,,,,,,137658368.0,137658368.0,137658368.0,1938.2784423828125,1938.2784423828125,1938.2784423828125,,,,,,
8778,131137536.0,131137536.0,131137536.0,51.484344482421875,51.484344482421875,51.484344482421875,,,,,,,,,,,,
8793,,,,,,,,,,,,,132775936.0,132775936.0,132775936.0,2296.165771484375,2296.165771484375,2296.165771484375
8805,,,,,,,139296768.0,139296768.0,139296768.0,2408.32080078125,2408.32080078125,2408.32080078125,,,,,,
8881,132775936.0,132775936.0,132775936.0,54.97189712524414,54.97189712524414,54.97189712524414,,,,,,,,,,,,
8889,,,,,,,,,,,,,134414336.0,134414336.0,134414336.0,2327.197509765625,2327.197509765625,2327.197509765625
8898,,,,,,,140935168.0,140935168.0,140935168.0,2313.34814453125,2313.34814453125,2313.34814453125,,,,,,
8980,,,,,,,,,,,,,136052736.0,136052736.0,136052736.0,2539.35595703125,2539.35595703125,2539.35595703125
8984,134414336.0,134414336.0,134414336.0,61.64434814453125,61.64434814453125,61.64434814453125,,,,,,,,,,,,
8993,,,,,,,142573568.0,142573568.0,142573568.0,2061.032958984375,2061.032958984375,2061.032958984375,,,,,,
9074,,,,,,,,,,,,,137691136.0,137691136.0,137691136.0,2287.618408203125,2287.618408203125,2287.618408203125
9085,,,,,,,144211968.0,144211968.0,144211968.0,2982.96435546875,2982.96435546875,2982.96435546875,,,,,,
9087,136052736.0,136052736.0,136052736.0,60.20681381225586,60.20681381225586,60.20681381225586,,,,,,,,,,,,
9169,,,,,,,,,,,,,139329536.0,139329536.0,139329536.0,2590.82958984375,2590.82958984375,2590.82958984375
9176,,,,,,,145850368.0,145850368.0,145850368.0,1773.310302734375,1773.310302734375,1773.310302734375,,,,,,
9190,137691136.0,137691136.0,137691136.0,53.708133697509766,53.708133697509766,53.708133697509766,,,,,,,,,,,,
9265,,,,,,,147488768.0,147488768.0,147488768.0,1784.4068603515625,1784.4068603515625,1784.4068603515625,,,,,,
9266,,,,,,,,,,,,,140967936.0,140967936.0,140967936.0,2616.6767578125,2616.6767578125,2616.6767578125
9293,139329536.0,139329536.0,139329536.0,56.303524017333984,56.303524017333984,56.303524017333984,,,,,,,,,,,,
9354,,,,,,,149127168.0,149127168.0,149127168.0,1875.72509765625,1875.72509765625,1875.72509765625,,,,,,
9360,,,,,,,,,,,,,142606336.0,142606336.0,142606336.0,2747.362060546875,2747.362060546875,2747.362060546875
9395,140967936.0,140967936.0,140967936.0,59.74790954589844,59.74790954589844,59.74790954589844,,,,,,,,,,,,
9439,,,,,,,150765568.0,150765568.0,150765568.0,2136.1201171875,2136.1201171875,2136.1201171875,,,,,,
9457,,,,,,,,,,,,,144244736.0,144244736.0,144244736.0,3084.5556640625,3084.5556640625,3084.5556640625
9497,142606336.0,142606336.0,142606336.0,64.57982635498047,64.57982635498047,64.57982635498047,,,,,,,,,,,,
9528,,,,,,,152403968.0,152403968.0,152403968.0,1848.8170166015625,1848.8170166015625,1848.8170166015625,,,,,,
9554,,,,,,,,,,,,,145883136.0,145883136.0,145883136.0,2813.845458984375,2813.845458984375,2813.845458984375
9598,144244736.0,144244736.0,144244736.0,62.38786315917969,62.38786315917969,62.38786315917969,,,,,,,,,,,,
9616,,,,,,,154042368.0,154042368.0,154042368.0,2775.8994140625,2775.8994140625,2775.8994140625,,,,,,
9648,,,,,,,,,,,,,147521536.0,147521536.0,147521536.0,2708.65625,2708.65625,2708.65625
9699,145883136.0,145883136.0,145883136.0,69.57482147216797,69.57482147216797,69.57482147216797,,,,,,,,,,,,
9707,,,,,,,155680768.0,155680768.0,155680768.0,2779.51318359375,2779.51318359375,2779.51318359375,,,,,,
9744,,,,,,,,,,,,,149159936.0,149159936.0,149159936.0,2563.655029296875,2563.655029296875,2563.655029296875
9795,,,,,,,157319168.0,157319168.0,157319168.0,2413.087646484375,2413.087646484375,2413.087646484375,,,,,,
9797,147521536.0,147521536.0,147521536.0,81.55809020996094,81.55809020996094,81.55809020996094,,,,,,,,,,,,
9837,,,,,,,,,,,,,150798336.0,150798336.0,150798336.0,2533.66845703125,2533.66845703125,2533.66845703125
9887,,,,,,,158957568.0,158957568.0,158957568.0,2782.61865234375,2782.61865234375,2782.61865234375,,,,,,
9894,149159936.0,149159936.0,149159936.0,88.30061340332031,88.30061340332031,88.30061340332031,,,,,,,,,,,,
9927,,,,,,,,,,,,,152436736.0,152436736.0,152436736.0,3025.837158203125,3025.837158203125,3025.837158203125
9973,,,,,,,160595968.0,160595968.0,160595968.0,3370.01806640625,3370.01806640625,3370.01806640625,,,,,,
9991,150798336.0,150798336.0,150798336.0,84.92111206054688,84.92111206054688,84.92111206054688,,,,,,,,,,,,
10028,,,,,,,,,,,,,154075136.0,154075136.0,154075136.0,2800.91943359375,2800.91943359375,2800.91943359375
10069,,,,,,,162234368.0,162234368.0,162234368.0,3854.38720703125,3854.38720703125,3854.38720703125,,,,,,
10088,152436736.0,152436736.0,152436736.0,79.76860046386719,79.76860046386719,79.76860046386719,,,,,,,,,,,,
10127,,,,,,,,,,,,,155713536.0,155713536.0,155713536.0,2541.3759765625,2541.3759765625,2541.3759765625
10160,,,,,,,163872768.0,163872768.0,163872768.0,3887.126220703125,3887.126220703125,3887.126220703125,,,,,,
10184,154075136.0,154075136.0,154075136.0,103.17046356201172,103.17046356201172,103.17046356201172,,,,,,,,,,,,
10223,,,,,,,,,,,,,157351936.0,157351936.0,157351936.0,2314.13427734375,2314.13427734375,2314.13427734375
10249,,,,,,,165511168.0,165511168.0,165511168.0,3579.64501953125,3579.64501953125,3579.64501953125,,,,,,
10279,155713536.0,155713536.0,155713536.0,111.92784881591795,111.92784881591795,111.92784881591795,,,,,,,,,,,,
10318,,,,,,,,,,,,,158990336.0,158990336.0,158990336.0,2728.24267578125,2728.24267578125,2728.24267578125
10346,,,,,,,167149568.0,167149568.0,167149568.0,4164.7578125,4164.7578125,4164.7578125,,,,,,
10372,157351936.0,157351936.0,157351936.0,120.38704681396484,120.38704681396484,120.38704681396484,,,,,,,,,,,,
10419,,,,,,,,,,,,,160628736.0,160628736.0,160628736.0,2514.834228515625,2514.834228515625,2514.834228515625
10440,,,,,,,168787968.0,168787968.0,168787968.0,4044.686767578125,4044.686767578125,4044.686767578125,,,,,,
10463,158990336.0,158990336.0,158990336.0,217.2332305908203,217.2332305908203,217.2332305908203,,,,,,,,,,,,
10513,,,,,,,,,,,,,162267136.0,162267136.0,162267136.0,2704.6953125,2704.6953125,2704.6953125
10534,,,,,,,170426368.0,170426368.0,170426368.0,3862.97119140625,3862.97119140625,3862.97119140625,,,,,,
10552,160628736.0,160628736.0,160628736.0,246.16015625,246.16015625,246.16015625,,,,,,,,,,,,
10609,,,,,,,,,,,,,163905536.0,163905536.0,163905536.0,2629.9375,2629.9375,2629.9375
10623,,,,,,,172064768.0,172064768.0,172064768.0,4194.048828125,4194.048828125,4194.048828125,,,,,,
10640,162267136.0,162267136.0,162267136.0,369.0984191894531,369.0984191894531,369.0984191894531,,,,,,,,,,,,
10705,,,,,,,,,,,,,165543936.0,165543936.0,165543936.0,2183.854736328125,2183.854736328125,2183.854736328125
10715,,,,,,,173703168.0,173703168.0,173703168.0,4647.02978515625,4647.02978515625,4647.02978515625,,,,,,
10732,163905536.0,163905536.0,163905536.0,311.23876953125,311.23876953125,311.23876953125,,,,,,,,,,,,
10801,,,,,,,,,,,,,167182336.0,167182336.0,167182336.0,2157.442626953125,2157.442626953125,2157.442626953125
10814,,,,,,,175341568.0,175341568.0,175341568.0,4427.6181640625,4427.6181640625,4427.6181640625,,,,,,
10822,165543936.0,165543936.0,165543936.0,378.91009521484375,378.91009521484375,378.91009521484375,,,,,,,,,,,,
10895,,,,,,,,,,,,,168820736.0,168820736.0,168820736.0,2179.70849609375,2179.70849609375,2179.70849609375
10905,,,,,,,176979968.0,176979968.0,176979968.0,4515.087890625,4515.087890625,4515.087890625,,,,,,
10913,167182336.0,167182336.0,167182336.0,457.8406982421875,457.8406982421875,457.8406982421875,,,,,,,,,,,,
10991,,,,,,,,,,,,,170459136.0,170459136.0,170459136.0,2629.462646484375,2629.462646484375,2629.462646484375
10998,,,,,,,178618368.0,178618368.0,178618368.0,4450.6572265625,4450.6572265625,4450.6572265625,,,,,,
11001,168820736.0,168820736.0,168820736.0,758.8209838867188,758.8209838867188,758.8209838867188,,,,,,,,,,,,
11085,,,,,,,180256768.0,180256768.0,180256768.0,4587.984375,4587.984375,4587.984375,,,,,,
11086,,,,,,,,,,,,,172097536.0,172097536.0,172097536.0,2305.036376953125,2305.036376953125,2305.036376953125
11093,170459136.0,170459136.0,170459136.0,753.6567993164062,753.6567993164062,753.6567993164062,,,,,,,,,,,,
11180,,,,,,,181895168.0,181895168.0,181895168.0,3573.6572265625,3573.6572265625,3573.6572265625,,,,,,
11184,172097536.0,172097536.0,172097536.0,973.4755249023438,973.4755249023438,973.4755249023438,,,,,,,,,,,,
11189,,,,,,,,,,,,,173735936.0,173735936.0,173735936.0,2464.4306640625,2464.4306640625,2464.4306640625
11271,,,,,,,183533568.0,183533568.0,183533568.0,4540.15625,4540.15625,4540.15625,,,,,,
11278,173735936.0,173735936.0,173735936.0,799.8093872070312,799.8093872070312,799.8093872070312,,,,,,,,,,,,
11287,,,,,,,,,,,,,175374336.0,175374336.0,175374336.0,2402.284423828125,2402.284423828125,2402.284423828125
11363,,,,,,,185171968.0,185171968.0,185171968.0,4871.2041015625,4871.2041015625,4871.2041015625,,,,,,
11371,175374336.0,175374336.0,175374336.0,737.96044921875,737.96044921875,737.96044921875,,,,,,,,,,,,
11386,,,,,,,,,,,,,177012736.0,177012736.0,177012736.0,2287.91064453125,2287.91064453125,2287.91064453125
11462,,,,,,,186810368.0,186810368.0,186810368.0,4955.91357421875,4955.91357421875,4955.91357421875,,,,,,
11466,177012736.0,177012736.0,177012736.0,656.8864135742188,656.8864135742188,656.8864135742188,,,,,,,,,,,,
11479,,,,,,,,,,,,,178651136.0,178651136.0,178651136.0,2338.572998046875,2338.572998046875,2338.572998046875
11557,,,,,,,188448768.0,188448768.0,188448768.0,4490.4970703125,4490.4970703125,4490.4970703125,,,,,,
11559,178651136.0,178651136.0,178651136.0,552.5808715820312,552.5808715820312,552.5808715820312,,,,,,,,,,,,
11575,,,,,,,,,,,,,180289536.0,180289536.0,180289536.0,2179.577392578125,2179.577392578125,2179.577392578125
11650,180289536.0,180289536.0,180289536.0,655.1400756835938,655.1400756835938,655.1400756835938,190087168.0,190087168.0,190087168.0,2925.383056640625,2925.383056640625,2925.383056640625,,,,,,
11675,,,,,,,,,,,,,181927936.0,181927936.0,181927936.0,2056.974853515625,2056.974853515625,2056.974853515625
11740,,,,,,,191725568.0,191725568.0,191725568.0,4374.56787109375,4374.56787109375,4374.56787109375,,,,,,
11741,181927936.0,181927936.0,181927936.0,755.82373046875,755.82373046875,755.82373046875,,,,,,,,,,,,
11774,,,,,,,,,,,,,183566336.0,183566336.0,183566336.0,2484.826904296875,2484.826904296875,2484.826904296875
11836,183566336.0,183566336.0,183566336.0,533.332275390625,533.332275390625,533.332275390625,,,,,,,,,,,,
11837,,,,,,,193363968.0,193363968.0,193363968.0,5014.33251953125,5014.33251953125,5014.33251953125,,,,,,
11870,,,,,,,,,,,,,185204736.0,185204736.0,185204736.0,2357.287109375,2357.287109375,2357.287109375
11927,,,,,,,195002368.0,195002368.0,195002368.0,4536.44873046875,4536.44873046875,4536.44873046875,,,,,,
11928,185204736.0,185204736.0,185204736.0,680.816162109375,680.816162109375,680.816162109375,,,,,,,,,,,,
11970,,,,,,,,,,,,,186843136.0,186843136.0,186843136.0,2086.214599609375,2086.214599609375,2086.214599609375
12020,,,,,,,196640768.0,196640768.0,196640768.0,3202.66845703125,3202.66845703125,3202.66845703125,,,,,,
12021,186843136.0,186843136.0,186843136.0,787.1160278320312,787.1160278320312,787.1160278320312,,,,,,,,,,,,
12066,,,,,,,,,,,,,188481536.0,188481536.0,188481536.0,2231.80419921875,2231.80419921875,2231.80419921875
12108,,,,,,,198279168.0,198279168.0,198279168.0,4122.96435546875,4122.96435546875,4122.96435546875,,,,,,
12111,188481536.0,188481536.0,188481536.0,926.9976196289062,926.9976196289062,926.9976196289062,,,,,,,,,,,,
12168,,,,,,,,,,,,,190119936.0,190119936.0,190119936.0,2227.69580078125,2227.69580078125,2227.69580078125
12197,,,,,,,199917568.0,199917568.0,199917568.0,4141.8388671875,4141.8388671875,4141.8388671875,,,,,,
12202,190119936.0,190119936.0,190119936.0,906.1912841796876,906.1912841796876,906.1912841796876,,,,,,,,,,,,
12269,,,,,,,,,,,,,191758336.0,191758336.0,191758336.0,2473.104248046875,2473.104248046875,2473.104248046875
12290,191758336.0,191758336.0,191758336.0,891.5196533203125,891.5196533203125,891.5196533203125,,,,,,,,,,,,
12292,,,,,,,201555968.0,201555968.0,201555968.0,4502.57763671875,4502.57763671875,4502.57763671875,,,,,,
12365,,,,,,,,,,,,,193396736.0,193396736.0,193396736.0,2485.6806640625,2485.6806640625,2485.6806640625
12378,,,,,,,203194368.0,203194368.0,203194368.0,4764.37744140625,4764.37744140625,4764.37744140625,,,,,,
12379,193396736.0,193396736.0,193396736.0,1284.421875,1284.421875,1284.421875,,,,,,,,,,,,
12466,195035136.0,195035136.0,195035136.0,1137.205078125,1137.205078125,1137.205078125,,,,,,,195035136.0,195035136.0,195035136.0,2152.343505859375,2152.343505859375,2152.343505859375
12469,,,,,,,204832768.0,204832768.0,204832768.0,4286.17529296875,4286.17529296875,4286.17529296875,,,,,,
12556,196673536.0,196673536.0,196673536.0,1375.254150390625,1375.254150390625,1375.254150390625,,,,,,,,,,,,
12560,,,,,,,,,,,,,196673536.0,196673536.0,196673536.0,2565.388916015625,2565.388916015625,2565.388916015625
12561,,,,,,,206471168.0,206471168.0,206471168.0,4036.9970703125,4036.9970703125,4036.9970703125,,,,,,
12644,198311936.0,198311936.0,198311936.0,1592.91748046875,1592.91748046875,1592.91748046875,,,,,,,,,,,,
12651,,,,,,,208109568.0,208109568.0,208109568.0,4012.247802734375,4012.247802734375,4012.247802734375,,,,,,
12656,,,,,,,,,,,,,198311936.0,198311936.0,198311936.0,2555.464111328125,2555.464111328125,2555.464111328125
12733,199950336.0,199950336.0,199950336.0,1356.256103515625,1356.256103515625,1356.256103515625,,,,,,,,,,,,
12737,,,,,,,209747968.0,209747968.0,209747968.0,4598.56640625,4598.56640625,4598.56640625,,,,,,
12757,,,,,,,,,,,,,199950336.0,199950336.0,199950336.0,2933.827392578125,2933.827392578125,2933.827392578125
12822,201588736.0,201588736.0,201588736.0,1567.2491455078125,1567.2491455078125,1567.2491455078125,,,,,,,,,,,,
12828,,,,,,,211386368.0,211386368.0,211386368.0,4468.65576171875,4468.65576171875,4468.65576171875,,,,,,
12853,,,,,,,,,,,,,201588736.0,201588736.0,201588736.0,2545.646728515625,2545.646728515625,2545.646728515625
12912,,,,,,,213024768.0,213024768.0,213024768.0,4615.9482421875,4615.9482421875,4615.9482421875,,,,,,
12913,203227136.0,203227136.0,203227136.0,1465.56591796875,1465.56591796875,1465.56591796875,,,,,,,,,,,,
12949,,,,,,,,,,,,,203227136.0,203227136.0,203227136.0,2488.8896484375,2488.8896484375,2488.8896484375
13000,,,,,,,214663168.0,214663168.0,214663168.0,4557.5625,4557.5625,4557.5625,,,,,,
13001,204865536.0,204865536.0,204865536.0,1507.8609619140625,1507.8609619140625,1507.8609619140625,,,,,,,,,,,,
13049,,,,,,,,,,,,,204865536.0,204865536.0,204865536.0,2828.272216796875,2828.272216796875,2828.272216796875
13089,,,,,,,216301568.0,216301568.0,216301568.0,4750.5625,4750.5625,4750.5625,,,,,,
13089,206503936.0,206503936.0,206503936.0,1612.2366943359375,1612.2366943359375,1612.2366943359375,,,,,,,,,,,,
13148,,,,,,,,,,,,,206503936.0,206503936.0,206503936.0,2843.300048828125,2843.300048828125,2843.300048828125
13175,,,,,,,217939968.0,217939968.0,217939968.0,4554.31298828125,4554.31298828125,4554.31298828125,,,,,,
13178,208142336.0,208142336.0,208142336.0,1687.8248291015625,1687.8248291015625,1687.8248291015625,,,,,,,,,,,,
13244,,,,,,,,,,,,,208142336.0,208142336.0,208142336.0,3225.001220703125,3225.001220703125,3225.001220703125
13264,,,,,,,219578368.0,219578368.0,219578368.0,4415.8994140625,4415.8994140625,4415.8994140625,,,,,,
13268,209780736.0,209780736.0,209780736.0,1779.637451171875,1779.637451171875,1779.637451171875,,,,,,,,,,,,
13344,,,,,,,,,,,,,209780736.0,209780736.0,209780736.0,3068.94189453125,3068.94189453125,3068.94189453125
13352,,,,,,,221216768.0,221216768.0,221216768.0,4757.75634765625,4757.75634765625,4757.75634765625,,,,,,
13359,211419136.0,211419136.0,211419136.0,1677.27685546875,1677.27685546875,1677.27685546875,,,,,,,,,,,,
13440,,,,,,,222855168.0,222855168.0,222855168.0,4736.048828125,4736.048828125,4736.048828125,,,,,,
13441,,,,,,,,,,,,,211419136.0,211419136.0,211419136.0,3243.072021484375,3243.072021484375,3243.072021484375
13449,213057536.0,213057536.0,213057536.0,1916.2454833984375,1916.2454833984375,1916.2454833984375,,,,,,,,,,,,
13529,,,,,,,224493568.0,224493568.0,224493568.0,4738.09375,4738.09375,4738.09375,,,,,,
13538,,,,,,,,,,,,,213057536.0,213057536.0,213057536.0,3597.9609375,3597.9609375,3597.9609375
13540,214695936.0,214695936.0,214695936.0,1690.133544921875,1690.133544921875,1690.133544921875,,,,,,,,,,,,
13615,,,,,,,226131968.0,226131968.0,226131968.0,4395.42138671875,4395.42138671875,4395.42138671875,,,,,,
13627,216334336.0,216334336.0,216334336.0,2571.17919921875,2571.17919921875,2571.17919921875,,,,,,,,,,,,
13639,,,,,,,,,,,,,214695936.0,214695936.0,214695936.0,3270.377197265625,3270.377197265625,3270.377197265625
13709,,,,,,,227770368.0,227770368.0,227770368.0,4044.727294921875,4044.727294921875,4044.727294921875,,,,,,
13719,217972736.0,217972736.0,217972736.0,1948.2115478515625,1948.2115478515625,1948.2115478515625,,,,,,,,,,,,
13737,,,,,,,,,,,,,216334336.0,216334336.0,216334336.0,3174.177978515625,3174.177978515625,3174.177978515625
13794,,,,,,,229408768.0,229408768.0,229408768.0,4719.5537109375,4719.5537109375,4719.5537109375,,,,,,
13807,219611136.0,219611136.0,219611136.0,2153.096435546875,2153.096435546875,2153.096435546875,,,,,,,,,,,,
13834,,,,,,,,,,,,,217972736.0,217972736.0,217972736.0,3460.264404296875,3460.264404296875,3460.264404296875
13884,,,,,,,231047168.0,231047168.0,231047168.0,4758.83544921875,4758.83544921875,4758.83544921875,,,,,,
13898,221249536.0,221249536.0,221249536.0,2399.34814453125,2399.34814453125,2399.34814453125,,,,,,,,,,,,
13931,,,,,,,,,,,,,219611136.0,219611136.0,219611136.0,3497.761474609375,3497.761474609375,3497.761474609375
13976,,,,,,,232685568.0,232685568.0,232685568.0,4671.33349609375,4671.33349609375,4671.33349609375,,,,,,
13988,222887936.0,222887936.0,222887936.0,2442.654052734375,2442.654052734375,2442.654052734375,,,,,,,,,,,,
14026,,,,,,,,,,,,,221249536.0,221249536.0,221249536.0,3246.753662109375,3246.753662109375,3246.753662109375
14062,,,,,,,234323968.0,234323968.0,234323968.0,4460.9169921875,4460.9169921875,4460.9169921875,,,,,,
14080,224526336.0,224526336.0,224526336.0,2397.960693359375,2397.960693359375,2397.960693359375,,,,,,,,,,,,
14123,,,,,,,,,,,,,222887936.0,222887936.0,222887936.0,3051.833740234375,3051.833740234375,3051.833740234375
14154,,,,,,,235962368.0,235962368.0,235962368.0,3605.232177734375,3605.232177734375,3605.232177734375,,,,,,
14170,226164736.0,226164736.0,226164736.0,2638.066162109375,2638.066162109375,2638.066162109375,,,,,,,,,,,,
14218,,,,,,,,,,,,,224526336.0,224526336.0,224526336.0,3522.694580078125,3522.694580078125,3522.694580078125
14245,,,,,,,237600768.0,237600768.0,237600768.0,4391.998046875,4391.998046875,4391.998046875,,,,,,
14261,227803136.0,227803136.0,227803136.0,2380.23876953125,2380.23876953125,2380.23876953125,,,,,,,,,,,,
