"Step","supervised_model_dir: /storage/home/hcoda1/6/vgiridhar6/FoWM-vanilla/wmlab/logs/hopper-hop/10/default/models/250000.pt - pretrain/episode_reward","supervised_model_dir: /storage/home/hcoda1/6/vgiridhar6/FoWM-vanilla/wmlab/logs/hopper-hop/10/default/models/250000.pt - pretrain/episode_reward__MIN","supervised_model_dir: /storage/home/hcoda1/6/vgiridhar6/FoWM-vanilla/wmlab/logs/hopper-hop/10/default/models/250000.pt - pretrain/episode_reward__MAX","supervised_model_dir: /storage/home/hcoda1/6/vgiridhar6/FoWM-vanilla/wmlab/logs/hopper-hop/10/default/models/100000.pt - pretrain/episode_reward","supervised_model_dir: /storage/home/hcoda1/6/vgiridhar6/FoWM-vanilla/wmlab/logs/hopper-hop/10/default/models/100000.pt - pretrain/episode_reward__MIN","supervised_model_dir: /storage/home/hcoda1/6/vgiridhar6/FoWM-vanilla/wmlab/logs/hopper-hop/10/default/models/100000.pt - pretrain/episode_reward__MAX","supervised_model_dir: /storage/home/hcoda1/6/vgiridhar6/FoWM-vanilla/wmlab/logs/hopper-hop/10/default/models/50000.pt - pretrain/episode_reward","supervised_model_dir: /storage/home/hcoda1/6/vgiridhar6/FoWM-vanilla/wmlab/logs/hopper-hop/10/default/models/50000.pt - pretrain/episode_reward__MIN","supervised_model_dir: /storage/home/hcoda1/6/vgiridhar6/FoWM-vanilla/wmlab/logs/hopper-hop/10/default/models/50000.pt - pretrain/episode_reward__MAX"
"0","0.0014026771901020161","0","0.0022344621014781297","0.000781049389721981","0","0.0012345331269898452","0.0007530513234087266","0","0.0015623874482116663"
"2500","0.7264081348049028","0.007385054696351289","1.3405807517483481","0.3670820893077689","0.004249687120318413","0.7416660732758829","0.07153050571796483","0.0029819078743457796","0.13163866612594574"
"5000","0.8015811342765421","0.10305639253929258","1.4838008777354843","1.1949885000525684","0.048277191881788896","2.7370697106212902","0.41015139524824923","0.014150791824795306","1.1694812297588215"
"7500","5.623222122820638","3.8146046353213023","6.918723677704111","1.376542132922138","0.045340497978031635","2.2643175987992437","0.7426880566534239","0","2.0295697756111624"
"10000","1.4248289124477498","0.006290034600533545","3.2288830444216727","0.19487183600431304","0.009875682834535836","0.5496134831802919","1.0237777080389303","0","1.876601193053648"
"12500","2.246305358213916","0","4.364029910042882","1.9427921382361089","0.012288416177034378","4.447225107334089","0.540776459768919","0","1.6146399576944532"
"15000","1.446973946908838","0.041239621490240096","3.098955141290207","0.14325902309889596","0","0.42977706929668785","0.08655669006208579","0","0.2596700701862574"
"17500","6.741974281787407","3.3311317469808275","11.953778602532111","1.432538848737022","0.9479041181504726","2.0519296809390655","1.729865442980372","1.1761283833533525","2.135215059481561"
"20000","1.6341361069818958","0.7909794678911567","2.1850123322568833","1.0299217771505937","0.12325360029935836","1.7079429126577452","0.12038082001575579","0","0.34770678707864133"
"22500","4.565488842253884","0.824266342818737","7.664885849691927","1.2019798095532073","0.0005087846540845931","1.827801658003591","1.4809465015345873","0.22027868628501893","3.474375759263057"
"25000","3.99521285474378","0.726849240809679","9.156583270814735","1.8485977787834902","0.897421697806567","2.3745585007360206","1.1249569024987673","0","2.5403612267517017"
"27500","2.263673788836847","1.2793245629407466","3.0826566010713576","1.871507692631955","0.007107299519702792","3.697200556099415","0.20787395069201012","0.09998201355338096","0.4080141649901634"
"30000","2.039251562448529","0.30598018018063156","5.413413418363779","3.2406087917663773","0.5229836435290054","7.403462425526231","1.325294077784444","0.8073136886116117","2.1259829826653003"
"32500","4.401205511259225","0.23552668429911136","6.679723880696111","3.74061867447308","0.6575963272713125","5.920742253703065","2.208765698620118","0.6444142557680607","4.399496411043219"
"35000","2.012091469453177","1.1112574510043487","2.5740596769028343","1.4908994649653324","0.6991163589991629","2.6424674610840158","1.1252185058430162","0.05328967396635562","2.525973054627684"
"37500","8.665232255191464","1.5951420415833126","14.648156650108286","2.656732115149498","1.249310112092644","3.6440538201946766","3.563347363219752","0.11612018375890329","7.65708844519686"
"40000","9.474788787250631","7.646758736670018","11.695388168119825","7.6044791904021025","1.3901328951120377","16.996914632960397","3.6318130342910684","1.918913041986525","5.33576593468897"
"42500","7.351963863141525","2.2415786885190756","10.08713030833751","7.977787451190792","5.711695976278497","11.853378047514706","5.985407434153603","3.0044631358236074","8.793639163137414"
"45000","7.543421473324391","2.4984763150918297","12.363319604645948","4.001297340642972","1.1102898111799733","8.170346051896923","10.475822070851185","9.567741630994714","10.942849243993987"
"47500","9.41865758310499","6.083814440574497","15.661185715760803","8.750643391786918","7.094417331553996","9.920335453434381","10.455712115025381","5.3790255109022835","17.595076645165683"
"50000","6.996416356631865","1.6109290540218353","16.184846082236618","5.423146076465855","3.1237346306443214","7.602393177710473","9.274607280768882","8.343801336106845","9.879361687166966"
"52500","10.875940064071136","2.083777699805796","16.079835761809953","4.5258412735803475","1.4993564696516841","7.730595771186927","9.506103394475454","1.9877074037329294","19.858684524870476"
"55000","14.728785041995193","7.367339244065806","21.67108941668412","7.587963533395669","1.8614612617646344","12.429061787435785","3.1382604697719216","1.917402887903154","5.309009199077264"
"57500","9.006350570172073","6.325792948901653","12.91165164038539","9.202363346377387","3.2300735029391943","19.314532516198234","5.836116589510735","2.192423352220794","10.512615934945643"
"60000","19.46684776835318","8.944687778130174","25.360528541577516","10.878753866004052","6.595215166918933","17.500030233532016","5.39441536086609","2.738219171902165","7.390260857868634"
"62500","12.208279560088462","4.573174135460431","21.743085047602655","5.28723250378971","2.6218720022356137","8.131804587709485","7.733307176752958","2.218576899974141","16.59954231242882"
"65000","11.183214310595696","8.337221072614193","14.51304271137342","11.262330391572325","2.1077777938568034","18.07558991748374","6.476220478401228","4.076613906038983","10.154931970976758"
"67500","7.584628449467709","6.706911182278418","8.668086480177589","6.0215080142157005","0.14594521757680923","12.137940997863188","8.418580633171466","5.286744196899235","10.980555751181964"
"70000","6.788013847331361","3.7658641325775535","8.652120762702543","10.661927541397743","5.37165829972364","20.117221210867864","3.993128577059057","2.840465300064534","4.995025596214691"
"72500","9.43628408597336","0.08138624482380692","15.987143259402364","10.670298632601044","4.701959598902613","18.363263029867085","5.917594134462706","4.763293990668899","8.007634115684777"
"75000","7.783847436644526","6.104088022932411","11.132060462358641","23.11338962377825","8.341334341070615","34.957767652953045","8.60450508982467","7.058361655822955","10.605330979125574"
"77500","11.783406517910771","7.804144056141377","16.894753969460726","11.730790446746203","2.8827807329158532","26.53093691468239","16.61109291559745","7.578815397195285","25.332827677961905"
"80000","14.410762413428165","9.765131569467485","20.23035648278892","14.359378598471325","9.678212332399562","23.62695001028478","11.047374168089783","9.578757738246349","13.014099062068272"
"82500","8.575458823512234","3.6303066815718923","13.720962588320253","14.234401711670216","9.959085689624771","22.024233263358475","8.829351105650616","6.5192377114668485","12.281269726334722"
"85000","10.992500118919027","9.52080375244841","13.279437829600647","16.956369897288578","4.635111239730032","35.112042838335036","4.983554110263018","2.7626902862968565","7.826467002165737"
"87500","18.025291600454512","11.285244272089766","25.44113455056213","10.684219384586564","3.0130673123523595","20.37065985148438","8.834697633122172","5.501872787222965","11.692309212835971"
"90000","18.406926676044502","13.804336649393282","24.2217127161799","15.660128318009084","6.04548838599585","29.65235218620801","13.796093696778795","7.275073060253635","18.26867285417393"
"92500","17.930488420207983","9.081364930514246","35.5790200196905","8.161386765244727","1.1211718648672104","13.389329164708034","8.220532173415995","7.5523106955108235","9.210095470002852"
"95000","19.31973380537547","1.7817015929147602","49.93000889373943","8.173626602763155","1.5121518135070802","14.167029200820252","16.666301694228363","13.255525233037769","20.835020388587147"
"97500","12.212958109216801","5.2598038533004","22.41581527215312","9.137890774236075","2.465353846095968","21.0787515132688","12.788554480146075","6.1875743716955185","17.35485332243261"
"100000","15.372658577441689","11.179010306152122","21.684708922888966","6.375438036800673","5.366170364432037","8.365756799234077","16.01015426893937","9.746144076692872","24.653521080577775"
"102500","16.82503567733414","7.387550775380805","24.559763071034105","8.557417876067728","1.1532479219138623","19.99410450034775","4.5496035401786985","0.4505929112434387","10.74848775912542"
"105000","13.37169236132189","4.55668608173728","22.20879912006385","8.41927775378875","7.566053535044193","10.096762463773848","8.909513822199004","5.269881786007682","11.685316998168128"
"107500","14.386416736689474","6.769602458376903","20.319038690486924","12.384825922418775","9.557182568032294","17.19850556057063","12.149311659223168","5.1480273740366105","18.49900736543932"
"110000","22.964311295386384","13.280897972556705","35.49682801051531","7.3132471590826755","2.8254532602149993","15.570177396031795","12.659256862036031","5.782794720662059","18.292008320242168"
"112500","17.4728446369234","9.889299785447657","23.573097280133517","14.664773015483902","3.861689904332161","33.884300835756584","13.68002409543454","9.821552921878174","16.059974448138384"
"115000","23.932207948920162","19.20971533791453","26.725831568668944","5.391593986485774","1.4840325705241413","12.191860842704774","10.47746315842184","9.188792694592848","12.177721784263849"
"117500","26.825458726315997","10.301577186142822","35.71576829890328","7.352404611840029","2.7546618490014225","15.047267302367255","13.46277322601148","1.8102411908388603","26.215437208896038"
"120000","21.251504780974937","10.926373226195574","31.5006230916013","9.309873364147885","6.625262553431094","11.856466655328404","5.9166379023954505","3.3180615295510507","9.505164480116218"
"122500","23.33003691505097","6.272153986862395","37.666604449145964","14.780878514629634","11.423346287827007","17.475907741859555","10.481366898313475","5.30361509853974","19.417593753174877"
"125000","38.46297626078982","17.40175742153078","58.5631067179027","31.627367069805043","12.02863325048238","67.14125224202871","7.714344313459393","3.339625483751297","9.995880821102764"
"127500","40.16334691931261","23.799600530182943","69.64457189751556","28.24296617512688","1.5262661139015108","62.52142465745565","9.886421819133101","4.397883278640802","14.80195012705517"
"130000","42.53916490278207","28.992817251523956","54.452105349488555","15.879584774887187","9.26773829460144","24.346970909833907","7.102380247538289","3.2757061544805763","11.729523640871047"
"132500","31.500353460257372","24.51895952495688","42.4127709457418","16.678046361737263","6.865732511831448","28.307383196055888","12.3992280286795","8.634297978651011","16.339644900214626"
"135000","23.323233451509925","14.202171847457066","30.693028282001613","13.693658167840235","5.9394831046462055","21.73979801489768","11.604874196453602","4.855068956315518","18.201379282932614"
"137500","35.356385994423185","18.49099112644908","49.479132343572566","12.268290214970087","1.4491620659828186","24.285813384503125","6.071523375289203","3.9240780306747185","8.995746572315692"
"140000","16.92734187702493","7.246266382955946","31.46637037023902","10.50259877089217","7.863375970022753","12.718257199972868","9.464918121296796","2.1929719186853616","16.450928166849188"
"142500","34.90424375284929","28.102832274674437","44.52753468286246","7.19362543694442","0.40058188389521093","15.584966062649618","6.299833252277071","3.177745315223001","9.960450823639984"
"145000","37.492297455373524","19.719278605282305","53.285226203734055","9.437782158512467","8.798736424918753","10.362148742377759","10.918306595493535","2.4500442942604423","19.869018304868952"
"147500","33.84831668498615","8.834377084020526","71.14998999929522","8.740470516945544","1.9161678955424577","19.283291378617285","11.944365757645572","9.824199541436974","15.897378800110891"
"150000","44.54647782845422","33.39318982086843","60.42474614158273","17.44773820627791","6.7953218859387565","37.13638529833406","9.182709454648041","6.9058328526560215","10.910932095570024"
"152500","31.440163558899073","16.57169335819781","42.481364271789786","6.170565754136381","5.06434998747427","7.709808827191591","10.258535522300129","7.237575480574742","14.094277472794056"
"155000","38.98630634506893","23.535371929017128","50.14188490291126","15.34535126865764","6.338666924834252","27.504162541776896","10.25003067118426","5.688194648176432","13.158310876227915"
"157500","40.04706791787758","15.023422010987996","78.51232240572571","19.52938371427299","10.876170624932275","31.13022878326592","10.003706000963575","6.373335349559784","16.81253045843914"
"160000","40.42293350430361","12.774812570796348","66.75650538392365","12.042051476367243","4.959073800113401","21.315623037260956","11.178145970528325","9.319384774193168","14.596980980783702"
"162500","48.984818635584816","27.43373861992732","88.86712784568371","12.640953372036648","6.3694931882608214","24.094020739244296","7.597333151940256","5.880965861678123","9.206840958818793"
"165000","40.38306336289025","24.43404850967927","69.35917335622435","17.396222780218036","11.026849548192695","21.62104904849548","9.422091400033484","4.445254316926002","12.81102797286585"
"167500","32.79498802064724","18.026488120970317","48.409703506715594","10.615619017156618","5.073565714538563","18.132019783277066","9.575717583704197","3.5785270805528855","17.19850520864129"
"170000","35.306645540159664","14.35496766694123","65.51771150480491","10.706552159724135","6.007581006735563","17.87613643463701","10.369827558441708","4.783937061857432","13.750842244923115"
"172500","50.36286447178379","15.177879243949429","85.33673211293645","12.609075273662652","5.005049486458302","19.035478956345468","10.898934237338835","5.340399475186132","17.483453040308085"
"175000","48.94829339297333","35.13939419909148","75.2339328684844","16.259902941476806","14.505269122340541","19.397332045855002","7.47327127167955","0.5825893423520029","14.425022462196647"
"177500","43.620897002228105","22.18515883424552","75.4453856682172","13.959136974489473","10.611892871931195","19.26849457405042","15.292536100470656","4.814314129590639","31.486396147985943"
"180000","44.39647760552349","13.790777151449584","70.96997840814292","11.885562726762146","5.886502436175943","15.975525364279747","13.067503062278652","6.085630435403436","18.744778229109944"
"182500","57.177395171547936","40.260489971889186","84.45403227251954","13.42795230918564","7.626050277194008","22.713652080111206","11.533174446917835","2.7276191147393547","17.45434721102938"
"185000","59.0860744311718","35.76110652397765","71.89721089309496","8.467028588887237","5.745116594433784","10.588326747977408","18.19141722752656","12.7172878543337","24.460776568204164"
"187500","39.8781851557161","23.486248044949026","52.72269618809223","13.437907487022068","5.897859056666493","20.002184814959765","15.229466486846407","11.470540254563094","17.551729721203447"
"190000","48.15227709292788","15.91708334921277","78.194810500741","11.092430518713082","6.535372189129703","13.670870069594821","17.46802209005691","14.18418028949527","20.766140407859346"
"192500","56.14326375327073","40.99104438745417","77.54769261907786","15.166791717019805","7.76354194059968","26.47951492897264","17.70957272659386","15.57096456566651","20.738522212731187"
"195000","53.73592594980729","31.063091171369887","92.03210746645928","14.480027878908487","10.196856117257994","18.041884568333625","12.765388814930338","5.242537570989225","18.204317823029122"
"197500","58.892998485406856","51.507389291503934","69.3349587414763","11.974529361453216","7.7831319003598765","16.200875748693942","20.021437477682777","16.20304565254337","22.076546968193725"
"200000","28.817134359287838","13.104829265669105","57.33475687958416","12.690860820390904","6.1451000708620995","20.387736176885664","17.762823009525892","7.770775651722215","35.32028108499944"
"202500","40.00950011770862","29.063379486463965","58.07360494360328","13.796180339184744","10.038683873496485","20.07473576515913","22.784833286733676","13.322385586146265","28.947458881232887"
"205000","40.9840525497566","34.08208388537169","53.40541396514745","22.244840082759037","11.27262010537088","29.231352035701274","20.802009654828968","13.709175313008018","26.977115647122265"
"207500","51.19365495100476","33.753853807551785","81.23026175710838","15.707327770878328","6.496985460724682","32.138903298601505","23.696925067905493","21.212810549070127","25.36696744021028"
"210000","51.25785130324463","31.369952487945557","71.39049489051104","7.57093143997093","4.838432732224464","10.777836394309997","27.179932693392043","22.13110837880522","32.30028671007604"
"212500","39.454926800883065","28.89240316795185","47.24378484636545","8.48300788894315","1.922036990817287","13.632567089353689","21.22615688793982","10.932095931936056","26.63368703238666"
"215000","78.32521926435099","69.56513575110584","89.51744539571227","17.640782445442166","13.708981739170849","22.10414737823303","21.037520746948818","17.526957184565255","24.55017153888475"
"217500","42.69691624986783","25.32936073988676","61.17113031682093","8.241654571995605","1.3831440027221107","15.596151619404555","17.419409976156505","8.43798238504678","25.933228215767304"
"220000","61.33797811494636","38.902088617905974","92.74376894951565","13.309332255887663","3.4404787986321024","21.447346634138377","16.615268547734015","12.976664694742066","22.174329729017337"
"222500","47.67978083503064","40.027968389133456","59.501366259183854","14.176596724517147","10.710890281746538","20.86730311829597","23.29895750765766","17.630399512074654","27.394640928134322"
"225000","62.5665344501438","41.01268957108259","100.13271001237445","12.66739550368414","0.7854532011173433","24.596820959734032","20.484662105080982","11.676136186829535","27.758568374067544"
"227500","46.165790375366726","35.92521069216891","53.300659014331174","15.780453054890193","6.880626388546079","20.686228367569857","17.986907373888727","13.354881087690591","20.98209352819249"
"230000","50.01248092033972","26.611237087548762","81.37159635871649","15.51731545435323","1.7519272739067673","22.65144589992415","25.846596310927996","13.666788329987321","37.00939756669104"
"232500","63.3369433975827","40.6099222988676","93.14785797949881","10.050205574606176","5.113725788099691","17.147949921060352","26.66528455700609","23.139937623549486","33.158134770393374"
"235000","44.000300391472415","27.88441816624254","74.01009519003564","13.24698791176003","3.1959827969665637","25.140005952492356","16.172861708737525","12.404756826907397","21.46650187430787"
"237500","41.01775831897587","26.53230520837824","64.71058854758739","15.357515382270018","13.428492385928985","17.17046478316188","21.990993865408626","17.309295535320416","24.945419420301914"
"240000","59.310985914892804","35.62568062158389","96.43399744667113","15.600622912294542","3.0314871348440646","24.80519708856009","14.392721482828833","9.24639246452134","20.7772639130264"
"242500","67.20599045372025","41.49289976382861","88.97598041296006","20.122930567882335","6.334065344533883","39.76612827777863","18.73105731622333","9.155418110384199","33.51387156413402"
"245000","56.00943059218116","28.708919791970402","93.08663201387972","16.367981692745044","2.680160050094128","25.6243035688065","25.979063476812247","20.140216470859013","31.35707677733153"
"247500","54.974531565896775","32.83729762559269","90.98016403466463","25.531751817922","9.550948609851911","48.25719760209322","24.934382736620805","23.50350276492536","26.93915437308606"
"250000","61.80878840041496","41.37260117984452","95.58698458664585","30.539338434060724","17.097860709019006","41.488090229523365","21.39415124348501","6.51938236230053","32.963675200380386"
"252500","53.322420957995924","8.163565928352181","101.08292823466472","17.592596475304408","4.09622543156147","33.60122584142955","26.571544845292618","25.11936699897051","27.95383489959204"
"255000","51.70076935487317","14.383462538570166","97.69380535930395","10.576037924695022","4.9075096932007","14.389615343650803","33.386875504640436","28.02382743919734","36.11574166418577"
"257500","51.52855360722945","14.107300206786022","88.52814604861196","22.84942014324091","13.422523477673531","31.78894171997672","18.620494642595684","7.210431411757599","27.79157967120409"
"260000","58.62120159720846","17.52869344006758","82.55222045993432","19.423858182091013","17.40026689910301","22.321394438087008","21.22036483127546","11.681958290317562","26.12322335287463"
"262500","48.43390575277929","13.979192496836186","95.69066104888915","23.91206196699059","10.246331412449944","43.497673673182724","22.46283711831687","11.094912466406821","32.86801536829152"
"265000","55.99625329858197","27.567711173050338","94.56771618276835","18.02184051325312","9.929217048874126","27.59715360010741","22.585403874504603","5.474536868487485","40.59171700939696"
"267500","50.66420862817515","18.40006108516827","98.77155024260283","24.668063871189954","11.140484355390072","44.45581780262292","24.631122006324585","7.327719787159003","34.53455049255863"
"270000","59.64134214843176","13.430243404624616","103.69463385576383","16.918969696720524","8.384458789834753","23.831016457080842","26.591932823024155","17.67237033161291","37.21758660702035"
"272500","63.20349209169314","32.68154720067978","106.20167431822047","20.52882348410203","10.232337096519768","38.704652886261464","26.225109230647405","16.647396713495255","31.138314638636075"
"275000","60.91797933761262","35.256989027268716","96.34897948419675","27.125041832656525","8.500875913864002","54.1175145637244","26.58255673141636","13.134797533380333","40.54803279512562"
"277500","62.71159114048641","39.05875922997948","100.65237643482396","29.15230080829157","16.471501390170307","47.46930322661065","39.14865754473382","17.659694997183397","52.204931092487826"
"280000","53.037247085881724","34.495638768287606","83.69023831588565","28.458186390313006","12.976118411682545","44.08564327023923","29.21626682068648","22.133915178582537","36.89282401952077"
"282500","55.55888109907537","28.14642146917031","101.52199052048964","16.17693485514319","12.868524545963737","19.8036829427816","20.21950929370554","9.973288465291262","34.76585023924709"
"285000","56.25775111597662","28.019803573191165","112.42573241847568","23.065038044401444","7.256846109172329","44.587076527928005","21.70522347899775","11.867183045111597","36.187268182449046"
"287500","54.7897722435892","30.04612121023238","77.93534912516188","28.574992046101638","10.063205394148827","56.42282367004081","23.82124183943185","20.26542040258646","27.635785197326914"
"290000","69.30899047158891","41.206898383051154","115.59115756368264","55.580498448314025","31.60135913139384","70.84518336877227","21.678926113357495","12.016323345026468","28.23186728671717"
"292500","50.39716015378071","34.24760205498897","69.92661634988326","25.037168487417514","10.908792652841658","34.99051052688155","31.650824558478785","22.820990720391272","40.62630611804779"
"295000","68.48745574902715","30.97337656963209","122.11215309158288","31.40758323040166","15.267707419022917","55.061123551055786","13.378535090996351","12.938439494889462","14.053410760133556"
"297500","67.69665163263369","46.18526346101426","109.52923918366432","34.37399327436773","18.709904385730624","53.918062139232646","22.66844020024097","16.506397747993468","30.50483931931667"
"300000","72.91084496884511","55.485731260664764","86.96161179095506","32.786182660164194","16.7082845260069","55.09297702470794","21.201796322814186","18.359319806208806","23.479188777692617"
"302500","62.97475405109387","37.18667191400891","98.04713555338677","28.008198403318726","20.977503002714364","37.13757083080709","17.832897016433222","14.920722690375987","23.111904041469096"
"305000","56.969519892381506","42.17617927230894","71.70458003021777","28.373460433686464","16.606767033040523","44.90552271993365","21.900769831507933","9.56690881550312","37.52537538191537"
"307500","85.76376864657358","52.95122944862815","116.28942678036401","35.69306391397234","16.547011894901516","49.767576807404836","30.1269246737339","17.49998414299771","48.183117282538205"
"310000","63.75719744509552","49.62493661630433","81.75127792656421","28.852536535668577","13.748423876019661","52.53811473082751","29.104711912243513","22.187994091084693","35.989365957054545"
"312500","62.99900057021489","60.61106688603759","64.66016045883298","20.690990662000452","12.463799533247947","35.553073479235174","26.384325845260065","21.270969445467927","32.8080349762688"
"315000","55.19507715589973","52.16509544834889","60.37588377147913","31.366088985155027","25.4645430162549","40.80703350985423","38.12958996435628","29.985099294269457","43.59850310751354"
"317500","66.75103687867765","49.47687694128399","100.8975377637893","18.71162672090938","12.176499270377098","31.712021563425424","29.14811799527864","16.921427746259724","38.070711789932105"
"320000","76.3962415028024","58.248766124248505","101.89226915788895","34.01484430419902","17.03743783533573","64.54821140170097","24.873409513818718","19.48495643781498","28.225464771781116"
"322500","61.43380903502305","41.65639118850231","95.8666831791401","36.8670237839222","31.075797060877086","45.93464197814465","27.375855604683363","14.184397630020976","38.41004431396723"
"325000","70.17523761121605","39.45713749229908","89.60994437363843","29.465790108467143","25.647033043205738","34.156774145364764","25.005959789470456","10.52094110957114","41.17975130490959"
"327500","71.00551865131565","60.5711052839295","90.18731494620442","17.58448975762197","9.61541901761666","26.991961910948156","25.42142203849956","12.497881786666767","38.00932355151745"
"330000","63.61251839102527","30.220157544501127","92.99162033498287","11.26282445739489","4.211106199026108","21.999501620221416","37.52729134269806","12.83926103641861","50.90921940375847"
"332500","78.36265586874215","60.7609016342205","110.05503772662487","9.926382183843817","8.506444189113973","11.02932386933826","32.469747825533524","11.43176946448184","45.26613786821836"
"335000","63.52475277546085","48.279146072965524","78.90279593020678","19.116098888037957","12.502871701907134","23.030277022742666","23.81908715208313","14.69156467638968","35.944248782319484"
"337500","71.42876897867924","59.58530831933022","83.4211971794488","20.899896936972315","9.251166747510434","29.64216023327317","19.348978015206132","10.502024761587382","25.33203110527247"
"340000","57.87376502330492","48.35715498477221","67.5912476383266","29.34802992470456","21.30965364521835","37.76000551940088","26.409780200224485","15.196389994153288","33.52961473848554"
"342500","82.35533440292348","73.55168762117391","91.1585805802024","27.405442449085726","9.585313012870028","45.842075193487105","17.44296507350736","5.228196040709736","35.58497165493607"
"345000","74.88201156288075","52.082562287151816","100.92117641526275","25.38733556991598","10.59953199441079","39.67417657263577","20.38542922190779","15.645540666382294","24.146099235862494"
"347500","81.80765324375243","65.4246785312891","101.31742022535764","25.55519121957477","17.861685286462308","31.508342963189353","16.414155785680546","11.648279354674742","21.459658407839015"
"350000","67.72593353657673","60.90636026645079","73.07779536992311","30.288317452407018","23.031372957519487","34.95203663000139","21.714089277317782","15.046586528942862","27.157967544363053"
"352500","53.76788703571364","40.20902339614404","61.358755971631034","28.36961123611157","17.599400786310433","36.09213393079117","22.28744241106948","17.26774507450009","26.875285891897512"
"355000","69.14949899276834","34.45518379062414","116.12777309906669","28.305217551084933","26.053363339602946","32.54391769001377","28.183041758986658","20.271452183427755","41.56715687331744"
"357500","77.173145365862","48.30728926206939","109.97922262251377","28.010449128564506","21.549366204193213","37.83937775325758","33.694531174066164","30.89269842505455","37.7031058061868"
"360000","87.14099107101599","47.15952798457001","134.39122006804683","26.97638762475108","23.174904388497815","29.133503382524943","28.95713859298533","14.431081159176392","38.02528674975038"
"362500","93.98078128013942","66.81496627951856","140.0675442514592","29.564935176722553","21.48802253305912","40.85654929114389","27.20524102240088","20.178879143881932","31.136213360154215"
"365000","57.47300572401145","33.249075727164744","90.37023187668528","29.42290878602944","16.98650803597702","37.27277932465076","38.19003761553516","32.717329861223696","47.82155975494534"
"367500","66.29962998949291","45.465992016202655","76.9316124271223","25.664305719913685","21.50109692886472","29.118912322988034","33.914880507701184","23.374658192368223","43.66695573658217"
"370000","63.57359657417595","49.19230830342276","84.89103143038228","13.082489572651683","9.847572424262761","16.23703935514204","36.92248478920276","29.54956008344889","48.71328263884643"
"372500","65.0098373127621","51.14452130310237","79.58693892475712","18.62411901956948","11.815903302654624","28.521628278354182","26.80876862599907","13.814875403232872","34.582109048611166"
"375000","65.86966728331358","43.62856236979278","92.78226525693144","19.856079221468338","10.492331141485192","35.24242964334553","34.844418807183686","24.588527427613734","47.86801571712567"
"377500","70.13114782671134","53.90420229136944","88.40488941669464","16.5082872042122","6.75320056239143","31.548106060177087","27.275761673102778","17.173551107198","35.88515793867409"
"380000","76.25497678276152","47.433860978111625","131.9888998345472","29.133213194481993","23.055455528828315","40.8068401702476","21.689019692282216","16.839107048371808","30.411207773780916"
"382500","72.76361566364358","41.36956076492206","100.2879464897298","32.314688568648734","19.86747408883275","42.06956870745053","27.153461929263965","9.972307801389253","48.604256508277466"
"385000","62.26195283356744","41.298215833795254","86.94534623175859","22.168981514991415","15.452987372130156","28.0041856944561","19.929014795185015","13.507079036407958","26.35462283419911"
"387500","75.27714362038847","38.26671521046664","100.04196751864875","24.718892740111304","12.63121897764504","43.695063608326016","20.144446143663178","10.262712795753032","27.53183839842677"
"390000","48.39547861754739","29.406991888582706","75.97029465406668","36.23119135796551","12.167670029015062","54.87670204639435","27.72919792797475","18.576716117965407","32.58810698033194"
"392500","61.366664568960665","58.59403643838668","63.4212012104832","23.112053949473193","16.00393804050982","29.11831068609026","24.933929174067213","11.43217208783608","31.89463125889015"
"395000","53.91981272457633","28.55055501908064","70.17612546531018","21.778205903813554","9.67611667662859","34.94246184029616","21.764316443299563","14.791231759847141","26.32494392246008"
"397500","78.3154407305255","69.92028080318123","93.29885875880719","23.723525179949746","11.304340367857368","34.66304582511075","24.278164113844593","19.215719672615524","29.456918546106316"
"400000","62.96461603683547","47.721149667259304","76.14373882026794","33.019612377323206","19.667243734002113","49.93033085241914","34.60822984433932","20.826318717483808","54.60828935923055"
"402500","74.14244123835876","61.541390169844455","90.2492403479293","20.990838891373034","11.26888099424541","31.26793963288801","27.772198026267628","24.929554358124733","30.180133104164998"
"405000","84.4279418719223","78.71962939330842","92.20042101014988","38.01402130551148","21.34398440003006","50.40957896052714","28.17980371316031","15.163949698820943","49.24526757034473"
"407500","81.98013720167799","68.8293804911198","94.13309991667047","37.65308478711328","34.782403573812914","43.2963331540348","21.2653036129593","11.59434734005481","38.371450659375114"
"410000","77.2636643345429","69.82023151374888","88.19569392848061","24.824853504718828","12.243172740796581","32.867831741849656","11.658438943794074","5.231223218061496","18.268548650835875"
"412500","73.44472840378683","56.09936030060053","91.99064184427262","22.541164120907585","17.906559358537198","29.94799744170159","24.628390645359957","9.310719884559512","35.657807850837706"
"415000","81.59784974745895","58.573305091651854","127.4493635892868","31.013086329584866","15.596662857336923","48.35074400417507","15.652408503273426","10.492166652530432","19.926880895148496"
"417500","70.3374009001543","61.24279319038287","87.23724052268662","34.71157437988101","21.859875487428507","45.152874477951265","18.894748724998983","16.468071558576774","21.979455291235354"
"420000","56.30618198152928","47.27494351653149","65.43383458731697","24.15764702373417","15.566714738309383","36.08017504735617","25.072386709596078","14.270957871198334","33.39133619045606"
"422500","51.781953545148525","44.0383853671432","56.3581676849135","26.41015956980118","22.647486373316497","33.50480516553798","17.423230264922797","10.132702591424458","26.181261991243808"
"425000","60.826930089868256","47.09932824969292","81.00572912268981","26.79897012528963","11.56133731007576","47.626884738123046","15.607250570824059","7.011151659069583","24.438873591902667"
"427500","72.84865796233838","61.55773644419387","84.80508654639125","24.72081296261555","8.121384373307228","38.26277212928981","30.22870284984195","25.538723112416665","32.982012889601904"
"430000","78.23513894293768","72.41459043439245","85.57326941416832","21.682317364355544","9.640389649569988","29.26409226800315","25.12545214976417","23.08653210628545","27.862840215861798"
"432500","72.51443933304205","58.01725052978727","86.48481622189283","31.547892582196436","12.0484488099788","48.750171069055796","29.47146193562197","15.263147376477718","36.63114237729824"
"435000","68.98984112319594","56.55972533226013","85.73616151972674","29.082927807940482","10.187052467465401","50.7098782279063","22.73746059656793","14.710008971246134","30.622181817889214"
"437500","54.442116120131686","49.74984320644289","57.33192564244382","13.020241461601108","10.829225858370773","16.053329994226807","20.82915508865135","5.294993019721005","28.886443405272438"
"440000","73.14237660984607","71.5903413192369","75.95986517086858","19.893860003623804","11.482970323972404","24.2749715822225","31.829050482771464","22.85634930864908","38.13626585970851"
"442500","68.00323035477099","52.459707650542256","87.76353318882465","18.805920779010435","9.576749972999096","24.697148860507877","36.55040343147096","30.416020854376256","46.863113493203855"
"445000","63.88554242930064","59.54246959537268","67.26543072746135","18.169784310037116","12.382868538983166","26.52501239645062","26.935371783119624","16.97670508772135","35.509290905087255"
"447500","59.51477287453309","50.225104776385706","67.27401660615578","32.734219813888195","9.94655216485262","58.10049297146615","26.034383588867787","18.35383681766689","31.578497367573437"
"450000","64.56079512448049","51.91083483868279","86.50430152239278","32.044816101505425","14.014081680774689","45.02762885068078","33.15780263087169","19.2222256243811","54.475634957756846"
"452500","66.75090247590559","63.07894232906401","71.72084393999539","29.300747233983326","18.842213824775534","36.96062641258177","40.476845506125635","29.339098581302096","56.47098802793771"
"455000","81.69528238982507","71.8131215813919","92.47193589210511","28.344875203841365","23.596372228860854","33.25326495077461","35.01458425035429","27.574308966868557","42.82634507566691"
"457500","64.86284355828138","61.7848623752594","68.6386866032608","26.321096800343366","24.052462062932317","27.69887245548889","24.369295930157147","16.960414914201827","34.705387680750576"
"460000","80.05694099097649","69.5094514776487","94.19666013585811","28.688087910828955","16.7298667465162","34.77096903612837","22.802636739543715","20.82835725901532","26.693355144001544"
"462500","63.87561774540421","46.18420126386336","95.50199482045136","35.1255515833817","14.354769196624693","48.985561913414855","25.255032257281712","18.99204366399208","31.79632031864021"
"465000","72.83892991109558","54.31557070016861","103.38946047190112","30.414971656028257","21.82768237888813","35.37964581798296","32.94503848908171","22.259749932587148","47.93355820790639"
"467500","69.46476009560284","63.871224541286935","76.41733081936836","41.662803003434476","28.4530685892154","49.28779687732458","34.87708883496816","23.85486238632002","52.295532271265984"
"470000","68.76249931804007","47.89029753895011","90.09486205843878","18.01729824639236","10.696258387714625","27.591541501879693","42.870456468239105","36.56862765138212","50.39918338273092"
"472500","83.34077850427323","68.25849336981773","101.49685086496174","26.78595952435086","21.109837804734706","31.722160039655865","40.29202204009974","29.566509043941913","55.63360594660044"
"475000","54.94666741540035","50.41657065451145","62.335262382030486","16.497162199517092","14.037172849476338","20.30586316138506","28.670478978784132","19.142361480742693","38.171470916550604"
"477500","81.0928030604875","65.36069042060699","103.7584580944851","22.879354454759596","21.967841031600983","24.318841192126275","33.262566754363554","24.52785057752626","37.80026377116447"
"480000","67.57669772090327","25.624490175599203","100.70102660059929","27.70718733871763","10.821802730232594","41.37166547626257","32.307503243572135","19.20173110600299","44.56722374856472"
"482500","72.23987345872835","60.45590023122495","87.95865662756842","22.77111698455022","20.191777922213078","27.240459534560795","22.888185006645898","11.334794668247923","37.95211405100999"
"485000","67.76760372569164","55.933124294877054","74.36358227729798","26.571442249603567","16.14642467498779","33.852998168952766","22.925594120709377","12.977546178176999","28.929335535655262"
"487500","57.4993303219504","56.97520268503213","58.526746242318765","28.49766933657617","13.18333141086623","40.25987718922552","17.544414570045532","16.17008213363588","18.98211295362562"
"490000","46.98800662445526","43.14781277244911","49.71314822137356","34.79710026681374","17.589308627462014","48.14811179884564","29.59547309487049","20.252261547608942","34.79803517032415"
"492500","79.25745603667262","67.70146979168058","95.90479532778264","29.448934433974014","22.09281746423803","34.77786811040714","33.16979591600651","21.960082702920772","42.51206783387461"
"495000","63.07781635958248","52.542795923352244","74.56824091099588","28.11014429050847","20.374711787275736","34.373339051229415","40.497842126939695","28.956588517129422","56.01783569337131"
"497500","85.6282011197104","77.17433438897133","97.84683226197959","30.145154639822433","17.595203824006603","50.81407968284039","27.261246105047757","21.70116907871852","35.44134118184447"
"500000","81.70707274888352","56.280877055600286","95.93091140156612","21.488959297315162","15.980647376808339","26.61458750097081","31.641929834859912","23.606811586848927","45.57242072927765"
"502500","63.04701774387795","56.088754610717295","70.8430725634098","27.256955440311383","19.91643642485142","39.43086540997028","25.452855811928746","24.314970770225045","27.193507134914398"
"505000","88.25157553699489","51.012541523575784","130.3054618752911","24.309388274291994","8.396547614759765","34.41623497642577","32.19678447592887","29.151933047920465","38.045448139909425"
"507500","70.86543443666936","46.79682709336775","96.92524246266112","26.809178405138663","19.0641055829823","41.44902407666668","25.047890898732778","8.384272567462176","35.947688939073124"
"510000","79.2158287228347","60.43724051093159","107.99761200672947","22.093124193810706","17.878730658162386","26.484449309669436","32.49914308434139","29.478541807978765","34.19750144132995"
"512500","68.87403408138779","47.55785709435586","95.99700172748416","33.09694369155914","21.2758018521592","54.69809185937047","42.88950140219919","28.89909064131789","65.06830462776125"
"515000","60.85161513983427","55.662590944767","70.59519339292311","23.16096527332265","16.816145311156287","31.32683933377266","37.39467490330765","24.463555045146496","54.472240727389"
"517500","69.66700948667318","63.786412891306256","74.57231691046472","32.695998372139485","21.263495805859566","50.152276395377704","18.334272450709733","16.676410652243067","19.86431803703308"
"520000","68.75625492323307","59.69332210868597","83.55921103060246","19.484029640402877","11.813329546590102","23.37863559126854","38.19545352721179","29.694411663711072","50.58188869696751"
"522500","102.51914836287808","76.6402234978741","141.23147272015922","27.139106182051666","14.901481208205222","42.897131104767325","38.26186629916386","33.53007715309504","45.5765478387475"
"525000","70.19077763529883","51.25007736161351","100.80057914308273","29.495430947248437","25.214890411496164","34.226647103158754","34.97187054310077","16.053366308301882","49.798233984343824"
"527500","72.50449043313662","48.26919142305851","99.31539488136768","20.724514780358973","15.799472381088709","25.41035526676569","35.939306531386684","21.047788321459667","59.24071021105046"
"530000","77.27970051993422","54.59374824090628","101.90859144195565","17.58152437056027","11.042818388342857","26.20454249700997","35.88846773515689","28.989453512709588","44.384471250569916"
"532500","60.052019740406344","40.2735656070523","83.9403417433612","20.98844248899113","8.599641932803205","31.081663646987","24.2757658275698","19.817268621595577","26.569932309444994"
"535000","63.551491581543814","55.441748896532225","75.1070493967738","33.23383640482401","22.968121669022366","46.51059122602455","22.85839920028035","18.746748532378113","29.623408651014323"
"537500","66.76292339011634","46.06198563845246","90.62585946805775","21.525547257337408","13.690953985101078","36.66602769541787","30.35584828805246","21.389540118165314","39.69323582053185"
"540000","73.74283977705157","65.49635166227817","85.38890772057076","42.09894384982325","28.082307205797406","54.64426232278347","30.069738240523417","19.19079595501207","46.16435875147581"
"542500","77.78089303784073","67.020400259085","87.72129839658737","36.82022586255043","18.26099363192916","64.66332065444439","49.3935324104202","36.773947950312866","59.64562095725269"
"545000","80.04855514855977","59.22158780896571","113.99616126269102","31.671347916683104","22.705198156827826","42.767990329116586","44.850999169034175","34.266136387642476","62.94016681030043"
"547500","53.28661142294296","46.15836779802339","66.46820642988897","19.65346496356263","14.284475650347304","27.15814031790942","40.04569522199048","27.880168521380437","59.96190411360003"
"550000","74.32246945123964","66.14253799777362","83.56374461054801","24.411539242354536","10.201754701556638","50.31494202399627","37.30844654455141","20.349934183666484","68.66426966195868"
"552500","68.4343935355971","53.571072624411315","84.56409412769135","42.63945013130239","21.436958442168542","68.05840456232545","42.13461505467907","30.394522841315485","58.1408798938035"
"555000","70.24493065055867","46.122844576419446","89.5341078594327","26.558017313464855","6.476697272621095","52.46251359521411","37.87265868893689","26.840091393887995","55.18541609793901"
"557500","67.2366339375944","47.91416570189758","82.80098120719194","28.808365589358434","20.06939562327898","41.530705573421436","42.4870629309599","29.99724727421999","55.46238383201417"
"560000","77.0522936441972","63.21148656170335","88.97011823840148","34.13106254239877","12.14589270874858","75.36998302191496","41.78160212595297","23.139932163686172","71.38134626087268"
"562500","92.08436564903167","86.74760721093044","101.92484083345043","26.899580656674033","15.256268929591169","43.8585054137453","38.16107953735336","22.872583696979564","60.025469982859796"
"565000","68.51886668313915","50.780434627085924","77.88093800568022","23.662573127271997","16.295998671307462","36.427130854688585","29.09242626092552","23.17702515795827","35.21694329250604"
"567500","58.49355127816282","47.83625212028274","66.55128694176673","17.735829845256134","12.994505870342255","22.664519927461516","34.28796349935971","6.267043972015381","54.23484402517206"
"570000","88.29963180318593","55.952870010887274","104.76892323821667","32.915224455967355","15.990480723316432","66.25686152046546","33.62203673503439","20.64836544712889","58.13821718243416"
"572500","87.54854956422349","71.5063281015784","95.87768092602491","27.174641554586316","11.955600893869995","43.46506513613131","36.687831817827096","19.331848925619123","51.39526252252981"
"575000","91.98232681732007","60.231103584298396","127.24965488660273","24.491585175537328","4.901351952944242","40.66627091836708","35.6133212685157","13.55400457792275","54.92036227723001"
"577500","76.2523330554388","34.3370173484087","97.40931976663414","14.340053763746981","5.420800288021565","21.806625687360064","20.885960212897043","5.4252825595322065","38.64340094696381"
"580000","98.55741187092597","65.7379924703826","137.56764176099097","30.10788351040101","6.997714283849928","67.61036421957252","30.175800307286167","23.55645126022864","38.33338888908038"
"582500","77.17206096921001","50.74726943224668","96.51547685565893","41.848473851449604","24.105339411948602","51.52589199160284","38.29189390795818","34.01146348636248","44.55483281359102"
"585000","79.75846076685363","67.68821579813957","88.49667288148922","25.815401470981303","14.807809725846164","45.0904474233801","38.701512855367035","12.915544460341334","70.98495404482237"
"587500","75.79331179708927","49.66080552786589","122.55944086226827","34.44832162877962","22.318581109217483","49.557932434626856","48.70947358616007","25.034225054853597","67.27829513556208"
"590000","78.89635247796637","72.7924377605319","84.08110538899491","33.80691885773316","19.729214404523372","59.857528221642134","31.718253614444496","7.760955388873117","56.41286290353164"
"592500","89.99796145215514","76.17279477765551","104.0059091629053","29.049109807273876","22.359475795569598","36.108028635624215","45.88724156528017","25.059599317066024","57.820715345535426"
"595000","71.92428963171163","53.71878616511822","93.09942875613925","23.45457477821037","17.197872970672325","34.05041638590628","35.49224802004682","25.982083950575905","42.74263116279981"
"597500","92.77124388371595","67.01339869662188","122.08989425152541","27.180159329467767","12.207537077367306","46.73484623758122","37.95306037059054","32.070396640524265","40.97553521255031"
"600000","68.81222263881999","52.99255946646626","93.4145133403712","26.801430574255452","18.79761109739193","36.10235043764114","37.49820383942918","22.84695963051636","56.667675660643724"
"602500","93.75763634592295","84.56309761852026","110.23600328564643","25.20096145272255","18.858763989806175","29.28972444832325","38.76640620566905","23.540370953083038","47.70466284248978"
"605000","87.36022861084008","64.98820551224053","99.93775411451352","21.970238945093783","13.16534018201055","29.420636246399955","38.80222616503912","26.24339084023377","50.62285139850064"
"607500","86.44626568444706","60.984344413690266","120.62322726287394","31.77898631706582","19.889340208563954","47.85817301740754","39.70085766509777","23.14416445659008","72.45734810138238"
"610000","104.13026273071785","97.99468532449973","107.5255556219723","47.23631102276995","31.27337534718099","63.215475541910564","39.56954078206714","20.732878169289325","56.184533636155535"
"612500","89.5557791984143","77.8791299593635","110.84014702160493","34.08699669771692","19.530719978670824","57.9887639363762","56.04025512558098","38.63057187462691","67.49214941166574"
"615000","91.59003775718156","56.7994340256555","124.81854138970375","30.267265611048785","23.586942667234688","37.22672829329967","44.348085166717645","36.672276989050445","49.797451397776605"
"617500","92.52022367832348","80.27249645888806","105.34945125263184","31.98014809806773","25.62936818189919","39.26058557650831","38.06571669057593","17.017533520725557","54.94104454513872"
"620000","87.81323406430893","74.88212014694","95.93783045205055","32.235356670131054","16.88087657027354","55.636210834185476","27.711549793806626","12.31817669828888","38.9019335127261"
"622500","94.74004419923294","89.2924474829575","105.12020663321019","36.67387056912606","16.670231135189532","76.25657211840152","23.977414758037778","20.670256075263023","29.593259444925934"
"625000","83.76186916368316","65.74911073855473","116.90096636856906","13.310724270958842","10.216020277763892","16.208981781709006","37.296252389903934","16.510896734622655","51.89619258995172"
"627500","75.24698649848598","45.315122770306246","105.08382423940347","26.331893499012708","20.037919814397174","29.710046418182902","39.21041552872751","18.84946824250874","59.90239174680319"
"630000","65.49336611053441","60.83709702852648","72.43154307603837","36.123177813459186","18.46088887248188","65.2825236260891","38.60257966157903","14.749296805507038","83.45764721557498"
"632500","73.81019564637488","62.97896012273268","83.93664050996304","37.53527597835491","21.376128136366606","63.16671882497758","29.045838238143673","18.035890760540497","45.581619053706525"
"635000","105.63219166845083","84.94081638306379","138.89049683362245","53.161842820830316","26.53740068759671","102.15577024295926","32.64684391627088","15.375221577379852","47.673265882208945"
"637500","100.04883270662758","74.37862105791865","125.66057308746822","25.601069454926375","18.356387925133458","37.296270698495206","43.47475281945038","23.539692230710536","82.2259781865665"
"640000","79.96585041487414","62.25852235927014","94.74256874159619","31.12992706205223","12.932195775210857","56.16376156572951","23.156252055779863","15.78327822694555","29.686492997715686"
"642500","73.22608158213747","40.044642458792076","98.94648628532886","35.308306278466866","9.208846759796142","68.88770416277694","34.50852508810543","3.4904167665808927","63.88130349967396"
"645000","76.8643527969136","61.237061097694095","86.36195194016909","34.842733282934454","12.649819193966687","65.9344206361333","34.65041525011693","20.49543273971358","51.74936561877839"
"647500","93.8211784114285","64.73364854878746","111.02967920601368","35.605099741733284","9.277915869338903","48.82149508363509","44.97411420470064","38.76730534973321","53.0463138429739"
"650000","85.33539762804844","71.79650322943925","106.25935161739399","32.12490397402241","11.880014724284411","55.444038939476016","35.10133538460165","22.35863376557827","59.49318840233609"
"652500","80.76154857027578","62.61385465556523","95.24970297813415","28.02354817149074","13.140008301287889","57.0991206133971","28.141728128993417","14.966756423562765","34.84354140872601"
"655000","67.38730234649944","58.60875399877259","78.01428526057862","28.934084405847653","22.242598347460806","40.498791511182205","23.559358891551284","15.023447014938574","28.982699677441268"
"657500","93.33967222246362","55.37581416441189","131.3833490642719","34.1542441250931","14.591323367040605","46.60519690481597","28.50058143834273","18.664651228219736","45.75855543743819"
"660000","65.95214034148181","60.48552141040564","76.8099701934494","28.40188838911345","11.486416211724281","38.07499373247847","25.421474419256754","11.38226720392704","39.74989111275063"
"662500","77.11783516481907","58.357067154347895","90.90090693846287","29.501106075359473","11.486843690928072","49.358440696794425","31.421496336300816","16.966231951117514","48.32329036940355"
"665000","97.13147441039716","72.84487766188104","111.19614387201145","38.39025891874529","15.921947722509504","72.64386993610533","34.163717956996216","22.8954012372531","42.73944707630435"
"667500","91.61752785689946","73.24087310356553","101.32029389408271","37.81490273402887","26.099041423542076","44.07978911957762","34.51218189379045","30.07906541407865","41.41766119115054"
"670000","76.3174560728832","74.0760179397068","80.0270023971796","32.915537086160235","13.502850903378567","57.7445466774574","34.86128555472193","26.703839444334154","47.407084888592365"
"672500","87.16118454341778","77.49172653704882","92.0637742786901","30.181873660250375","12.617137828469277","44.89661820083857","21.891495822152745","8.329925008118153","29.258950110618024"
"675000","76.96259810384994","71.19966024134774","83.61853155711287","23.205932117007126","15.78340590337757","30.914725667453602","34.17008477040472","6.743522247746659","53.36816196022555"
"677500","87.32929974481716","51.074599235574716","105.61261639093281","42.08479642335494","22.007553591084434","64.23204238753533","39.78808752939512","13.805659127689433","56.59901810468873"
"680000","86.27842561174596","45.136988362669946","147.58997507901222","35.134442191461126","12.903515383601189","65.96272164263937","39.29758304024933","19.490128907484177","55.94825839698315"
"682500","74.01261994824769","48.84281835185029","100.92295046466461","36.45614566952184","19.180088873032947","49.883637795236424","36.7017134816478","26.148719273135065","49.02678302136337"
"685000","94.07780479719611","72.35305615753168","113.05230055525317","40.33658667904498","17.890502068481872","53.48994078302057","27.30670448715343","20.902713906217834","37.5210688052699"
"687500","93.19258738827193","78.90611507496797","109.778813925758","35.4483955596593","17.57858632877469","58.46564259966836","34.39744683355505","26.70874982532114","43.011791315441954"
"690000","97.05344671439452","81.41956200152636","124.35119180924885","20.111219491601997","9.445949842158006","39.18835390508175","38.91049309797963","15.095234465552494","67.33716342309927"
"692500","95.85760868058325","78.24373604906722","115.6160417884239","30.277223257115352","9.822837204352982","60.30452331420965","29.52393787056232","13.148323804023676","52.83851431092262"
"695000","94.9490227217998","63.76509253443182","112.95585975704599","32.97225441167054","9.112246772425715","68.42712139843498","40.661661065156416","33.98161091867369","45.073383615812055"
"697500","64.79163880779524","49.12357121258974","89.99963722628891","33.378118414272706","8.30033905506134","53.70177183151245","32.878575200214975","25.260919415578247","40.493363910913466"
"700000","68.59363806545407","32.85120253998466","86.82413024490234","25.000909133546518","6.3364717328106055","52.30333089157939","40.18266160154696","27.09452406166529","53.080385525873865"
"702500","63.71764667074118","44.14082446364919","83.21227404703386","29.81964591295691","8.776114450022579","64.61853905022144","44.035550587954155","26.642432883940636","63.48817150890827"
"705000","70.310333837431","64.82543410300859","74.82648218274116","19.220139476942375","9.194156175944954","31.845549556619517","22.8603141290092","11.08715616397094","39.670069046394204"
"707500","76.49488787055792","42.21641972064972","96.28438131513539","25.383266687680344","9.403615792957135","43.55882901102304","34.51125205420927","14.945271360874177","48.77396995872259"
"710000","80.45501656715447","61.04127537552267","106.62096604704857","35.96230344645058","12.186935740616173","51.51672349497676","29.866479113698006","7.449967969488353","44.27117755934596"
"712500","87.72585001705836","72.30375568717719","109.084199683927","40.0202926667252","18.283136774972082","65.4626776367426","50.652964271744715","41.41080301972106","66.01350688375533"
"715000","92.53872585624146","63.43319082707167","130.73478958010674","29.496342953791224","4.4065997242927555","63.32500625550747","41.07310136582819","25.503121495246887","60.81614567418001"
"717500","91.52056940947466","73.2400349305477","109.89969432590587","35.96728713703415","6.68546014924068","76.11159006445669","42.84944748828517","37.41868535252288","49.714353095690605"
"720000","70.89471312725597","66.30487562501222","73.71982666510712","35.54091433358844","5.882966268062591","66.85643607566598","36.37626898912422","31.9013397869654","40.003155746179985"
"722500","85.8175697144207","64.82656684126269","119.62377429561093","35.80000281279693","11.707765497965738","67.30649479335261","38.16349115383762","33.16694851611767","46.330624384377735"
"725000","72.59200140562679","59.597606735712176","83.11059535592794","26.218378239382094","14.327828419135766","49.29015080034733","40.847627753220145","31.001469397867915","59.10659219175577"
"727500","75.28169921730297","70.04256910068798","78.16714323461056","36.99158026814499","10.869030423462391","60.83537933826447","39.71192975897575","34.17550968092401","42.88597202614183"
"730000","83.7548768538761","74.22903011844028","88.90259457528592","40.97634463769646","13.576069931243547","80.47899994335458","50.46085189953834","47.16801618762547","53.199890699470416"
"732500","97.1882535678024","91.96477010603994","105.77210091352462","36.244861624770174","25.343626282014885","47.85250184386969","41.63865705663532","23.225538823753595","55.577227022039004"
"735000","91.20317166345001","79.90883744868333","100.17613995175343","39.9670598624245","22.722658503465937","63.14800199242309","41.562694756708034","31.37431906302809","61.01849192851223"
"737500","83.02395194056736","70.38546772896079","93.87334888230252","49.187963373728174","22.757614341023146","78.38048669695854","41.305117152513894","33.275116129312664","56.62833777919586"
"740000","80.28274081696462","55.8828165793464","106.50891333428736","35.9168456368289","17.85146051198244","57.32488520836123","49.0153627184661","23.60802473090589","80.34347611456178"
"742500","88.55035712585085","63.843733105296266","102.1190470829606","37.65705116639535","27.587292137742043","46.02432224303484","47.4979182658469","29.079673041403293","65.33771579351287"
"745000","90.57302214397738","63.34856358170509","108.36906162630767","38.31038872703987","12.43953378207516","52.165132463059855","28.5300657162404","23.266858285001945","37.10216816663742"
"747500","73.71056420238213","58.60503969234851","100.71247709095478","15.695789716218135","5.006621108949185","33.81463401417714","40.000124927111024","35.22868334874511","44.44224087918847"
"750000","65.70725017519145","48.12806702260859","86.50929784565524","34.25255848540207","13.819588720053435","53.664775180350986","33.54847525932576","30.037203213155227","39.29439899898134"
"752500","78.68242271491326","65.32844800818711","86.62347907102667","43.30490842614089","17.616939622676","69.24000523462891","42.03711733386154","33.052781654475254","55.20507193952799"
"755000","76.04910813220728","72.50241620941088","82.65259385613027","41.48039794091068","19.146123067896404","59.578976556373526","54.537702599474386","41.47907487672055","70.18596155170817"
"757500","85.45946264985444","72.24259891919792","109.62895877935807","40.21899980794503","11.93198845346924","68.69559065664944","45.17865699931281","37.1577384179458","54.70777407699497"
"760000","77.1146461283776","72.88202086807796","79.65770715624095","51.84868510142551","35.36113432659768","80.83041490912437","45.87861655345629","31.10615921097342","64.01380440464709"
"762500","90.93775720894337","84.54159022988752","103.4951090711169","38.49261517875906","18.626107915129978","71.2419596478343","37.791799835115675","20.543349537625907","53.98217352889478"
"765000","71.46607842943291","53.85676589609356","88.2339675136158","59.41030224047815","22.55626707576739","104.50273841599702","45.42487536459405","40.89142700848115","51.15149956602254"
"767500","82.45208300871285","74.02389139892402","91.52020000517368","60.18872535792227","32.27366151981987","81.77144893137884","31.095251655005267","24.929199039936066","38.77745362381684"
"770000","91.13208569945891","76.99824998377262","99.24975896626711","54.47625928158328","21.15760870227823","105.1365863904357","50.2057526006065","26.849727207296382","72.00263882279395"
"772500","88.67255934351901","81.57636782878544","101.61015425026417","38.42589107973132","17.816080078249797","54.90366289557714","40.692280648631275","21.31029897481203","59.83241009721532"
"775000","87.22760070691196","78.91397168785333","98.6349483334925","29.664829865132926","21.69181338250637","34.67879128139466","36.36209909852866","20.065877538919448","61.429160674847665"
"777500","89.06988045412193","82.0287142921472","93.89252016245155","39.78260768257702","17.62352231978439","56.504172816406935","28.84059107461265","25.602136636758225","32.86987006962299"
"780000","103.06914767506144","65.62833441644906","123.75448357015848","49.703276087545966","26.634610693901777","70.08594845980406","32.065823791339064","20.051760341599582","45.00784571822733"
"782500","80.19431954588896","74.36205846669036","85.64513855427504","41.714140133461235","32.42722517583752","50.90948158800602","26.060663783109344","17.299338222958614","31.41535448155046"
"785000","81.31217667134477","66.78654999881982","100.25283267582999","44.980034092856414","39.504390920244624","52.70492454932537","33.167686150351074","22.598973441915586","44.93191715981811"
"787500","98.51734424226646","95.67259369470412","100.27914068700629","58.81773799105868","38.06036713062495","79.5751088514924","39.925199255837164","32.521415183681526","46.98125031887612"
"790000","68.08994760057575","62.87601482141763","76.61178226734191","51.98807409931324","42.053020140505396","61.92312805812107","29.903233470402967","8.620880415855208","44.97591402232647"
"792500","90.53863258741403","83.49659974465612","100.05325529128314","49.229628078460884","31.172671702504157","67.2865844544176","20.470223993215406","13.529510438933357","27.41093754749745"
"795000","81.16289813192562","76.81729521844537","85.50850104540586","42.84798152683798","32.18362005352101","53.51234300015494","20.689564381234234","11.921664192294703","29.457464570173762"
"797500","83.48120632984575","65.31027618526278","101.6521364744287","38.69420656822622","23.522416185587645","53.86599695086479","16.648156402073802","9.59032434243709","23.70598846171051"
"800000","88.54256084867521","88.54256084867521","88.54256084867521","38.13096492245677","31.50090274423128","44.761027100682256","26.13556635442073","17.857927490770816","34.41320521807065"
"802500","107.07667115272925","107.07667115272925","107.07667115272925","49.65167770508124","46.5118181510159","52.79153725914657","33.74406887859168","14.947514055389911","52.54062370179345"
"805000","86.5511207818985","86.5511207818985","86.5511207818985","38.01263892129064","11.70305798202753","64.32221986055374","31.984909755922853","27.237705015018584","36.73211449682712"
"807500","","","","68.93519786653341","31.40168018330587","106.46871554976096","22.773859401838855","22.773859401838855","22.773859401838855"
"810000","","","","42.23567955989663","42.23567955989663","42.23567955989663","","",""
"812500","","","","52.67894769427367","52.67894769427367","52.67894769427367","","",""