"Step","supervised_model_dir: /storage/home/hcoda1/6/vgiridhar6/FoWM-vanilla/wmlab/logs/hopper-stand/7/default/models/50000.pt - pretrain/episode_reward","supervised_model_dir: /storage/home/hcoda1/6/vgiridhar6/FoWM-vanilla/wmlab/logs/hopper-stand/7/default/models/50000.pt - pretrain/episode_reward__MIN","supervised_model_dir: /storage/home/hcoda1/6/vgiridhar6/FoWM-vanilla/wmlab/logs/hopper-stand/7/default/models/50000.pt - pretrain/episode_reward__MAX","supervised_model_dir: /storage/home/hcoda1/6/vgiridhar6/FoWM-vanilla/wmlab/logs/hopper-stand/7/default/models/250000.pt - pretrain/episode_reward","supervised_model_dir: /storage/home/hcoda1/6/vgiridhar6/FoWM-vanilla/wmlab/logs/hopper-stand/7/default/models/250000.pt - pretrain/episode_reward__MIN","supervised_model_dir: /storage/home/hcoda1/6/vgiridhar6/FoWM-vanilla/wmlab/logs/hopper-stand/7/default/models/250000.pt - pretrain/episode_reward__MAX","supervised_model_dir: /storage/home/hcoda1/6/vgiridhar6/FoWM-vanilla/wmlab/logs/hopper-stand/7/default/models/100000.pt - pretrain/episode_reward","supervised_model_dir: /storage/home/hcoda1/6/vgiridhar6/FoWM-vanilla/wmlab/logs/hopper-stand/7/default/models/100000.pt - pretrain/episode_reward__MIN","supervised_model_dir: /storage/home/hcoda1/6/vgiridhar6/FoWM-vanilla/wmlab/logs/hopper-stand/7/default/models/100000.pt - pretrain/episode_reward__MAX"
"0","1.6123311678568524","1.2761723160743714","2.085720902681351","1.8999889910221102","1.1658562183380128","3.249076616764069","1.480565259853999","1.2746865928173066","1.6912611305713654"
"2500","5.717723057667414","1.4992115259170533","13.588998168706894","3.6097761193911233","1.0912624955177308","8.147601747512818","3.8804374217987063","0.9207929193973541","9.656141149997712"
"5000","7.603472795089086","5.424383109807968","11.16965788602829","7.886611181497574","4.907352775335312","12.752318698167802","8.38908357421557","5.184948563575745","13.679739600419998"
"7500","3.6398598909378053","3.0276320934295655","4.446246564388275","2.7016473571459447","1.2214228332042694","3.5232285022735597","3.810145076115926","1.8678006172180175","6.828658300638199"
"10000","16.546118825674057","2.11630522608757","42.87279021143913","66.96259692509969","4.290199494361877","108.78816123008728","21.52151156862577","14.814822906255722","30.513669526576997"
"12500","10.657949487368265","6.958117556571961","15.681258237361908","50.38854821125667","17.742260932922363","105.56920450925827","22.502947888771697","5.580441725254059","52.781930601596834"
"15000","55.96064632932345","39.50244209766388","65.11576163172722","87.4278975347678","81.04457333683968","95.87918186187744","88.0827949265639","48.38156245946884","129.01568326354027"
"17500","20.532127249240876","1.2582874715328216","31.165633350610733","12.26152391433716","9.324804818630218","15.96034084558487","23.96760579943657","4.271372407674789","53.25704165101051"
"20000","23.900198354323706","17.318886053562164","36.444946736097336","65.70304135084153","34.09084393382072","110.32121717333794","33.082815106709795","24.120648437738417","50.64276654720307"
"22500","48.40288094679514","38.029714447259906","66.9312399327755","36.9046893298626","12.286413758993149","72.19384928941727","56.728337482611344","28.876651734113693","86.44095989465714"
"25000","73.49308059414228","28.757252258062362","146.6870931982994","24.185445968310034","4.995162642002105","48.49210196733475","63.68622028827667","37.24696598649025","77.56227594017983"
"27500","36.3606399556001","12.588531762361526","59.630790787935254","113.51512856284778","48.85342072844505","241.96504508256913","32.25398527781169","23.882990968227386","38.56010360717774"
"30000","76.63869495987892","40.151570743322374","112.54698349237442","70.44136408567428","44.00858257412911","84.93002167344093","63.92738611102104","39.09329906105995","102.44596701860428"
"32500","35.236158345143004","27.432591396570206","46.346041578054425","134.25737965305646","88.42076830863952","197.04145044088364","154.7691259801388","45.33439212441444","293.883363622427"
"35000","134.38182172377904","82.17938255667687","185.13103328347205","203.41217699448268","123.43286811113357","335.3851700365543","146.05005710721016","130.21214718818663","174.23538249731064"
"37500","70.38915384809177","60.42974620461464","86.45707756876945","426.0434322615465","165.9815397977829","615.9650280177593","108.6281249344349","94.62066324949265","127.87175792455673"
"40000","77.43750423192978","49.88624371290207","126.94653860330581","402.3385794937611","149.7305958747864","625.4670177698135","230.33423226078347","43.78716565966606","520.1766830861568"
"42500","37.48602380752563","22.16237881183624","60.012875604629514","155.46208835045496","51.296904045343396","331.88076974749566","89.09045828580857","35.6131710767746","175.14232751727104"
"45000","114.54577246109646","24.331376957893372","235.8641886651516","164.5069280187289","100.17045013904571","232.87090424895285","219.41387178897858","72.81318191885948","434.3015658557415"
"47500","136.94335565368334","41.54213339090347","316.59247760772706","196.04641372958818","85.57464472055435","391.00295705795287","173.19670038024583","73.96772653460502","349.5339599609375"
"50000","84.78363987406095","38.804423350095746","152.1838490784168","247.3590148170789","55.63838540315628","623.6692979037762","264.3470258553823","119.44654655456543","525.1370801270008"
"52500","173.58389195799828","13.724542170763016","334.44067918658254","280.35113296906155","160.23549063801767","350.34166704416276","205.03394752343493","103.86032680869103","306.2736996412277"
"55000","120.70292704900106","41.917239737510684","185.22841948270798","113.0697634935379","47.583381932973865","214.64095302820206","247.04610762794812","92.58967199921608","533.542794162035"
"57500","101.01408275961876","66.09446412920951","170.35679746866225","73.72724601626396","49.92244203686714","104.41456406712533","65.90479580760002","34.75643376708031","87.26672194600106"
"60000","276.1794748723507","57.47741038799286","410.3617065727711","115.96230957110724","48.976618939638136","214.173477435112","234.1708063999812","119.43735649585724","379.5082283318043"
"62500","117.44823526740073","61.42088021039963","204.48699668049812","314.8180670559406","86.27430725693702","528.2621348202229","164.1221497476101","95.64686829447746","254.156751871109"
"65000","157.2502618332704","80.67136901021004","211.49570584893226","179.0329966008663","58.885923439264296","241.70240127444268","166.09002777139347","72.68991245031357","224.59584042429924"
"67500","146.2225692431132","84.20698264837264","204.99068274497986","310.8690105438232","92.23229765295983","442.8557124912739","422.6131161928177","305.36631710529326","628.4819990813733"
"70000","199.01618004639943","88.53213169574738","374.1772173285484","236.80499662756918","179.59866629242896","306.6510739386082","482.1457735836506","399.66606559753416","577.34687307477"
"72500","145.0939323981603","84.71016406416894","247.56681972146035","255.92716372013095","111.65973666906356","474.1732005238533","340.4969357510408","94.3530723452568","562.4053082108497"
"75000","136.68485761086146","88.33130378127098","187.81701694726945","99.36378110647202","60.4709754049778","160.60064952373506","388.6906252662341","341.8325235188007","437.36090887188914"
"77500","211.21448586384454","93.55278440117836","313.61481884717944","109.40799685120582","74.86241923570633","177.43817375302314","299.449316684405","203.76573811173438","466.6369467496872"
"80000","108.02581196228664","59.34293830394745","156.75098817944527","277.24440603256227","157.65094429850578","468.9780129432678","365.53378599882126","235.82473672628402","569.4513269364834"
"82500","242.29861113627751","46.72212471961975","554.887313914299","200.90814149181048","128.63717368245125","298.0069419085979","232.21017409364381","72.95822215080261","494.4709785759449"
"85000","144.22413854201633","80.9866845190525","196.51091505289077","275.1093654255073","112.17266376018524","474.83501932621004","300.06708087523776","97.50091213583946","471.2656758248806"
"87500","140.39052742322286","53.82614732384682","208.249590921402","194.14317625761032","172.34137232899667","230.01309199929239","194.03876211444538","74.77693548202515","322.09119587540624"
"90000","222.11441737413406","146.7662731528282","353.06367599368093","276.95457522074383","229.01684423685074","372.11930058002474","265.5330807964007","135.36564720869063","485.1296473383903"
"92500","252.16700244744618","39.52074661254883","470.21780102849004","296.62624977231025","151.11157813072205","411.23569655418396","347.90807380080224","223.68901147842408","519.1686866343022"
"95000","199.61742277145387","57.13601511716843","280.02927858233454","159.27674345771473","53.33211411833763","265.3477250277996","148.81749291419982","60.9528291106224","249.99367557168006"
"97500","167.41101759274798","94.85600210428238","229.98734843730927","429.4827744523684","220.29429812431334","567.7364568293094","299.840562492609","111.75778667926788","619.069239795208"
"100000","172.9945742646853","144.20709863305092","194.41051554083825","323.7192617416382","178.5419563949108","493.08287782669066","135.70574888984365","54.51882907748222","231.64782984852792"
"102500","268.18483929038047","67.19470838308334","485.7998963952065","226.73017048438388","195.63407631516458","254.9216938495636","148.0921955227852","104.52977741360664","211.594966340065"
"105000","241.19440837105117","177.15371197462082","360.1025614202023","326.621300337712","205.4590249657631","396.2120074987412","285.2957747081916","111.63441005349159","552.9088423550129"
"107500","185.70299816727638","122.3681464254856","279.77286128997804","480.39608920613927","283.31144827008245","605.7764841496944","267.1817002038161","146.8816114783287","506.46982911229134"
"110000","287.9349871456623","78.65355226397514","409.7300838470459","397.25992761651673","358.72919498682023","433.19838590025904","157.7520442803701","68.9569684267044","301.91654297113416"
"112500","273.19092289010683","116.30318500995637","530.8805179178714","385.2682190199693","353.0449696958065","446.974282258749","359.5655704120795","94.7857752919197","527.5762516379357"
"115000","162.26078333059948","62.773837834596634","243.20933350920677","498.4017737686634","213.2655602812767","666.5718974471092","360.6216000119845","177.08048804998398","589.3618456482887"
"117500","288.3475723485152","73.05217689871787","468.7070801258087","250.91435693303742","111.28671991229058","432.4593653023243","307.41675445834795","137.82343444228172","410.23507688641547"
"120000","142.0423119743665","65.88245345950126","215.09730192422867","209.00200045903526","180.05461651086807","250.90522271990775","197.32607353528343","104.40698744654655","267.9850938796997"
"122500","318.8895910143852","81.66775224804879","644.7762370049953","329.72026160955426","289.4666923820972","402.62810854315757","236.43796188036603","81.2392825126648","329.9396996319294"
"125000","294.296924606959","59.36567213535309","501.13377779126165","430.47508020798364","324.37344614863395","542.6601832449436","232.15075663924213","133.10021364688873","334.36423526406287"
"127500","312.6279980838299","196.4985578596592","408.3391492486","398.18143293062843","226.9797655403614","504.48698885440825","308.54776652057967","218.68015471696853","377.63553535938263"
"130000","196.1694008688132","94.14363793134689","325.17719784975054","316.7357114930948","251.05015112161635","384.5255728542805","229.22053264578184","199.17919917702676","288.7237028181553"
"132500","315.8516547540824","154.97418369054793","528.6255121052266","304.77467949589095","223.43718502521514","421.2842226266861","327.24520439902943","77.15951887369155","674.6054100453854"
"135000","166.19262695908546","106.30211055874824","223.93233313560486","465.1361133217811","358.3618435204029","672.4454443275929","298.9255782167117","70.21067776679993","571.3645177841187"
"137500","241.0182083904743","158.26987447142602","332.3528587281704","292.66421772440276","200.5186257660389","380.6019460320473","390.5803804934025","164.92225803732873","702.5798580944538"
"140000","254.3504808505376","162.4424843788147","305.6775445699692","257.7112309594949","122.76125686764718","351.6430632531643","346.720056027174","194.78576679825784","574.6395448505879"
"142500","390.3021827121576","177.0520140826702","536.2323210835457","328.3848039885362","152.2275396645069","564.0245856642723","191.7030475040277","85.00003353357314","276.81227440834044"
"145000","297.1422504107157","110.73724793791772","465.87255107760427","555.1669055004915","370.3327539741993","662.1831776618958","251.93079562385878","137.96107234954835","432.6152496755123"
"147500","356.7145201563835","224.2634299337864","588.9729133069516","396.57939750949544","237.74075441360475","590.5081755697727","440.9731284618377","169.35411083698273","625.3332783162593"
"150000","290.90150755643845","68.27085391879082","404.22222101688385","472.7847340385119","305.3723366677761","592.9264963448047","256.6202536602815","184.91939995288848","317.6721429884434"
"152500","229.4244865636031","89.57158317565919","418.96377091407777","407.68883261084557","209.79838997125626","591.6879207730293","432.57680050532025","195.0368871986866","655.282342582941"
"155000","281.2636707385381","128.16616815924644","369.36024312973024","409.74268487890566","286.9522105574608","551.6356192827225","242.4046542942524","203.11396753787994","288.2436046719551"
"157500","442.35921997030573","114.71896985769271","638.6634438335896","490.51282671888674","261.5571300089359","767.6441726148129","411.97018471360207","236.12077820897102","500.7283418893814"
"160000","379.12198729316395","303.0583600997925","436.283454054594","313.6536711812019","225.11812267899512","445.571476405859","280.2172073463599","148.90609759688377","539.7742466151715"
"162500","291.9525883595149","101.16738935709","642.0296472609043","606.4848602354526","533.9408403217792","718.7463500201702","374.55716480612756","285.00855177640915","525.8112571954728"
"165000","280.91283222834267","104.07536898851394","499.2247330307961","465.2546196341514","292.57963676452636","613.4027439117432","304.6669014553229","209.06528733968736","446.19325149655344"
"167500","422.5832806348801","162.62030165791512","613.7428591310978","495.7961158831915","378.12480145096777","699.8042512178421","247.06292533278466","202.94190428256988","286.4060151636601"
"170000","406.70832710464794","254.23630576729775","601.1059451520443","425.33274863759675","279.05828362703323","639.6976744771003","446.35008462866153","421.8000709176064","483.0055289745331"
"172500","408.207251650095","165.53850996494293","748.3669519245625","511.95112787882493","190.41301687955857","729.593644118309","373.01218153834344","271.83689526319506","451.64513234496116"
"175000","281.82108174363776","70.46967293024063","514.9776071429253","528.985619666179","376.51448865532876","608.3095861017704","415.97472473978996","119.12374121546745","663.5856109321118"
"177500","382.6024678587913","186.46636173725128","761.5246343493461","370.8880844632785","305.4365010738373","498.5985438883305","496.69788925846416","225.31926566958427","639.5587652385235"
"180000","281.7845949629943","92.7031755208969","471.33538737297056","415.7195529798667","151.5921857893467","836.9717104494572","349.5811092833678","106.2002427995205","656.0986280381679"
"182500","311.0672908624013","117.33868676424026","442.471745467186","395.1522195458412","280.3432051897049","469.42469277381895","245.738255828619","141.89207557439804","368.25075774788854"
"185000","391.90144352912904","91.34036808013916","588.3535754621029","638.5007136305173","580.2652011692524","679.7952999591828","343.5021353423595","94.38925195336341","483.2320605456829"
"187500","239.05878384311995","124.91469896435737","426.9187606751919","492.2484695633253","150.13344885706903","722.9141858875752","299.8408668299516","125.82598547935486","428.85171750187874"
"190000","400.2724493662516","158.9736798286438","716.2366997778415","662.542073915402","512.6350065350532","787.6911157906055","324.215781323115","78.1483472108841","687.5905350923538"
"192500","285.9081879258156","98.7957679271698","489.62405044436457","463.4453320741654","208.75096621513367","686.2892394661903","344.8183529138565","92.73397824168205","679.2442940473557"
"195000","365.5327613254388","123.46796525120735","522.4061412096023","675.3195846935114","657.047593832016","707.3917063236237","501.9345313290755","100.51820569038391","740.0839793384075"
"197500","382.6375886042913","271.6475371181965","478.4450304687023","568.5667365014552","333.3868893921375","696.6086059987545","578.4466171642144","247.6318722844124","790.5928551793098"
"200000","425.2007525503636","392.7658416211605","462.76583961844443","574.3110894203186","324.4815993487835","750.6667988717556","536.9100948015848","376.7668741583824","791.482680118084"
"202500","322.3067668577035","166.36742492318155","435.8979204595089","534.499722435077","352.57920375466347","850.9478278458118","525.7833849171798","381.1086023807526","720.6377965092659"
"205000","320.62927764852844","63.269315004348755","723.4376395046711","673.490177454551","458.66307854652405","784.9503785550594","428.61857120593385","227.5936610341072","628.6857659995555"
"207500","364.0049859821797","279.4128006756306","418.80968403220174","799.7245594263077","738.1386654555797","845.5200592577457","509.82249616583186","303.34732680916784","816.1511283755302"
"210000","341.0004491766294","266.15738835334776","434.0609567642212","469.79552496473","85.16286922693253","704.1571551024914","626.8317956149577","462.55454207658767","821.9992308557033"
"212500","366.4242883463701","259.68003165721893","557.439811629057","672.3125997463862","533.958997130394","845.888087874651","523.9696019550164","299.8301147043705","640.96410805583"
"215000","340.4816079437733","157.38982103466986","545.0995274603367","599.0392752289771","219.91328014731408","798.4674517095089","541.226039959987","169.5277242064476","749.6844024777413"
"217500","276.1797553439935","151.64940871596338","477.2123635828495","646.3217596312364","394.4823698282242","792.9185463309288","398.5304859081904","108.20726639032364","697.3425101399422"
"220000","299.2569907307625","204.35306930541992","454.6854254245758","702.6070817470551","673.7128238677979","750.5835657238961","630.0211968839168","547.5915807723999","759.3130081057549"
"222500","223.84846722483636","133.37174912691117","369.9182900249958","543.6898574471473","306.07676297426224","759.2835318148136","378.56025258700055","150.38286499977113","560.0142444193364"
"225000","279.3753544886907","180.60254300832747","410.75754219889643","669.9382647295793","473.9928332567215","824.674166572094","475.6882949729761","276.42638758420946","595.7822340846062"
"227500","187.5745116929213","91.72040361762046","370.928223323822","573.6361131727695","232.53102911114692","755.2421309232711","505.47370088100433","292.663984888792","673.5380541026592"
"230000","287.1109813630581","65.07348437905311","447.1103064417839","714.7535161236923","599.6191850721837","773.9987623572349","584.9758089582125","282.98769053220747","844.9895617306232"
"232500","171.24612292249995","61.46183993220329","268.9963633596897","694.3226787944635","655.4800806939602","723.7121059536934","381.4014411191145","205.3501311302185","514.4164226412773"
"235000","486.1952324648698","219.59964128732682","629.3748220443725","634.5002945323785","562.2906755208969","767.9169236898422","440.326974773407","184.9491779267788","713.1962737619876"
"237500","379.4824074904124","190.5388691365719","728.9618380665779","694.223353767395","509.62792310118675","789.0568994641304","401.62365683515867","196.60157333612443","706.4416619777679"
"240000","328.9859742303689","56.982511043548584","499.5169054567814","724.4159768760204","612.6578519880771","891.892984610796","485.92469106515244","245.57298997044563","723.5963021993637"
"242500","369.4889421840509","138.8422237932682","755.9920425713062","784.5279413203398","739.8113900840283","811.93054189682","504.83356708685557","229.42041645646094","837.215664166212"
"245000","356.6206752280394","59.30516439676285","608.9441590428353","587.4791918536029","476.0843287348747","668.2549580693245","605.0831020772457","200.58533309698106","829.3989760875702"
"247500","402.25690842866896","67.69000592231751","620.9591191351413","789.8286769370238","767.8096122384071","808.3763084709644","509.91134397387503","135.6507982134819","723.9709026396274"
"250000","337.15514639019966","269.79255439043044","443.18829176425936","675.1168207108975","547.9195185422898","870.379921501875","723.2430173456669","658.4388518750668","842.9675226569176"
"252500","506.7065759797891","270.8663306593895","775.0374442636967","843.326213892301","812.308146417141","870.1730139017105","569.306351908048","465.7322964549065","768.7229436218738"
"255000","253.85675946275396","103.04809111356735","394.63402869701383","667.3432388822238","486.63095701336863","777.5685069203377","548.8881011346975","305.7001804232597","769.8478059530258"
"257500","301.15449176828065","205.05129346251488","466.3246788084507","837.3180668274562","782.1569379806518","881.4212886869907","635.5623777866364","398.1250699698925","837.1537455022335"
"260000","392.9000582893689","212.63240825533867","484.58737248778345","720.2888895908991","519.3683972775937","872.5091606676579","527.9155304114024","203.0212598323822","744.0784171462059"
"262500","389.21223620176323","162.2508859694004","553.2952141284943","701.7512759844461","654.0751423120498","725.8207571089267","412.71854788462315","318.37921553254125","540.9632243752479"
"265000","355.94235029021894","107.06444678902626","546.4582441210747","819.8154173354307","748.542606061697","871.8266892015934","648.2723218222459","466.4605171144009","784.1166637182235"
"267500","372.5364351590474","87.8303692638874","517.4476625025272","717.2750194688638","681.9520071685314","784.0279294610024","563.4490367849668","164.92112617492677","764.4571656227112"
"270000","321.48538066744806","155.86987472772597","532.4298159718513","604.2887937923273","546.2585972905159","692.9326763510704","546.4787231862546","177.24385737776757","815.5523218035698"
"272500","459.8240117967129","178.48543468117714","764.3397941946984","693.3268580555917","595.7555212676525","767.8646736979484","420.24951516191163","247.6357134103775","711.3250717222691"
"275000","312.1877916077772","93.51866364479065","487.78003110289575","693.2327996432781","565.9563784420491","770.7949733734131","484.06068598429357","218.7274912059307","774.5518567502498"
"277500","405.51067511638","112.50963458418846","577.4370011329651","791.7391047577063","754.8129007935524","825.3600441038609","629.7421791652838","226.3934475183487","851.8828032195568"
"280000","338.8719175100327","67.01275278925895","680.0065325736999","869.4854251305263","837.911197334528","906.0593122839928","625.9618802309036","175.23606249690056","878.0510085225105"
"282500","260.31083877881366","185.3343586266041","346.90476685166357","697.896589877208","631.0388487637043","763.7787583827973","526.1229823489984","121.49339830279351","735.0036754429341"
"285000","400.191445505619","50.185353118181226","675.1236177027225","785.2403508583706","713.7384044826031","863.0822406113148","571.7946224530538","168.94940708875657","779.8945649802685"
"287500","343.5880775968233","161.83751612305642","488.8272256493568","782.7842902620633","721.0454053163528","817.6533901333809","490.54354109366733","173.22454865574838","679.4613541066647"
"290000","548.1250912149748","86.48432915210724","802.1410365462303","774.0373186747233","634.0117320656776","863.8358836770058","473.75654820799826","206.86773901581765","845.0418868005275"
"292500","342.29263487855593","266.8084736943245","471.3804125249386","732.3381558895111","607.6576636910438","819.2929258584976","505.24985581040386","302.6157671093941","793.5006136000156"
"295000","548.360488029321","134.08326997756959","771.2063099980354","805.8355127513408","716.4623629748821","902.5209977090359","667.9021961510181","538.3526857733726","790.6010550439357"
"297500","333.3507018307845","75.16740802526473","589.1670089125633","778.0771262665589","616.235993540287","873.3631017625332","698.9867699523767","535.7541671156883","798.4926552712917"
"300000","221.81121144692102","61.33025420308113","447.13780755996703","595.436650733153","424.4132999777794","864.6579166591167","287.3057754437129","185.49599163532258","370.5961550652981"
"302500","474.21053562164303","355.25824105739594","592.3098692297935","718.9515432854492","687.5677474498749","775.7399084329605","722.8050432562828","671.8075044631958","792.705913978815"
"305000","434.2618137995402","194.156586933136","704.1471838176251","756.7459907770157","566.5446910977364","863.6589076817036","671.0146369318168","422.96474267840387","824.8882115542889"
"307500","398.8609994153182","283.6522313833237","606.3329229831695","826.7815020978451","741.440472906828","901.5302850306034","709.4663902719816","534.181785839796","814.1023850917816"
"310000","536.1207355399927","429.45358670949935","628.0834581971169","856.3567927141985","809.1506967902184","894.0101510286331","734.3415663897991","508.4180340766907","852.9939526319504"
"312500","358.8222292522589","203.7770952165127","624.4394806861877","785.1271587232749","716.9713460505009","848.0319200158119","688.4505337079366","472.3582212567329","851.3586468636989"
"315000","450.19062932729713","238.6226501941681","758.8423211216926","826.5209765672683","754.1665062427521","864.3301046013833","704.6903755346934","394.3115831911564","874.9359378576279"
"317500","363.1675951401392","210.07638731598854","587.6632251739502","712.5646206080913","445.42153708338736","846.1565065026283","679.2394434233507","472.88898998498917","883.4930074334145"
"320000","302.165477647384","64.20476495623589","459.0521462857723","773.1044714430967","722.6806887447834","830.9251625120639","766.3633129954338","585.1816963613034","873.6260488450528"
"322500","450.3513626635075","383.97894088029864","541.5342901110649","868.6655287424722","812.457838910818","922.0405730009079","646.789257834355","408.41808676719666","771.9436311483383"
"325000","374.61855128010114","303.38834807276726","443.75206209421157","769.4463599542778","729.9934016168118","813.2402021110058","674.563325560093","443.9020810902119","895.2659711539745"
"327500","509.2947623531024","463.48033245801923","597.8729382395744","765.3472506602606","669.3654496133328","823.0867005586624","613.4929050723712","253.71630575060846","858.5050772905349"
"330000","588.6600199162959","253.39850810170174","844.4566769123078","820.7989555398623","779.3025928258896","857.660753852129","770.1512762526671","693.4810084700584","841.0487873494625"
"332500","483.2712781469027","314.4868952393532","802.0236226379872","827.3690010170143","768.5143855392932","873.0767752349377","650.3158510625362","389.30756001472474","819.367424941063"
"335000","301.1487015545368","157.64753372073173","507.44811578989027","842.5297018309435","799.7223677694798","879.0116111159325","618.3164430379868","404.9769053697586","817.6823689043522"
"337500","413.26119052569067","74.83384919762611","684.0194325804711","826.264357560873","772.7011452436448","856.1039811432362","566.3863677104314","282.23678461909293","782.0469564974308"
"340000","475.54394501646357","254.46032583713531","623.8167799413204","844.5188502550126","745.9324013531208","917.0382684528828","656.8124384800593","243.15855334997178","899.0328836381435"
"342500","499.4641076525052","409.4455511569977","564.2284505903721","805.2118438680967","797.0179785430431","814.1670795798302","614.0515823582808","318.526374399662","787.6037004470825"
"345000","702.9217320700486","402.2507409751415","870.6065796792507","835.1450417041779","757.3635553777218","874.9410273909568","787.5992795169353","688.5272126615048","848.5597431778908"
"347500","588.9337758938472","446.6460197687149","871.4819943249225","694.0601357519627","491.083106303215","838.0949276268482","657.4348977943263","254.44269295930863","868.0372260272503"
"350000","582.9307559053103","455.8635553300381","794.9546312630176","839.9098296582698","786.2409434616566","902.1328385889531","654.532868417104","550.1816010773182","802.8034119665623"
"352500","435.00446525812146","213.39781544804572","781.9650146424771","697.5822775423527","553.9435366570949","817.2056654989719","734.0066925068696","556.4998651027679","840.7672693371773"
"355000","369.5105904360612","312.3344773113728","403.1569690167904","759.705431809028","652.532083940506","862.854558366537","539.9749372800192","400.47437579631804","684.153643065691"
"357500","517.9343133449555","344.1304251194","818.7584864497185","867.0986971716087","846.8974029898643","882.8398480117321","729.8539716800054","482.36722950935365","854.586305475235"
"360000","604.6423292120297","456.4440016925335","799.993106675148","811.261152869463","735.3733407974244","882.7763258993625","677.42687133948","304.8955742061138","871.2072991132736"
"362500","492.8789879123371","312.2958222866058","619.8813852190972","784.4083043773968","720.9692070960998","842.5552084505558","627.3568921208381","258.1250633299351","883.1663437783718"
"365000","324.0401349703471","176.59542000293732","444.34875311255456","823.7311748623848","807.9750339448452","840.843272715807","706.6373382925987","667.039178788662","775.5845165610314"
"367500","665.6219931165377","531.6672225534916","916.6967460870743","884.6973293662071","848.8641722023488","906.1713558614254","647.3114010334015","293.1289802849293","856.2571627557278"
"370000","547.7977328201135","172.54192418456077","851.7697632074356","808.8986823260784","711.0455305397511","859.1159995436668","637.5613116025925","273.74467718601227","869.6098661959171"
"372500","560.5137080967426","225.76646324396134","797.8952489316464","808.5210065623124","724.3851151764393","899.8708654224872","502.5430517971516","274.8744966983795","684.2186485528946"
"375000","564.180216294527","344.76460483670235","866.4531113505363","793.565911146005","758.2696841418743","820.5255709052086","651.859898430109","420.61116778850555","823.3349481225014"
"377500","497.8775383889675","215.32926548719405","840.3900884211064","869.9550339599451","827.5472757697105","909.0073461055756","643.5652356962363","461.04107864499093","747.1998035132885"
"380000","576.6655646224816","335.989464122057","826.3853850901127","816.8657261768976","747.6263112425804","894.5629270195961","760.0246346036593","702.8423870205879","831.8749528467655"
"382500","645.5010202586651","531.4803701102734","739.3235211789608","848.8904173811276","746.9041518211365","947.0196314692497","803.9577941874663","660.5466216027737","876.7166676521301"
"385000","516.0902510186037","293.3774003624916","770.9672850430012","765.0129490931828","646.4345502078534","907.7025397539139","722.2173631966115","507.4288273870945","903.2410794913769"
"387500","613.0946547071139","373.0728437483311","809.774196767807","790.9460917154947","559.3716081917286","907.4667272448539","679.3410645842552","254.39695922136306","898.1874337673187"
"390000","625.9463928818703","336.28143335580825","793.3237529754639","766.151455394427","658.0918714702129","864.0626737356185","736.6843918164572","699.3756376385688","801.9297383189202"
"392500","500.4058463235696","391.1095213830471","696.443081843853","669.5496367414793","520.1872560143471","824.9240589916706","618.3280136624973","377.4903201878071","742.8855240941048"
"395000","497.40928866465885","309.51016595959663","749.5464236974716","818.3133352677027","747.7366382300854","926.2677599132061","576.5665142933527","416.3626080095768","838.964356404543"
"397500","470.3245369553567","295.53319625258445","745.4748045265675","792.3015103777249","658.0971638262272","872.7157617330552","667.733503528436","390.25039411187174","865.7724680006504"
"400000","573.8454746961594","321.89728397130966","739.287640875578","887.3647640943527","808.7156224489212","929.8900251626968","790.6657623449961","772.2909162163735","826.6357275605202"
"402500","629.3036668499311","405.3822621643543","742.5875122785568","864.1434982220331","795.5115777373314","908.8916397154331","765.1721243480841","637.1632503509521","857.0936156272888"
"405000","606.4149969677131","536.1215074419976","677.0838938653469","817.2749932229518","722.8825236260891","921.5299520552159","771.9323367913563","683.2998580276966","876.9855952680111"
"407500","612.416189144055","462.60217702388763","773.043429249525","889.4594635983308","849.6822145819664","918.5278005778789","812.5974971969922","748.2036451280117","894.3860965669155"
"410000","666.1995594263077","544.0575104892254","814.3263124644757","806.9570376574993","723.5357223689556","896.2295024454594","782.6167765398819","605.3307971954346","890.4503463089466"
"412500","444.27207514047615","198.64372141361235","826.8974793434143","817.9035995900631","753.1163738429547","875.1014792144299","748.1208848536013","652.007633793354","819.483813393116"
"415000","521.7787151833376","287.25507774353025","810.3130104899407","852.8524802327156","830.1098437190055","891.1947514295578","612.596318423748","168.4930640876293","865.3027438938618"
"417500","562.0253759920597","365.65992192029955","731.1002690672874","826.3311152021091","783.3757068574429","854.5440319657325","687.5341367661954","361.5018602490425","860.8024312734603"
"420000","637.8550013065338","378.0984769105911","802.2238860666752","878.9781081199645","877.0812918543816","881.8190674483776","735.8004222810268","676.535363739729","817.5425223469734"
"422500","655.999820959568","427.10161541700364","842.7693480193615","878.8525202453137","799.0526287257671","919.2457127988339","665.9295133948326","537.4934777259826","828.8262658238411"
"425000","525.0540786266326","348.54596253633497","723.7688334167003","828.4135227700075","779.4362855136394","875.1341354608536","710.1218016624449","473.48775244951247","836.8817922353744"
"427500","659.0734797656536","497.2220328807831","834.3276836991311","745.5905785103638","527.2066909611225","916.4279760837555","691.7382718205453","455.2869078278542","817.2217641830445"
"430000","642.6098824878534","430.58595061898234","886.4573328197002","846.9866276601952","767.3316602766514","890.0294006884099","743.8462387005487","512.846369689703","893.6908169865608"
"432500","707.5018926819166","592.3109198629857","898.9614599108696","876.1335899651052","837.0066986501217","905.1921912014484","701.3455776850383","436.3068078637123","864.3582278847695"
"435000","708.1900850276152","545.9871959328651","810.2382755517959","887.7750300188859","879.8334269285202","898.1975368797779","707.7039532919725","440.9790006697178","893.084838527441"
"437500","529.5403910557428","382.2303870141506","792.6471537828445","826.7390110909938","765.6389692544938","865.6721516728401","600.1970000684261","137.6664567708969","844.4551950871944"
"440000","628.6383009850979","579.8647464036942","667.701172709465","809.1859050532181","668.8559867620468","895.0289111316204","779.7374656776587","548.3976257622242","919.0992195010185"
"442500","579.7885781168937","429.28349428772924","849.2911484777927","834.6819191634655","791.6855394303799","874.5974252521992","705.2693696260452","373.19286464452745","900.9462776660919"
"445000","604.4818161427975","525.1343755126","704.1224635183811","886.6020999530951","869.2653249025345","905.274444526434","785.1274903059006","716.9438889920712","862.1293567180634"
"447500","469.7694398184617","426.91625586152077","506.71968457102776","700.430175892512","572.1264023661613","875.1965470314026","587.0439103325208","183.9161964714527","852.51444606781"
"450000","400.08840047717086","292.6774814069271","564.5457081854344","874.170308325688","833.4609555840492","908.2208372235298","807.8267886042595","641.9376674354077","905.2988492906094"
"452500","694.2972909351189","626.5797688186169","762.5306510031223","882.0009141047796","869.2729030549526","890.8282326161861","799.6415770252546","721.1674851238728","852.2724290549755"
"455000","550.415869585673","401.44987682700156","771.5075119316577","852.310158886512","780.3797381222248","911.0450986683369","723.0656347572803","510.1191338658333","882.7909406900405"
"457500","575.945201989015","495.28921284675596","712.6359272420407","876.4312147021293","859.9613626480102","887.4052534103394","774.2554664552212","755.4284426569939","793.4477724850178"
"460000","717.2033290525278","462.296268761158","859.0905147612095","893.9846529006958","865.6241451084613","909.5488663494586","764.7337462405363","572.6670065999031","876.2193658590317"
"462500","517.4781666080157","321.58017603754996","636.0772700309753","865.7726966977119","838.8446075618267","892.1881098210812","698.0422756791114","403.3678749680519","883.3181556642055"
"465000","711.9631667196751","552.022561687231","846.0336610674858","892.6175142625967","870.6397815883159","905.9728965520859","749.3225829998652","690.29397534132","807.6726571083069"
"467500","557.5015398184458","410.22586314678193","790.9313446462154","878.6245725572109","860.2159597754478","892.420956915617","845.1525745471318","777.0321548700333","882.5372314631938"
"470000","706.1173108379047","552.39873752594","818.5383459627628","846.5677193323771","786.6823470830917","887.9277925133705","807.5811454594135","775.1196853101253","843.5357411146164"
"472500","614.7828498840332","515.8290375769138","755.1582865536213","864.6028810739517","861.1349004268646","870.3355224132538","815.6170233607294","702.3226496756076","883.3650860011578"
"475000","558.9871669709682","310.35514853596686","779.4613772571087","870.6157367269199","815.3217281460762","909.0871297538281","750.3035753190517","627.620925039053","837.6063553333282"
"477500","722.6726086397966","615.3268979668617","781.2572876453399","884.884643093745","853.2950370371342","926.8975529074669","776.7036921461423","672.7607828676701","831.0886972129344"
"480000","482.6767811675866","421.8848612010479","548.7737717092037","831.6672125359377","737.3458104610443","885.1044679760932","811.779924494028","737.9522931456565","853.5698691308498"
"482500","547.6128629187743","395.36202724576","696.2543745338917","790.7906335393587","702.9873728752136","881.8951487064362","785.0164295415084","621.3816697597504","873.542007702589"
"485000","592.3334043582281","427.04681493639947","783.5404917240143","808.0805492599806","660.789402961731","893.2574586212635","505.45162948369983","283.7238610863686","676.0619441390038"
"487500","470.2187303344408","260.1240924358368","736.8535933732986","849.6677272379399","744.2318055331707","924.7095285475255","775.9756027857462","647.0890473246575","909.8167283296585"
"490000","433.0065958956877","244.84432193040848","694.2740146517754","868.2607378363609","847.4825701892375","909.7017491221428","868.69812271595","854.2534644901752","896.4895199298859"
"492500","569.6108428855737","316.14743042588236","777.3447477817535","859.9894602835178","796.0948079884053","935.490117251873","847.9092684845131","764.8133024573326","904.896139973402"
"495000","618.9259866654874","493.1827206492424","860.9216043174267","807.4261867543061","658.5403295695781","892.1422533214093","750.4124881784122","519.4529485940933","877.5562112092972"
"497500","726.3623656054338","634.0649988949299","858.7700735986233","894.5112780471642","877.0882426917553","911.4560950160027","801.5872481405736","610.692998534441","899.8843648076057"
"500000","600.2770093739033","574.1580642223358","626.3959545254708","879.5303898394108","869.8220655798912","884.4024750411511","828.8005641162396","795.2718456685543","882.6206175386906"
"502500","723.5056213140488","538.2610926508903","908.7501499772072","887.927154370149","871.705611693859","903.724696558714","838.4155523836613","799.729275727272","867.4471641480923"
"505000","562.0118223488331","554.876756554842","569.1468881428242","868.1468878368537","816.3683236241341","922.7128576159478","838.4643504897754","796.6065725505352","865.2245151698589"
"507500","515.5199304699897","226.2402474939823","804.7996134459972","894.2354173282783","863.9941219270229","930.5833057880402","822.5518027027448","726.2181607604027","877.7433061718941"
"510000","658.0652533590794","602.7717395722866","713.3587671458721","849.0948703249296","769.1307791054248","930.370234310627","847.9777505119641","757.3631198048591","894.6638951480388"
"512500","713.7180264830589","685.2798486351967","742.1562043309211","883.5412674446901","845.9503951847553","931.2456692814827","805.0323270201683","649.1533357262612","885.2428338289261"
"515000","745.2203554064035","634.5166750907898","855.9240357220173","878.9736092686653","838.3992824077607","928.6047926008702","752.0763203104337","507.9219523072243","886.324971550703"
"517500","761.6901482850312","725.4659217476844","797.9143748223781","858.827385465304","821.1481609821319","902.4342608690262","822.3811719795068","765.3105962991715","891.7468828380108"
"520000","661.0872573822737","549.6631195306778","772.5113952338695","869.6088913440705","789.1613305687904","912.7274876356125","721.4877540091675","669.6297048032284","789.6080693542957"
"522500","642.0886007398367","535.9681399345397","748.2090615451336","840.4106657703718","755.3734700322151","924.4260434508324","893.7754798928896","868.6909191489219","915.8302751421928"
"525000","692.8564159989357","684.8054119050503","700.9074200928211","843.6478379885357","791.5290941655636","876.289727050066","736.1993218064308","524.1008948683739","905.5174100160599"
"527500","531.3170594930649","522.668545639515","539.9655733466149","828.238410013914","761.3296817421913","877.2601286053657","648.903482713302","431.9954901874065","861.580578559637"
"530000","793.2643070280552","717.0722783505917","869.4563357055188","892.752442040046","838.0493359804153","930.9941055297852","849.7072522183258","831.328221654892","866.112717729807"
"532500","672.2371525406838","666.5967044889927","677.8776005923748","852.813835054636","815.0425154149532","891.5975311875343","747.6978202462196","623.9411850750446","848.5016709446907"
"535000","674.4855977833272","521.9038900852204","827.0673054814339","871.841408296426","834.264590281248","919.8219766914845","787.8431436836721","618.0012718617916","886.7905701756478"
"537500","739.8783338695764","630.1281021416187","849.6285655975341","885.833000254631","861.5586640179157","898.3330157458782","866.5050743679207","802.8913454473019","900.8331404328346"
"540000","814.6059675872325","765.1197992444038","864.0921359300613","883.3999675452709","861.9313474416733","922.5994601249695","817.8013596375782","699.5368482410908","877.502318495512"
"542500","775.3801084518433","705.0327564537525","845.727460449934","880.7409428358078","852.4437714457512","914.4991121113301","813.0262580533822","775.6452522337437","870.6336261034012"
"545000","791.2847816854716","729.5786874115468","852.9908759593964","863.9491199135781","829.9342815577984","899.6793319702149","858.8838930428028","829.5106920242309","890.1424779236316"
"547500","663.7274056226015","648.9271719455719","678.5276392996311","777.6650954882303","719.9578540027142","851.7009526371955","791.7274080018202","705.7268288552762","869.867156112194"
"550000","621.5625366419554","558.4407073497772","684.6843659341336","830.746447736025","811.7959590077401","849.6969364643097","791.8430101235708","649.1931351661682","884.4522964179516"
"552500","599.2919447571039","560.0831296265126","638.5007598876953","874.6846420526505","853.2921151578427","896.0771689474583","772.2632312516371","682.1421396195889","867.2366010725498"
"555000","526.4228245943784","472.2132094681263","580.6324397206306","776.7684253543616","765.9034054398537","787.6334452688694","723.1127795318762","505.4209308207035","847.4391600549221"
"557500","775.9228388905525","775.9228388905525","775.9228388905525","795.6350315093994","702.9177214086055","888.3523416101932","811.071021515131","751.8562220871448","870.2858209431172"
"560000","808.775310343504","808.775310343504","808.775310343504","833.7183436512947","785.910623729229","881.5260635733605","859.4568293869495","850.265092843771","868.6485659301281"
"562500","596.45001963377","596.45001963377","596.45001963377","883.7791702330112","877.2315957784652","890.3267446875573","864.8283211052418","864.8283211052418","864.8283211052418"
"565000","746.7982428610325","746.7982428610325","746.7982428610325","881.7117462486028","872.9913709223271","890.4321215748787","780.5440130591393","780.5440130591393","780.5440130591393"
"567500","672.0664415836334","672.0664415836334","672.0664415836334","777.0592603445053","777.0592603445053","777.0592603445053","886.4504279255867","886.4504279255867","886.4504279255867"
"570000","556.1392510831356","556.1392510831356","556.1392510831356","882.2861853659153","882.2861853659153","882.2861853659153","842.0434735238553","842.0434735238553","842.0434735238553"
"572500","","","","917.8323001682759","917.8323001682759","917.8323001682759","731.4755256474018","731.4755256474018","731.4755256474018"
"575000","","","","850.2901483356952","850.2901483356952","850.2901483356952","844.0156720101834","844.0156720101834","844.0156720101834"
"577500","","","","916.1421350181103","916.1421350181103","916.1421350181103","593.8046363711358","593.8046363711358","593.8046363711358"