"Step","supervised_model_dir: /storage/home/hcoda1/6/vgiridhar6/FoWM-vanilla/wmlab/logs/walker-run/11/default/models/100000.pt - pretrain/episode_reward","supervised_model_dir: /storage/home/hcoda1/6/vgiridhar6/FoWM-vanilla/wmlab/logs/walker-run/11/default/models/100000.pt - pretrain/episode_reward__MIN","supervised_model_dir: /storage/home/hcoda1/6/vgiridhar6/FoWM-vanilla/wmlab/logs/walker-run/11/default/models/100000.pt - pretrain/episode_reward__MAX","supervised_model_dir: /storage/home/hcoda1/6/vgiridhar6/FoWM-vanilla/wmlab/logs/walker-run/11/default/models/250000.pt - pretrain/episode_reward","supervised_model_dir: /storage/home/hcoda1/6/vgiridhar6/FoWM-vanilla/wmlab/logs/walker-run/11/default/models/250000.pt - pretrain/episode_reward__MIN","supervised_model_dir: /storage/home/hcoda1/6/vgiridhar6/FoWM-vanilla/wmlab/logs/walker-run/11/default/models/250000.pt - pretrain/episode_reward__MAX","supervised_model_dir: /storage/home/hcoda1/6/vgiridhar6/FoWM-vanilla/wmlab/logs/walker-run/11/default/models/50000.pt - pretrain/episode_reward","supervised_model_dir: /storage/home/hcoda1/6/vgiridhar6/FoWM-vanilla/wmlab/logs/walker-run/11/default/models/50000.pt - pretrain/episode_reward__MIN","supervised_model_dir: /storage/home/hcoda1/6/vgiridhar6/FoWM-vanilla/wmlab/logs/walker-run/11/default/models/50000.pt - pretrain/episode_reward__MAX"
"0","22.536583146895282","18.405194672918878","25.71474257335067","23.5053196744062","17.533875926956533","28.15784028689377","22.80902215450381","17.22434723121114","28.678010735381395"
"2500","22.62983343542243","20.464795235707424","25.52427185426932","27.036061096928705","19.415068687219172","38.144795537134634","27.898535966523923","26.418201163387856","29.266507564578205"
"5000","14.374579723404409","11.758365003275685","18.288217376428655","24.780695958955523","11.763516755937598","36.3853007290978","19.678920615984435","15.460951091628521","27.33427501777187"
"7500","15.293830079399049","13.24414558908902","17.112539083650336","20.320839245027553","15.576212839921936","23.391501488513313","17.08116680911432","12.821703479206189","20.52361424455885"
"10000","21.765112719971995","13.698460486973635","34.9420214488171","14.507378602485794","12.060960748512297","17.539058592403308","57.201725361752324","30.760331141157074","81.47995500713587"
"12500","25.68911557942629","14.729477372393012","40.3944143590983","17.635103876229064","13.362044019484893","20.339047565031798","22.185620678945753","20.75335505809635","24.085066995071248"
"15000","31.573336861290347","17.962640704587102","42.541971691721116","56.06742461317529","21.64340105955489","102.38702174643986","43.70683034277366","22.91283086319454","79.69427983481437"
"17500","39.077845419687215","25.89609879532363","58.550182505557316","37.37029625817668","19.857056360156275","52.69948625555262","35.81096853388784","13.428978542424739","74.73476876905188"
"20000","63.16171945623743","41.66047568235081","100.3328538831789","93.02124316576715","73.7605854754569","102.76347663290798","71.64075313587672","49.794255742523816","98.64905336736702"
"22500","100.15686542300197","79.39671235019341","135.33584774234333","92.30184472041826","53.47659217505716","115.03938316504937","82.69502676924846","65.34325805027038","108.14661090064328"
"25000","83.80591286749889","53.76991302424576","119.88853257759475","113.20838202048714","108.91234540937003","118.52190563133918","79.10593231201638","75.43035459623206","81.27488548567052"
"27500","80.13526330815317","66.90992009046022","90.90925880242139","105.94838430078234","84.2465850284556","119.83845805134624","55.54707706503104","44.005699599022044","61.72146617223043"
"30000","105.51233778107756","64.59829549361021","153.21274873886722","113.1252618470462","105.2005331430817","127.72695681462065","74.53051741094485","37.00729968440719","94.36292008839082"
"32500","105.27670942347031","73.90627568869385","129.46950885709376","121.7263870595023","104.24227714494336","139.39877422628925","110.55767553550345","77.90512018180452","133.5049176490633"
"35000","102.46072908497881","74.78459542437922","136.39280222004746","131.30445716418328","118.63772661886178","141.58147514460143","111.35225972951544","97.85267527117394","124.83688951414078"
"37500","125.64555046785001","44.586931732692754","171.02376158924307","160.67617280466948","149.7338946013944","167.71781495744364","149.84010766196684","119.42397629250772","166.91490114843472"
"40000","160.41891906242816","125.72440568991006","199.03520182059145","149.65888823629356","133.87681453670376","167.02083836004604","136.1660224001777","107.75143879384268","162.1850987583166"
"42500","150.514624714409","117.56747849043458","203.09260553787462","160.88856269186365","143.52228118777276","178.47149002014194","138.5291596900982","122.3198063286487","162.60394018101505"
"45000","154.01307057702604","138.3422028809553","165.2681595457252","151.8382518587401","120.0910509841051","185.70441219115165","118.20879998179153","59.582900775480084","180.44589136987923"
"47500","161.12366659281156","134.78423508957493","192.32233855521773","186.39230495875233","158.81867853829172","207.48876228223088","155.11301447174822","143.6870500372257","168.78421795535832"
"50000","191.39459648464495","136.77062975598966","254.85528587892185","192.5716088119118","176.75977712315506","207.44373221376446","176.7879752628428","159.8617974460125","193.91594167838338"
"52500","200.92278886321","185.87468980238773","212.1237807994941","233.32464369271574","192.31334188149776","265.0037182204193","178.67973586858716","171.32797478598076","185.66465117034969"
"55000","220.63542795247244","175.0906457888428","260.1723166086711","241.94967857396696","205.9627701438265","275.0871512966696","131.7544263083255","96.05937042089644","202.93048046729527"
"57500","212.65906495104232","193.75631612979342","225.25008129004854","277.32970609987","231.39156132594218","328.3098003829829","186.20201924461094","168.69046863499096","218.24572154630442"
"60000","223.2638472497541","205.27167839531322","238.1375628291862","311.40226203146545","259.1362906256225","372.5210191899911","170.32569142448872","148.40970801580698","184.48402988482266"
"62500","217.5349283906243","150.3088570711203","257.00611117428633","304.65884806822675","226.26712292856536","372.75019061772616","196.99258853222707","171.4628250486916","235.21376795333344"
"65000","250.10008134543122","186.30466360896827","291.593580552144","340.73405519146473","292.1238170266617","391.06959979021923","199.57234561509298","193.51941996873356","203.31294175011573"
"67500","251.03517331971477","227.67004358407576","295.23525819170754","319.783989259624","284.8531197164208","380.8376385647105","225.06210442903296","192.70027405994477","288.3671569979051"
"70000","241.87644482711326","222.2475139908027","254.48486960497684","357.3684495816706","304.3577569719171","394.7504472871777","219.62843895504093","196.24328944366425","253.2125694330316"
"72500","276.2797415819407","239.91852404805832","321.02288952914535","393.1209965908434","372.9691000148887","411.64364702072925","193.3723705669089","111.79926863750443","244.26178023873362"
"75000","319.496371763867","296.4326648378745","344.7219910689397","375.8866349585044","344.44663435579275","402.08815266378224","224.00601428639297","184.03780452131758","297.24622930502517"
"77500","292.02612139714574","246.57844015297013","351.39842537890655","379.47653864246485","351.45239214692265","410.5121671736706","237.93211215100408","224.94080900326372","248.237350937468"
"80000","298.8059803655759","250.77635690371972","323.51127847938335","394.37597141830867","346.71875084862114","434.8051934946561","216.00028434210301","173.84297804301605","243.55132933803833"
"82500","322.07957606661756","289.81384477738754","373.507982140081","392.99510477141786","352.0968036317965","438.83578807741867","267.8466269487748","226.25901142312213","303.2887887612218"
"85000","331.56893003767664","313.6334175671218","359.3000014146557","410.74066217587483","386.0394880916923","429.25805945913305","245.08720391539387","214.74362826799043","299.58520916695704"
"87500","290.53925975025635","190.21250561529305","346.42231064774097","394.43188222198904","318.5505558709614","463.8970172929112","280.3597156866686","254.13832976322155","300.58617298938333"
"90000","314.7191748643061","285.74487390066497","334.92021942655555","401.22013066087385","391.6080776604358","418.37526125381703","261.74330836591156","233.75441911777017","301.7754539998481"
"92500","314.50371536547317","261.01387656661683","367.0679302935954","391.32943959369635","348.8752136415336","464.80527011081574","319.365371342989","292.34541577403434","348.39235418869646"
"95000","366.0492724260859","300.6370620778296","429.1921492288355","433.3270406194652","410.09252620255575","460.96984307472593","305.33453422565947","273.50786123210565","355.84936412246896"
"97500","332.3585300975324","307.6600842094049","352.0213785539381","381.1261262271708","356.80275021879936","404.9108984807739","293.2436174805509","262.61522162447216","325.35282522086055"
"100000","357.0436630299858","340.7479550269665","383.20759622831827","422.06622393342354","401.76879524420946","441.7185745502822","303.53346775756216","260.7543930910062","364.08735579536295"
"102500","326.150839293492","290.77978538949975","366.3165895317914","421.2728100794368","378.017348169256","464.88616365874185","311.6142377148305","274.4043006925378","357.19398209257054"
"105000","343.6040008491216","332.3444408885669","351.8599128429778","422.62279444858433","394.5752877287799","457.6863411094062","294.6270660685686","240.6320650641108","365.0442863828968"
"107500","361.6386220914467","339.40884045541753","373.62318570308855","446.0003094777465","426.5364869389916","469.1079058396863","314.97710080161534","299.5882694267668","345.11032604032664"
"110000","361.7881911631286","274.869508997025","409.77704085141886","452.9658048885564","412.0076124848332","499.5373002721928","328.0687461908829","278.41673752125354","357.0094899627613"
"112500","398.55642817427093","377.3614807607373","416.468971142103","472.0720254399348","461.5130056969589","486.65639741432386","317.18733588541704","296.8143653792795","356.0174976467388"
"115000","385.2931160471712","360.76952241726684","399.046128459624","437.8684862533196","418.6765736516565","454.6500358608784","308.48628813755545","283.27845587914345","355.07333397823385"
"117500","416.72756676202016","390.86650923546404","452.30144230788574","445.554634193494","417.2836506917607","469.17536086563484","348.2967693269796","318.5381989722606","405.0625272798352"
"120000","385.2450990769857","352.4133251760853","435.5441636657808","426.95009393139435","384.7914893064415","463.16774106035007","319.0694354376911","283.2570832001744","341.7387340799207"
"122500","377.58185871521323","339.8817498913966","449.947023857804","432.76073638605885","374.82773985939565","476.32144139693116","322.7704553239591","292.0991687818663","351.5998545708135"
"125000","368.08265287380976","306.17711522441823","426.90587265575306","437.72081469099504","406.1552242733072","486.24085331717504","324.3375421411824","265.1112669787602","388.51922326839997"
"127500","391.00181398983887","366.75640365115834","403.5159077787306","426.63094301635084","416.359923815215","436.6037884549936","373.0620456539172","342.918664063327","424.25814214691053"
"130000","387.9973509003098","360.41893767572475","418.9241983911954","457.56554869730024","448.5776885528583","470.83947713836096","343.0557021920957","318.48191299512985","368.2943528396543"
"132500","422.33305169908954","407.9488948577549","445.41239478280767","518.9703512546762","469.26502645527944","564.7707479835487","331.3940246668023","188.95271325353534","413.1452758676372"
"135000","434.62676766540386","425.79923779782837","451.4378395467065","463.5912755298816","448.5808333262568","474.8969602907775","359.0678525646527","331.193124406226","392.50014546278396"
"137500","386.60175514811027","345.4908991742879","431.611989575834","483.0115343239702","466.651899720123","504.8679081628099","358.9882862877101","328.9351971252821","392.9606265577022"
"140000","405.1579648861894","392.07773484881034","415.05174415782096","489.7384641628014","475.8821087989956","500.1047075700015","376.11944974888274","359.6615775251063","403.79628663274923"
"142500","379.3214710007034","353.2057260531001","414.84821970895865","469.6551510239874","431.42951550495343","500.4487480496755","323.81939075014867","297.331925398577","338.8307329333387"
"145000","440.0011624591037","434.1004665904678","446.8078712173272","478.8207886798618","470.27507375981656","492.7245242159814","334.1221679881758","294.21536795173307","363.79302969784476"
"147500","426.7046501295331","402.6812974959845","445.6762336069252","508.9384917907029","469.4852619203739","533.8848234050441","350.7445471032135","341.1790024996735","366.86468224064447"
"150000","407.311948642189","392.9575370971579","415.1635445088847","491.8302776103529","455.5990947904065","538.7938596611377","326.5511107106538","301.8100802276516","352.2859002954792"
"152500","412.9473727538871","402.2522220286075","429.8582121898653","497.26457325130855","466.17129895379765","521.6529386418872","353.6300844064992","284.24726527163295","392.3877629937371"
"155000","432.37128876637047","397.34560080857483","459.87683556864505","504.7390315510643","488.815233158879","518.5496098525124","325.0066270882497","243.51057495158165","380.44240210345015"
"157500","440.17775439275425","386.3541191276163","491.4518490016693","490.4518016711654","483.74374583687165","502.8855640992057","378.2861842458292","334.8091068085283","459.28966580927374"
"160000","433.7038037045548","416.9353483314393","455.7416750556789","510.4847295028546","497.1065202334663","526.0606070872396","405.9981035172552","370.93634053657297","437.98878689871634"
"162500","428.22246785731994","379.897078377218","464.34012463802935","491.13729579219745","433.4833009634167","546.5826667970745","374.74715808905506","335.6450460965745","410.69877606891095"
"165000","439.91103109683996","401.07728534925263","461.5900444927858","505.0678943652039","478.0461965882685","541.3354621378472","370.20228837400214","341.1562062085606","387.51239893832246"
"167500","416.12560661089765","394.93522015009074","437.72390764970334","520.1707248978162","497.78137229927813","558.6971270852257","410.68302028001443","386.4327204406727","440.69093570865226"
"170000","422.20514772194434","416.7244850519113","431.78814784644635","516.1195385965053","497.93613096252085","535.6961564950179","344.14778044862516","301.8434982508421","408.414917002758"
"172500","433.12836237954133","374.18562334526797","487.1196566703031","539.2725344989061","510.80339401434173","574.0033564770129","377.57492565986075","302.072353988979","423.49631097465755"
"175000","441.52648962850213","415.91865246272647","466.65709727625364","536.4536888310763","525.114773259242","545.8048438526923","373.0453000707475","328.1133545930963","451.0904212384019"
"177500","425.78498424365335","388.85031268480236","456.2060655762674","539.5026373425964","526.9610937186983","555.8389725743327","369.8348874589894","344.7328444583807","405.2199227462523"
"180000","432.3540807339518","422.42961389590056","439.7997236001305","531.374709548351","486.6308834192576","564.1473728454672","343.7860636047476","242.28353550308384","459.02919814842755"
"182500","467.74073040588604","451.8836891779676","475.8099571786588","563.7665853438045","535.9391397130676","591.5466759290314","409.70893413718636","352.15382289625705","469.63464702786877"
"185000","475.68014076349795","465.440506282961","480.9017964891158","561.324617812705","534.1001052322332","576.7614927111426","422.32446833274633","408.41399633726104","436.88319513211025"
"187500","468.8044834652217","458.1074692911934","474.8963243536185","573.7528005362955","550.3233228796628","606.2479244954884","416.8362918605019","407.0821733395802","430.95118409320713"
"190000","459.3214324629943","444.39868491997476","474.85311247766947","584.814429169738","569.6153053323039","596.6671941902023","412.1209653721191","398.6947005935246","435.51598667670044"
"192500","450.9225365514479","432.5358984087361","472.1229921820574","576.769569965646","557.8419683312998","587.3720297479304","411.63303241441804","350.4931495197117","448.2057783685159"
"195000","476.66636766477023","449.816907103057","521.4948975291336","595.7368441881224","550.1096746763448","640.0503462002613","417.97726867880357","408.7637958487729","423.1340629070299"
"197500","466.41265213929586","446.6427279025782","498.35487990125546","577.1371981873875","554.8366877501364","596.4064745818265","400.02888314860564","368.0611437919084","449.34530336551836"
"200000","487.2945051250281","448.9533599999733","525.5825513424585","600.1007826487223","583.3944689796772","612.9180371815571","475.74907284877264","451.47739492899274","493.9787824216066"
"202500","470.5823846151975","461.3040915242862","481.8112514378969","605.168747930446","591.685726330243","613.3044885403942","457.73496961152796","418.79459222177974","489.86077964734284"
"205000","490.99300290185494","467.76943560719957","530.8400376725942","598.8237119728311","585.1547125314595","614.5282355591655","433.6754749912613","401.48154842548536","475.4137224599719"
"207500","484.738414278479","453.3506717805285","519.7319912158185","609.2538757412927","601.3877026487608","623.6645871563117","448.5393152338996","335.77879951617217","523.368128533801"
"210000","487.4603326411064","460.17451172401195","503.94525447683407","602.4584459497438","582.821054828004","628.2926290974253","411.40405002457555","397.57598921454047","418.4785620266572"
"212500","498.9575977873212","490.8710088503314","515.1172223191941","592.4870799833521","558.694093972561","613.25717221112","414.46060608385596","349.1182776628528","450.88959682181013"
"215000","470.86348760457867","413.90374273373743","506.3572159663774","600.8104388494045","569.9204945537261","618.9401804429478","463.646834223764","386.58270543208346","541.6411635919242"
"217500","493.49670456959865","453.9075883993413","543.2395426258212","610.7340300636521","546.3580656694015","649.6046603980242","442.3955641299021","323.0070969814202","540.7103552396642"
"220000","505.9980095194187","493.8184708840214","520.7982819262892","637.1606909140556","613.1984380694106","661.3325765038608","476.0348095916832","409.0205410546623","510.2944043361582"
"222500","510.1456743237407","485.990676394105","528.1550919822417","632.5601741203573","622.364121557679","644.5501824104692","462.54721108712255","445.67211193065157","488.468342378363"
"225000","470.973082897556","468.9317139515653","472.39884944788645","628.9110857147724","606.156008259952","649.6161883431487","414.6344467125911","362.960009519849","481.37149746438956"
"227500","475.0188466062381","427.02007224366537","503.08723076705354","626.9684435257145","616.6772817813093","638.6199644238222","450.287977585375","399.49402075884865","498.08353787797967"
"230000","481.7726550286636","470.6102245236281","496.24536193571987","637.8566357953783","619.6035414434504","668.5129344818182","454.2806576062382","381.3776600742014","530.5804581979289"
"232500","517.0118623949433","483.8847081282409","553.5635733716423","640.7924939628302","621.9001755199861","672.6762319747359","438.5201666580203","379.58566306575665","505.4562513043405"
"235000","530.6175144451128","475.5404902550625","564.5663272944745","635.032904024818","621.7074083148967","650.8336102826521","465.6662643254502","426.156589492294","491.6000654458534"
"237500","477.74192176139906","443.9098555383738","498.12918264330364","579.6568021730287","560.4804097530432","597.0423514715628","425.8426040893964","416.57353743268175","437.8340347562218"
"240000","484.8136454912524","469.7146922418848","505.58191732019185","669.6425856506607","643.0417116139084","687.6446696601809","426.3922604558524","366.3035474747885","516.1573254573625"
"242500","502.31825964089177","462.5939572891686","549.5090463283007","636.6737402013658","613.5358644713648","666.4318807802629","459.3344451367234","365.59055937849917","542.7390674810158"
"245000","498.48644139364677","479.73298840005884","524.5419756450923","662.8235243034627","640.943722022837","688.8302408893593","423.53761613593286","396.2546033665305","459.58255747167857"
"247500","517.7250881911566","463.4569754196564","546.9123037772254","662.7984117444915","634.3191797620617","699.2140883873217","467.7498463095476","421.83999897125176","504.4458732008934"
"250000","535.7301220864989","501.1569007511251","562.5821828451474","639.1535133051685","592.2841374089942","668.9461162265856","490.6471044833306","436.2061677847523","570.8299207725097"
"252500","521.2874422834333","514.8039862692822","529.3531884459313","639.3137481332601","635.8707824332174","643.3823443783913","465.9848576423712","407.21285650054926","498.5392894687364"
"255000","534.3828764174988","517.6174446625868","554.7429521344136","657.7659432421593","632.6603338669986","680.8202730795368","506.54591270892416","489.74135097251275","515.012078340794"
"257500","509.1261168997424","459.6226176088676","547.3896187019069","621.3741522451552","543.5035799090052","664.6559855855303","462.10813010303923","413.72065541923513","496.09735112576743"
"260000","531.1073562982492","510.47674493165687","562.9118671789299","689.6785909692059","662.461449246551","719.7556716037914","492.50351417989776","406.72340185181235","593.7575816639699"
"262500","539.963006999949","513.1386785542127","588.8365534405224","690.6101943176085","669.3408461433835","713.7648083277978","501.71370977950284","469.5145946505712","555.7703416988952"
"265000","500.27173919475945","453.55253010806626","524.9877361366059","681.5380408192751","672.6404194486328","694.618394759181","484.7219650319855","477.97241430797146","494.90550685878844"
"267500","553.8363706951262","496.11862741091755","595.0538699616678","673.5803793228232","640.6773132308386","695.2166480551474","518.4701464877929","444.03151476257483","573.1107512742747"
"270000","543.4492034435738","518.7513336977223","577.2612746766769","645.782776271288","618.7474193682428","668.5135997261386","484.85614110664466","432.569628070714","548.6694757300895"
"272500","531.2185830235326","504.0520000754623","554.0303122018231","663.306699633963","644.9800141804386","673.3944249757799","493.53874903515293","460.8591449388303","520.2562019866891"
"275000","584.9857257768512","548.437040566327","610.0543521586806","661.2400415014941","646.9832235658541","673.7694677455817","521.7686791541831","442.9059617462102","579.4033622792689"
"277500","540.5541996701387","525.5180781526724","566.4451263473835","683.1176726626232","674.1008892633021","689.1148016996216","507.3295844905156","467.3836071667727","539.7235900742933"
"280000","561.7220654075035","552.9640203628223","570.767484661052","667.2459977405766","653.5159749491606","674.165584728308","502.96958498447975","430.87510156815404","578.3477624401916"
"282500","555.7702817066805","539.0631905608112","572.825181923504","686.8132547999421","675.5373228412121","699.8852182116359","490.77395454427074","430.98423492310104","556.4140408911277"
"285000","588.7481249127227","574.9297230215976","600.6169100557221","669.6605334135859","664.8617939240299","673.412699736515","493.85253183906894","412.0858385267202","585.487069505034"
"287500","550.8385601510216","535.257561638439","570.6281450475101","647.0439647437538","630.9089553450234","665.1076810052152","523.3458816030296","472.63749209842643","606.2370891830651"
"290000","558.6329484581404","548.2120403067208","575.402571945265","670.6873654749555","654.0827160644578","697.253054958838","513.653888342607","476.4864283954492","554.3224933919962"
"292500","590.6859249989036","587.190373612009","593.7797257420141","699.6016708298431","679.697770008305","724.6462152395397","510.6840336219252","472.6769505322212","584.6850658179959"
"295000","577.7287571414685","541.4526332144626","601.4120291293599","685.9847981006684","662.310851461161","723.7338697271887","505.84138393156854","466.94390704936814","557.5869968543993"
"297500","600.1467063591739","555.0517749057384","648.475293677859","690.921705759115","621.65023998525","751.4161416068207","546.0829366777946","529.5064595055999","563.5494699243457"
"300000","582.3661789829144","541.1655442253686","605.5641000398434","705.6940530668479","672.675837282883","727.1929859561845","530.7556636730675","506.92679831387943","566.4482329014456"
"302500","576.1140504944527","533.6019963274478","608.7347587329801","669.0508623368883","629.2409101465252","708.1113358746749","507.06782410863474","470.82809413007925","535.9297883960884"
"305000","559.1130183379477","535.6329379976727","597.2116711577867","680.5448711836556","669.5184174993541","692.4144130791537","491.99505418795934","461.6106238461565","516.4141953945858"
"307500","557.4060609985221","526.903531553573","589.4699838022236","629.226034349498","563.6753459508997","679.7002209343016","500.01276023295554","470.28050126351883","518.1816920279525"
"310000","583.0191538420894","562.1197642455576","621.0989185504616","672.4813720156826","649.3995046122","685.3515544170281","554.8790189250683","511.2872978959698","585.6020976145752"
"312500","578.9877736542606","557.1180303890724","602.7708733566338","670.527887871194","654.5715328142047","697.303328980552","545.730862276062","508.0840828980552","565.2280891290866"
"315000","614.2802976339823","584.391649598186","631.9046706916764","687.7483660746675","677.556051068427","706.2853031157981","527.9560637241385","485.32632452924736","553.0783169263741"
"317500","573.2002242919601","545.4051379973768","614.9591968779453","654.3964008319036","638.8053283615038","663.378195049474","533.400455195255","504.8976877287729","556.6108774429886"
"320000","597.8041346919723","578.3476788030705","610.4697340787155","708.7532540416656","685.6547234179918","735.6527963497676","536.6142460927135","519.9057540443494","554.0599923057947"
"322500","595.2496571128102","563.7041538707447","612.7169285307871","668.594447158665","616.0483872845768","702.1273492775392","500.27149598570537","426.3910439710133","547.0632517206017"
"325000","605.2776259385205","594.5614321425091","619.2658329280559","688.325989269341","676.6355151142925","694.7709240024909","545.9763817172652","497.4065127187408","592.1762258011847"
"327500","577.8325444426232","556.1504226269666","619.7297612885944","663.2628393672873","647.0802228162065","685.1863674690482","507.60489704096693","493.95231105494315","534.5774811500218"
"330000","580.7156516601952","575.4601305310149","584.0907929461915","680.2344933515104","658.016910142824","711.6772435555234","514.6523273926695","474.8415384097956","544.5715535187628"
"332500","638.5783787393399","621.7595110450405","656.1664131182246","718.2752340896676","707.8320358655881","730.1303391977679","575.1586104964915","537.262839434715","621.0635232755449"
"335000","616.6974158115685","597.4726216564886","646.8751657953486","700.9860779712443","675.1231386707165","714.4859026762657","519.7133161611001","475.2688768113032","574.3809976917692"
"337500","600.799561968213","530.7567273764405","655.8445929759648","686.653901320269","676.8876311264933","702.8266031028004","486.8048268150771","457.83371469320264","508.1705975922756"
"340000","611.9555892183057","601.8380251429277","623.534399396414","714.4834765845444","676.0165994507261","755.400406989688","551.5654212884682","537.2301724859979","572.861146178795"
"342500","602.01075926458","543.6702625802718","640.4116133445408","697.96302225121","673.4481091407127","744.0755696479231","554.4092896119847","513.8432657306315","611.2444804302883"
"345000","618.2823399918542","588.6060239214218","650.7667229522485","695.5926849867916","679.3008950342657","718.3847857957705","546.9568148043783","491.524043892161","591.2448529583169"
"347500","610.5870878091936","605.6099273591302","614.4634795696941","725.6291419288764","718.6622917256318","734.679925558716","530.0736911898401","494.9257563521154","562.0629714079666"
"350000","617.8466916076994","601.1892374412622","639.6848832671297","723.2793463856682","707.8948465844617","731.8798992676195","523.2991630209222","506.09008551174776","549.2305023544468"
"352500","592.2614561306779","542.4203795890323","617.926461207401","715.42914211355","700.9593196639792","729.0456990590319","511.36991957365535","456.6399655408226","589.5256903645117"
"355000","567.0935130243345","542.8646425375482","607.2145313431043","708.4069443955551","699.8790835047606","722.7345553767867","482.64764582297454","421.268168728007","572.0966457726201"
"357500","622.9282025836409","598.0287965507247","650.8572922163178","702.2036165633472","683.739044396719","734.7095491469838","480.35414171637194","379.28115671211856","553.35353680423"
"360000","618.8555166306672","582.7566434955457","656.361927314545","724.5947875008918","700.4547448610887","766.1823925962206","519.5532534879866","497.37559214215725","558.3174907501786"
"362500","595.9681515509106","567.1648470824584","614.6802340801339","723.7387484124552","708.0088167428505","732.6840007194784","499.7933259756149","428.4186978213955","586.0746570126852"
"365000","615.7060134434918","591.6944783572574","646.5639607165009","723.383815564999","718.6878882481018","728.0663181681186","516.2945955148044","473.32556834744753","581.0170766327064"
"367500","609.6656601867871","572.5296932070981","656.3355922965799","689.3574018625542","667.5883172908798","721.624299151497","529.9626024262049","468.29355725408533","582.6713163698092"
"370000","647.5557594273162","640.3464803846553","654.7899638646747","729.8462304223561","682.400351080019","756.2561063689878","561.8424809853392","528.5483294008766","603.122535635531"
"372500","612.1696830727936","559.9084300699644","645.9140678484924","714.3456303176781","695.5099739008583","732.2821674720384","510.8760807572941","457.65165618187746","550.430433428823"
"375000","603.3279970668334","519.5877130776644","682.7006472836249","712.9858511800257","703.445208848361","723.1069608355872","514.2613917668428","493.59385240804403","541.4861034731148"
"377500","609.7609299574823","588.5006787696387","623.1398410028312","735.8284458462149","721.9766811733134","749.3528785368428","575.551686147942","546.0044395719655","606.1911059631035"
"380000","656.1190199425288","625.7620775139891","692.6489426924381","705.0170576658098","689.0141085891053","729.1388470240869","554.5884702672173","509.35740883690306","608.2356884318637"
"382500","634.6109098881716","618.654089338379","645.9654876962304","746.1861059814227","710.2465187570081","776.7038306066767","577.957797614066","554.7389208370354","609.8124746492598"
"385000","657.6691849689776","633.2415192940738","687.5473588959314","720.2420157426814","704.6538023063913","750.8036132141948","594.9227046216605","557.0835770118516","644.4787584161386"
"387500","661.3466627571421","646.5271174626425","689.6761257169768","730.3576514284437","716.8922130114399","750.2753167246468","590.0249768396375","587.4836553778034","594.64876352516"
"390000","666.258961308732","657.6444878962357","677.9779290428385","728.5278088668671","709.0341356809251","761.0210392541252","576.6135990860639","561.4511650739703","586.4080345613183"
"392500","637.2099279849557","616.9334748645081","672.826668422483","725.1540604052601","722.0968147840351","729.2242927630898","568.0113299298022","557.8979069498134","574.3745519993361"
"395000","627.1569976888596","589.1454909536988","687.5983928488101","733.5553733264873","712.1750418250915","762.4100859305821","569.204502932347","495.544047257374","617.5706757167354"
"397500","660.5866095846363","630.5705496753566","701.3089043882676","722.4175444348406","709.3967353563755","740.1426832126454","529.2803422080276","521.734971690597","539.5052835701965"
"400000","628.7315078899653","608.0102873374941","648.3081856195815","724.8661048106384","703.1037361641414","759.2260315766558","549.5124291909625","499.6566147443373","584.3445324779954"
"402500","653.5341074197786","633.9861231126822","667.932739281794","723.8425340928449","691.1470317982137","745.7924255273771","582.325314800418","569.8474586634431","599.6024485221133"
"405000","666.373144757872","655.335828768881","674.3696248588618","711.3149183428847","696.5207383219152","722.4734998390544","576.3916764963574","563.0898363436572","586.2185535231605"
"407500","646.8379540246445","632.6567892440595","670.2307555634528","740.2089981966807","703.0080576462672","776.6135362516623","567.1868179951484","550.5459822311066","594.6078113661381"
"410000","644.7605378451059","616.4450066118268","665.1160796079785","711.8494932915705","702.0234683960676","725.6983039693907","558.6440071146858","530.4087085346691","610.6487526979763"
"412500","650.3356864975921","639.3203071227763","658.7483508238104","732.2944480619549","714.9522911692504","754.8385696284473","547.5279696463219","541.0642249084543","553.8071997486986"
"415000","636.8099409680813","631.7888264035806","645.3947193801403","746.5746420018531","742.3127581449692","750.0900186615996","553.9770706429069","527.6307959491853","590.2085199195659"
"417500","657.01625157448","637.1383308146148","681.943206546083","751.4236338475098","720.8598427332006","796.7764754658565","535.3402998686225","476.9694440186722","565.3832905668532"
"420000","670.7609579070704","640.1778561794432","698.9264179169666","726.7388198974542","705.8948943249882","750.8657962969504","593.907932018675","574.7867394266417","612.346567821689"
"422500","630.397585289382","601.956827928964","673.4460900800768","726.0144144967353","693.6448216740507","751.6772257381584","572.4028019671483","544.8752543395618","600.6241616440238"
"425000","643.9432837204155","614.7612026361982","684.3475954977796","735.4857571402332","733.2032910263166","739.2771448326996","597.4943541946666","565.0367276205914","626.9264385047834"
"427500","671.9690366856366","650.371221371321","690.8506248530233","718.1397035988513","716.564641836239","719.1525938591454","571.4919998961423","550.0301959536737","593.1531124316156"
"430000","656.7498462517202","639.8315241462551","673.4534065935062","742.9843486521316","724.1744382241043","758.2480403566267","617.0556635985772","609.5817272187676","631.5191144599114"
"432500","681.5778814260383","630.0008146046661","727.8047910115914","742.9618378174181","723.9656816893257","757.0035443664528","608.4148464102841","564.484992897138","661.2272640234326"
"435000","669.8804987005813","651.9099347291515","679.7121383919381","735.3470518030381","718.7797975568101","761.0017405780497","566.0384523944153","532.0898206929909","597.8870648500975"
"437500","658.07001958224","644.059610563377","678.3462993397377","732.4597414845445","695.4111456678249","771.0520445628092","559.0117761648803","541.0498051472939","585.614050282468"
"440000","665.055604116378","645.0591980251484","701.6301052799914","739.6153708215649","730.9954448640813","748.7999123683664","595.7523823984743","561.8431412114296","637.560648572445"
"442500","672.065445565929","637.9219398264773","719.6417790138163","750.6669496578552","713.512774907332","776.5758388152346","602.4263562991828","578.0414840178797","628.7461703398731"
"445000","665.9932898929497","625.8979787299875","696.0977034251206","716.7365299214998","694.6962970390916","738.9538822788047","574.847971972047","569.6725404245313","578.0400207262021"
"447500","680.9994533933467","669.6976849263534","702.2425006659236","748.3567812621905","729.9029442584142","763.9754492592998","576.1136930195149","530.6408969844226","610.9196159378159"
"450000","680.2049438308692","634.9863674624124","703.1320118941367","739.664602357025","713.8289409939665","782.9583274291363","570.2678427526495","534.8381041222252","604.110406271019"
"452500","637.3008397231655","611.5286052906886","668.16490815375","738.7797036307553","729.495227692835","746.4503054061904","582.4841284067214","528.5310170495883","622.2477593140677"
"455000","690.1488204066563","673.5314020423917","707.8185014246031","734.03134025371","690.2609646558296","760.8216970999725","597.3022483540157","572.6658260654425","636.1329756531399"
"457500","674.5320434235192","660.3395408606623","693.0379882173613","741.3496878991059","710.4658345343545","756.8850255766883","573.1451016035396","530.3397229560884","599.0133050294826"
"460000","686.6781420134084","662.0729921580757","702.6356283301022","747.5259472872596","714.0264443641994","768.9740489375778","578.9995296694959","534.5129866469651","622.1339894695208"
"462500","666.876414764075","643.8592908063904","693.8533681187546","756.7375485107614","703.3456506776623","802.4600597200915","605.2750450532263","573.993201346579","654.530540810083"
"465000","660.4405051575353","603.1969937812537","696.1787653003354","732.0049987350745","687.9768032810185","766.9367226628586","578.8789197241423","551.2279260608368","620.5732245410793"
"467500","672.0634923604782","650.3474111229182","686.4005920466501","735.5028835363842","724.1517778115813","753.590080448892","581.4432310781752","564.9438425676432","592.6216390383895"
"470000","664.1029498164231","613.3953831522725","721.2687769365497","763.2728940552876","735.4086004894227","797.5641607937403","572.6604985665608","527.9877691187663","595.8063365930226"
"472500","679.1996023507013","640.125094696274","703.2901019331999","740.4746279806519","738.3221537954639","744.4890438640025","598.7941857152075","551.4772532372502","641.2119007129688"
"475000","684.0270377681591","673.7383991943673","703.6932144127786","757.9829347089399","744.5032617875374","778.8307968802285","596.5562000470392","582.2012330442667","606.700764659606"
"477500","664.3540821297638","649.6127987436718","678.603178625973","749.1099396934733","725.6053759882692","787.173926043138","583.6106332173493","554.3904141115024","598.6726016422733"
"480000","685.8353270950262","670.0180518656038","715.472718503885","766.8654200801316","758.4729181674309","773.4024548544548","595.2692355204839","534.9724208009429","629.7092672974337"
"482500","674.8097588611146","645.5078936656937","711.8810387515929","779.4033983227176","774.1162467170507","789.0239969347604","569.969599867387","482.1732353228843","619.3097131227144"
"485000","683.8116855997592","670.6669408388436","705.7976862881333","772.9234985652224","748.574396046903","792.3915345168207","579.4488968731447","549.6354974731337","602.6495733895339"
"487500","641.2848125158654","583.7748198420741","671.4996173945722","760.6459874614452","754.2586252527311","765.1412134177983","577.4898598590866","520.484001565678","607.884831831092"
"490000","675.4787457417775","638.6487380257342","696.7737240507965","736.2658984782329","723.5357977977953","751.3983333946205","578.3949275962078","562.3884889826179","598.1236723107752"
"492500","695.4639414130089","651.9141987186391","720.1866298102774","647.0151789021523","444.2223075055517","781.7192786910571","578.1029054607264","527.7026102765928","604.6696554952301"
"495000","692.4466580806144","644.7595931648742","729.212553792959","748.7337523957403","738.5140999700874","758.3543409622274","602.5256581676969","576.8067357804393","620.8362123773899"
"497500","672.3212934671436","635.0834407378919","697.5441249626223","760.0325936919544","735.1857426291797","793.0691663305275","552.2153543655527","517.5097405923531","576.21777836252"
"500000","679.4482366123548","668.1786435625515","699.337150343135","736.7178636274999","712.4519671677612","757.8612010800047","586.2952676202016","563.5311820258852","608.2105773220304"
"502500","678.9026665180301","635.8792787812184","702.0843115000986","744.031402930695","717.4415069214999","773.9540676911827","598.854868400679","588.1657452269225","610.5495638354216"
"505000","712.6693959397497","699.7188189948909","719.7541482963134","736.5061267156931","719.0397879824043","754.6740320927463","595.0785365044217","571.2674168141559","630.5078710070578"
"507500","685.3955783286752","680.5034327635076","693.2356139788404","766.0891449323235","752.4389572776854","791.6580975990743","608.8120242340879","595.6743401715066","622.4977491137804"
"510000","704.7005924093614","677.3542501326417","732.9221968807745","766.7007999782372","733.036602711305","788.4349302400602","585.7472655230202","531.7125503781717","626.722693092376"
"512500","709.1183247602854","708.1993886753451","710.7862502644305","767.5784122236695","753.1759286886081","778.3107757338323","624.5644788373029","607.1679139152169","651.6410036575049"
"515000","675.9947273679621","657.9210646156687","691.4696908735671","763.289191793433","739.5162211333402","791.3700668709819","561.2828311299052","553.7535661025438","571.6310963442781"
"517500","671.5637923394719","650.496918258816","698.5020551812137","783.1111359522369","742.8169878514484","809.5300806830637","580.35223938243","495.04231023343743","625.5637508802581"
"520000","691.0806196649559","666.0365300552919","729.7960386303254","779.9634437366699","767.9201895790175","795.2088676664047","573.2842958468945","521.8741594504099","612.3674089687411"
"522500","726.5940451175596","707.5208211323246","764.5516162438319","780.1818565651774","762.173759363126","798.4733725404367","606.0088237882669","582.7514900050825","639.8587447167374"
"525000","682.0700509159515","649.5022826720029","704.1626375654712","766.8085545824839","740.1673021091149","795.917558410298","603.4636822782767","591.8410843261518","617.1948518180754"
"527500","676.0920552369518","652.8116830882616","701.5198456416838","771.3165385884155","760.6150298085995","779.89082557722","604.5649318809543","588.4130673487438","623.3867230928503"
"530000","714.971224043953","694.1798414502293","753.7014020113274","782.5369664884328","765.7918214441277","791.3282271450851","596.7806239029237","590.0289033552166","607.4547000092222"
"532500","705.5414007592946","683.7312750254757","744.397871452826","790.5843544251362","757.8953048543074","821.1267461937153","596.5169384513905","576.6175614390289","613.8351859284564"
"535000","707.4288364461157","655.6982611800079","736.7191324944608","780.8103495939945","761.6234165918082","797.3788959054276","618.3949921359385","607.9571699362248","632.7931783673121"
"537500","695.3587630148355","678.8103398511187","706.3345316652209","765.0268535793139","697.1312906816602","803.0924293362535","618.6080084746471","609.5789244343293","634.9080720921047"
"540000","683.6231064600715","675.6669802535325","695.3727023077663","763.2946487020857","748.7945401146542","771.6632498030551","600.7197085577219","589.1423411967232","607.0602162253577"
"542500","699.3745515188513","674.4327611615881","716.2085701845587","778.8230342285087","773.6692087982781","781.7072405985557","614.3654957784805","600.7839842720423","633.0254912938457"
"545000","699.408430201995","670.1439717277884","731.8721750814468","774.044238406606","747.2801239747554","807.4464787765406","567.2211536850548","493.4928760827053","607.7486994025763"
"547500","703.4707539007844","684.3927340989001","731.5651634133421","759.337076317907","693.8789366320241","794.6967658913694","602.9806314127519","558.3317094986327","629.3469191448763"
"550000","677.0773522308097","648.7430784747936","697.5159196800553","760.6756666987358","736.7761513339356","780.925221926067","574.6105859471253","521.218572959397","623.1124504569918"
"552500","695.5780980416652","689.4923103424022","702.2807788944804","778.9803065439842","753.8996507394128","806.9348230818287","592.6057634429386","551.8725950199645","643.0460482349154"
"555000","673.651042566076","643.2758882932831","728.2262065584306","775.3851535240033","766.4380819964223","788.1238319698256","611.2853879125944","593.9776247890666","628.7399072497617"
"557500","645.6872609705198","617.6510192297399","678.8593796293251","777.4491058306613","758.2942823308986","788.8281327735633","596.4144347181699","588.4049590614857","611.822260762332"
"560000","702.8195025098122","691.0715867599472","722.4571106171934","791.0094479943006","771.9440902207978","812.3758640293032","604.644997626155","575.5315235603135","639.2914289948997"
"562500","716.7467154180941","702.2983718838077","740.6672002291773","774.8038900077963","757.6578592767007","791.24412502544","573.7646191469394","514.5435483773472","636.9897744010435"
"565000","701.5372679103166","674.6143558064475","734.5123280174099","780.618075703162","765.4835280206055","806.3214150927961","610.5381214649028","565.8111932415516","650.5447505151387"
"567500","691.7858487039106","660.869577988144","708.204927420197","783.2084088687552","775.7585261351662","791.9775407742709","607.4327066792175","595.9559585247655","618.0827097952366"
"570000","693.9921182808931","664.5615433671512","709.0507808038499","782.5534325540842","774.2608955285511","795.68029874973","594.7572004903495","559.1281711692689","620.0766516292933"
"572500","696.5325802657443","662.8910356098786","718.0075871724636","790.2730433535453","778.8200889413245","797.1843874960207","618.8293735127585","543.9012102374807","676.9675883572548"
"575000","687.3083193100291","663.214559848397","718.7539956262335","767.1209494802015","749.5551283245907","793.3735459638294","616.7741283312284","566.9495226670988","663.154606420733"
"577500","707.3149957739282","687.7888380629477","720.131685512606","769.7652309265299","760.2975978494621","779.8595927866176","593.7483503696354","564.375390371168","625.7685749634868"
"580000","704.3841898734139","638.7786127501633","748.8635636123596","787.5900436087899","772.0280174787156","795.3908209336456","607.4913466041132","582.6084491500166","634.1272239520215"
"582500","700.3008066379776","656.2803858157247","741.5014780869708","772.7498527368375","746.6756551392842","793.2878594241105","590.947788990452","534.9255311895162","627.5237059769919"
"585000","715.8049169111687","698.7188087957911","744.0293690491468","790.6576349228699","781.0354746510275","803.4362653687829","584.8222023461946","539.9848386685364","608.5748965051491"
"587500","713.5059936543615","686.1888344814536","728.9775609056","777.161129352171","723.8621999538038","806.0652906646952","627.6310715436936","606.6302913716529","663.1118913086132"
"590000","698.0881233746574","685.3889073009602","723.3186465570004","777.4761328898061","767.3220764035359","796.561451456137","615.6024890517117","579.8699675596087","668.979340730235"
"592500","711.2477048297724","695.1660972932353","732.0889965228737","775.9257233026127","768.5273935768753","783.1042626761366","585.3452211078877","531.5381906768773","614.1621577704325"
"595000","717.7293811683079","690.9673829725944","746.209692543","788.49167629648","761.1953517599962","805.3540551317856","606.3443677269543","602.924954423029","610.2083094493486"
"597500","711.5745070245272","699.672875206545","733.3042921004351","785.2843726289769","767.8189175754785","797.5198439484462","602.4388194510325","572.980347782746","643.2197365162662"
"600000","701.2030172258305","667.1435856235214","727.3820118831936","783.971534711464","750.4077333076857","812.6143819394522","598.0021126580425","520.1590790781659","669.9996896396391"
"602500","728.5039644019445","695.0597862839699","759.8905824600021","790.1704907515708","755.1777869209648","816.0455510159023","606.3682496853638","567.6688970683142","657.8058200874832"
"605000","730.3976734142906","718.8372689467855","738.015234568296","782.0555397372073","766.612764932029","793.2112453804351","606.868055790492","595.4205833444837","629.1487328003161"
"607500","702.0383307944207","688.8516976462212","722.4438943941146","774.3908467940986","769.9967157512904","780.0069042791613","625.9806552946256","613.0397328260821","644.3407057889738"
"610000","702.3047147085423","653.4153603384736","744.3404955300502","787.6510719851591","763.2839289076626","806.0184269823134","623.3084130983178","583.4406320150941","672.8317897649482"
"612500","711.480143706873","677.4106176631991","742.447429021215","792.6468831570043","780.4398951243144","803.4245895941742","620.5676000247399","577.7101794943213","669.73331594388"
"615000","724.7467249969951","702.8788508852012","755.941505620163","779.3277456622105","767.6499992666766","787.8711020041723","599.7228535442069","566.7547815613449","622.2799193118233"
"617500","705.6380213493482","643.0550654369406","752.1000177606941","784.9694945350601","772.7081294158473","798.587838093564","624.3371060765659","599.7195918505546","649.5683867782354"
"620000","717.5318977741136","704.071481553372","737.6004504728131","794.8794284417992","784.9454057678813","807.1999962969683","622.754693720544","609.2518829019973","638.718798032403"
"622500","726.9760570496632","699.3113112758845","743.4797139691188","785.6506599641716","769.0548427101224","803.9847922669724","606.7424003576938","560.241986448993","651.183456106484"
"625000","701.3808743052028","677.6890077519696","738.3255038335453","809.8975453812551","803.3624393861508","818.4726404448971","618.3688812588031","585.7396576307249","639.2837632286828"
"627500","729.9196166257528","721.5672471005004","745.5904384911526","800.1065367209416","798.2016693424433","801.8197595420294","603.851517421659","573.1160328641533","632.313601398468"
"630000","718.0845826407507","686.2158718293998","743.4245034226217","808.9778191218462","802.2072874140925","812.6280141144059","611.6126592804368","579.8048248230014","636.54855229042"
"632500","738.9245853034469","718.9951080306433","772.8776838542428","791.6658294142379","776.3745135371573","812.9516929117963","589.3367473414013","578.5441130501218","600.32177250518"
"635000","734.422505281198","709.0684993751813","762.5247598259709","787.9874301142369","777.1809126368723","804.5987921534106","628.2138609555549","620.7848117753863","635.2600321201141"
"637500","714.8111525936362","686.9929069885518","737.4179708517622","799.52320685694","792.4956207256764","805.7188075951301","584.2981652884666","566.9323042594363","601.2402813425055"
"640000","719.0872724473244","701.4134983447614","742.6368321293033","756.0660549041194","719.8381179819349","793.5399086413439","606.4097544392881","585.7957428124267","636.4050905037438"
"642500","702.9427358005972","689.8290765781887","716.6442066618707","798.3902437683195","792.0877950552851","809.1167718139477","613.8677793960243","593.0378623147029","648.7980820988305"
"645000","702.6046606792524","643.1611004747683","740.8935140557587","806.5788735485326","802.2484523944556","809.3115301218816","628.7734486735891","601.9586083704605","645.2268095999956"
"647500","716.2063404241577","694.7778637597337","730.9288087093271","786.9498859587435","774.2477786489762","802.6746306657791","642.5723639196328","639.0893714845181","647.7478277772898"
"650000","718.8943837131839","706.0863124513999","743.087312758714","788.2218803321089","772.6330509331077","800.335081270989","600.4877715426187","581.1501094047911","615.696143692499"
"652500","732.2619020106582","699.8285025700927","753.1169837504625","802.6287077115538","797.5153644262813","809.362184256874","607.117085214355","582.4189352999674","626.3498509164434"
"655000","744.6422516470308","732.5448698723224","756.6111255927011","799.9729293915985","791.009388031438","817.2427004328463","609.6209950168462","582.330309967883","636.1627272821963"
"657500","723.9245366125988","702.5292012655176","740.1689975950867","809.8852216776771","796.9897528202273","817.4411215998232","629.8493325623141","625.2619006101042","637.8501130310353"
"660000","695.7452276458653","674.7585174563341","734.2211856178474","776.9914458979853","769.6558817282319","786.6925111534074","571.9201927216103","553.5798429432791","593.7956629906315"
"662500","719.0929480738317","693.3958210194018","737.3009691737592","796.0391482174086","794.7516342157498","796.7631574637256","618.7867559299649","581.9672321306541","689.5147104088217"
"665000","730.7705097880215","720.3681746991817","741.2274063765071","795.2190482975915","781.6432662544772","809.4217673192732","615.6423248376619","605.5317226674408","629.1350253080949"
"667500","726.8410902518857","695.8118927935138","742.4467759419698","790.8544058158373","786.0893458825536","795.5521969483234","617.7195600853768","593.0876545571257","650.0019964466803"
"670000","721.263623802069","697.2401423070114","749.4584691033699","800.7402671231577","793.80339493528","808.209794710949","622.1148770372306","595.3438938420732","638.3685933439759"
"672500","726.7266021663633","695.0261777219363","743.9015965865459","795.0429929952447","779.1877231001854","805.1172157808207","621.907840313126","584.5735353319906","646.0367947351654"
"675000","732.9714633463494","723.8167635152349","748.3247012592386","792.5943184551628","784.2594822163228","804.3473139683716","627.6307858485418","626.2655206135474","630.1874030509032"
"677500","721.2848867789843","698.8733007354197","747.125776762655","783.8061814156205","742.9449099122546","805.1018173746764","627.8080761799589","608.3892195427325","648.4546270877123"
"680000","735.4039506100971","733.077649450954","737.7792923030211","784.8402822995171","766.1326094800606","817.5210455092601","615.0353939747283","550.144879165804","654.9205721098464"
"682500","730.8986548210493","696.6152270349673","754.2597803659737","783.8142675014057","751.4913910987322","809.5684219928459","635.2338366022644","599.0137509484775","695.0799801834394"
"685000","741.0265209703397","727.413039510604","762.5533232351299","795.2443183283322","779.3852029327303","810.2189098396339","595.8903675540815","556.9739270229359","642.505021991441"
"687500","725.8717830714692","718.2554998572217","736.2937223583925","798.3394543085557","781.5760390172712","814.3880006631837","616.3901054814224","576.1484619949945","637.4562303031096"
"690000","747.7370837370399","735.2904424266424","766.3236136336811","790.5389511501571","777.1291715375613","812.859623270575","607.0280021316681","566.8947727328632","650.7141947542783"
"692500","738.1283997491778","716.5230545526836","765.72872489281","803.7418085954463","783.7184346951544","814.0707907220349","607.3613905222621","598.0298141409178","617.4420869066846"
"695000","721.2501647499234","695.002748579951","735.9534812841564","770.8503639570437","751.378584460821","801.1730430223979","606.1409968525793","597.3557972631418","622.1107888957952"
"697500","718.1047674263673","696.5946074270178","756.0454912547954","802.0214991925905","793.0215094882063","815.0939217665233","613.9860028165548","584.862482187571","648.0410903125536"
"700000","722.6117338991103","692.095832962729","752.5475387671962","809.5322526209367","795.4094534073025","825.2556975656189","641.858525227864","618.1714889668859","654.9912707040087"
"702500","729.628636015843","720.0421441178769","735.5053165271878","785.9619082803993","752.7497966495808","814.0462310362607","617.3153567134635","608.5434931365074","631.0363753539044"
"705000","716.748709282015","673.3101198907941","738.6976434727665","807.1496327142231","787.5227048659697","826.8100154840388","617.7360761900976","594.2837221733295","637.5359966730233"
"707500","715.514842120139","703.6068706611171","733.0088100707159","786.79941194579","760.2237594541162","817.939884857554","598.2130639157491","562.7850263746456","656.5212546893163"
"710000","721.3554202141395","704.1893987580203","734.868954281276","801.0913107137662","768.5403906422201","824.644600553345","587.6784082066423","541.5674505261238","635.2055895156693"
"712500","726.2593530395611","698.2039173876401","741.5910250604153","790.3989695359331","774.5308071169071","798.6596398457884","612.5373814643438","599.7535277305636","621.5953254064777"
"715000","733.7031087684135","709.0948508725036","752.113573716348","773.0180477168877","715.974434363097","812.6463947603945","650.3911422597166","588.0409643494525","693.1367328185355"
"717500","728.0620522316391","725.9052094778046","731.1730871685315","802.0392514620286","791.1813005078584","808.4449996436015","625.0334105084495","593.9600710648344","647.8628248909256"
"720000","731.6080052895626","705.2930537625216","771.7994083526079","798.4512327465694","778.6406272479333","814.6067494471557","608.4018086851808","559.6954118177061","664.0806825655512"
"722500","720.5764365242949","709.362476267945","742.4463417338208","782.8846590122363","728.7781744508538","817.4497482806444","616.6612462915867","609.7227975997142","623.9766107959906"
"725000","722.2337713257253","703.0455615020358","751.3281810235233","809.429543666169","799.2181790645234","824.2083548735827","602.642932518564","561.6948066777783","632.4127743177116"
"727500","747.6118471203372","732.0988415373489","757.432736360468","803.4544183121064","789.8960378213785","826.565546933841","627.5582181423903","590.6367621990852","667.0237393517513"
"730000","720.8194914387383","702.751304570958","744.2281516992487","794.4436164325567","781.4083457409404","817.0278978499118","616.6375758131035","575.6659942615312","643.0169505612924"
"732500","737.3491256486159","720.945564459404","745.9325356137008","783.2954314383678","762.025870353356","796.3880633340217","602.178859851913","578.9567179198842","618.8704680849332"
"735000","743.9881332898823","733.0360368749127","751.05582886911","814.9105086205836","807.5135187230073","818.8813617668114","627.1477506932647","614.134075416252","646.2735302957241"
"737500","749.8441328061899","742.2648620699532","754.9166526923422","795.3697170826296","766.8899380402639","818.0211343098432","633.5233652364308","590.8776620292105","664.4836123357061"
"740000","733.5928875083879","724.6171342214104","742.6876949414145","751.5161571936993","654.1219623593613","806.8106363195926","609.5431685697521","595.84265984511","634.3234985041199"
"742500","749.7128024874797","746.5426448881626","753.0080180701334","796.5630946232005","779.1127441936172","807.1008389793802","632.9712970586261","623.762588776229","645.0131830229191"
"745000","735.786648266747","724.5633395473939","747.2745874683839","795.9431677805882","759.6648278566078","824.077982106246","619.0213184365847","569.6784991262481","673.8264953620732"
"747500","748.819891745442","722.0888434794731","762.3469220153056","806.6833287695423","781.6324232006446","819.6406659119763","639.4474565096742","604.5364461647812","681.072452360019"
"750000","750.5742573954476","735.9468812735286","769.5495149822906","789.2154486211481","751.2478193894028","811.6400102067273","636.4040149523256","600.1380922125187","660.3034251652658"
"752500","750.8062931012363","724.8168192278594","766.8330012954772","815.3502004536955","805.5316253245343","822.8887200535275","633.885157654481","630.9991113988683","636.7712039100937"
"755000","733.9070002653016","717.7551943178289","763.4331960423849","811.1217270408137","796.0394623453728","830.0925448855385","617.7580565889366","612.2670413736254","623.2490718042478"
"757500","729.0476797966597","702.7743120408617","764.7356105490587","684.0694096269241","409.9846675693523","827.7235426048749","622.7852958078031","609.1384627091699","636.4321289064362"
"760000","742.6030369999975","724.3612745498307","752.7089560032357","679.861408636005","408.9446384567767","821.9577607853338","618.4211747732712","614.5019373456016","622.3404122009408"
"762500","728.646857131715","725.4265002483968","731.8672140150331","800.130642160525","790.539581266325","812.1042816652916","611.0668930662563","598.368610486947","623.7651756455656"
"765000","749.0036915356759","746.2130289341324","751.7943541372194","793.7805647830945","771.4093752474058","805.9457422607578","624.2431432574754","602.6564116128254","645.8298749021254"
"767500","715.4458103904501","701.0245632479898","729.8670575329103","804.8745891382684","785.9968963259831","823.7522819505539","636.3730381537578","633.9894551553531","638.7566211521626"
"770000","731.7643913479521","727.0546169669367","736.4741657289676","781.1365725847427","779.406007742323","782.8671374271623","659.2856327227316","654.5595787240193","664.0116867214441"
"772500","767.5069230136462","767.5069230136462","767.5069230136462","811.12678293013","805.6070230977609","816.6465427624993","644.8235189508414","635.1610704274848","654.485967474198"
"775000","745.8031698117964","745.8031698117964","745.8031698117964","805.6821638945955","798.3233326137066","813.0409951754846","605.0182095625903","595.7238304063678","614.3125887188129"
"777500","753.785334031377","753.785334031377","753.785334031377","803.4706728038377","801.4418550577946","805.499490549881","655.1886893412563","648.9959611042402","661.3814175782725"
"780000","745.5727295942604","745.5727295942604","745.5727295942604","800.7609807746601","797.673359112395","803.8486024369253","647.8756419093115","625.546478918707","670.2048048999161"
"782500","774.8455069050658","774.8455069050658","774.8455069050658","797.0539792536408","785.0492161183386","809.0587423889432","642.7011854394107","607.7276283954736","677.6747424833477"
"785000","727.4347110151779","727.4347110151779","727.4347110151779","799.3688975441037","796.0525631717406","802.6852319164667","660.7332897979766","645.697546838224","675.7690327577293"
"787500","723.6940130546224","723.6940130546224","723.6940130546224","798.5601139113774","794.1380087549799","802.9822190677747","648.1471832155598","612.9691656544804","683.3252007766393"
"790000","772.1853641738184","772.1853641738184","772.1853641738184","810.7782649953383","810.1765838117338","811.3799461789429","660.9423344842857","645.5932860790751","676.2913828894962"
"792500","750.9361701868474","750.9361701868474","750.9361701868474","815.8988396195695","815.8988396195695","815.8988396195695","629.5875793471466","629.5875793471466","629.5875793471466"
"795000","768.3564201848582","768.3564201848582","768.3564201848582","819.9136842481792","819.9136842481792","819.9136842481792","","",""
"797500","769.2969983956776","769.2969983956776","769.2969983956776","","","","","",""
"800000","711.57242795052","711.57242795052","711.57242795052","","","","","",""
"802500","721.4714999334886","721.4714999334886","721.4714999334886","","","","","",""