"Step","supervised_model_dir: /storage/home/hcoda1/6/vgiridhar6/FoWM-vanilla/wmlab/logs/cartpole-swingup/13/default/models/250000.pt - pretrain/episode_reward","supervised_model_dir: /storage/home/hcoda1/6/vgiridhar6/FoWM-vanilla/wmlab/logs/cartpole-swingup/13/default/models/250000.pt - pretrain/episode_reward__MIN","supervised_model_dir: /storage/home/hcoda1/6/vgiridhar6/FoWM-vanilla/wmlab/logs/cartpole-swingup/13/default/models/250000.pt - pretrain/episode_reward__MAX","supervised_model_dir: /storage/home/hcoda1/6/vgiridhar6/FoWM-vanilla/wmlab/logs/cartpole-swingup/13/default/models/100000.pt - pretrain/episode_reward","supervised_model_dir: /storage/home/hcoda1/6/vgiridhar6/FoWM-vanilla/wmlab/logs/cartpole-swingup/13/default/models/100000.pt - pretrain/episode_reward__MIN","supervised_model_dir: /storage/home/hcoda1/6/vgiridhar6/FoWM-vanilla/wmlab/logs/cartpole-swingup/13/default/models/100000.pt - pretrain/episode_reward__MAX","supervised_model_dir: /storage/home/hcoda1/6/vgiridhar6/FoWM-vanilla/wmlab/logs/cartpole-swingup/13/default/models/50000.pt - pretrain/episode_reward","supervised_model_dir: /storage/home/hcoda1/6/vgiridhar6/FoWM-vanilla/wmlab/logs/cartpole-swingup/13/default/models/50000.pt - pretrain/episode_reward__MIN","supervised_model_dir: /storage/home/hcoda1/6/vgiridhar6/FoWM-vanilla/wmlab/logs/cartpole-swingup/13/default/models/50000.pt - pretrain/episode_reward__MAX"
"0","81.4709323064199","7.765294048206156","202.69328381908375","107.00297932008435","4.0436677872592615","221.87821369904964","61.22829073122443","16.17052813036806","88.42625292632428"
"2500","102.9638667791849","76.28784352964165","116.52709623645566","137.3319520941283","77.36580642174843","198.08983086389264","180.94002731646563","136.18231113160883","243.9735243799612"
"5000","119.20981067191347","90.77897625672271","141.5995002330345","90.01891248272585","46.92159918365192","127.65881829193071","57.081682115678035","41.837530167039766","68.91589519326331"
"7500","11.030363649800305","0.17213297385152806","31.789328223921153","3.8104128861557505","0.24355083788862752","6.481679634736582","14.843006930923274","2.044718100111777","35.13252217204754"
"10000","4.659953786629615","0.6476621479250129","8.813181288431583","25.7097903620777","3.8240010984221278","48.607915996426456","31.829342413087385","19.525692705434004","51.26283372208045"
"12500","73.88386117003228","34.408607769267576","149.4896124601976","77.17777311578514","5.9168985561150595","182.3775684099182","23.95381092586533","13.832466743846016","41.330677842190724"
"15000","194.9274836330478","158.5404930012755","243.4643902203481","171.92292104607213","5.496530271288881","255.71070849005386","103.684875529929","11.54122851141069","159.56567989491188"
"17500","113.14286288454889","45.020838220178874","227.21693627480346","95.59058505627776","17.726798093624218","134.70554116868203","88.50942915477005","40.858207444718026","163.98454658430697"
"20000","175.95092219286423","111.8858655329899","237.09257765634734","162.78542393055181","152.2286899561327","183.50521309550908","98.34088550656348","9.148701046200255","155.81137779962108"
"22500","163.6869783271384","105.51536198357947","217.24059969182403","143.71027843540847","131.4476990068395","161.96568628509996","128.9834608737015","74.11349355248431","200.82649245273223"
"25000","141.1565045458303","39.260179821646275","202.982904141324","125.22437870433755","67.72810413429029","176.3487745162882","82.73444383465524","8.998122381771486","190.49129370030738"
"27500","447.58429665736804","140.86710091436862","735.2919798426423","61.56068343412907","9.268829743172954","133.33951578560945","64.43212840218636","3.878833844245764","183.13915461896886"
"30000","252.72048217301844","30.356349115629325","365.6109082444212","135.0827969754565","134.09542975898142","136.95780412569775","120.69477084357459","4.4966450344403714","226.9602022826868"
"32500","246.69289486338675","48.53935984855168","486.31730511095805","258.77759497309665","135.6834455219214","482.9688480241149","172.62166796289475","8.153714112512114","355.95003454006047"
"35000","223.58262599894374","163.2524270325532","325.5566037185984","127.3918430611016","14.55053750365525","207.23403358458148","120.0397716844235","7.470644621724745","286.8608426022323"
"37500","307.9343278670393","235.1001313214925","384.7967520861955","153.20619872665785","124.63123906174997","183.19394633369674","125.01346666585296","83.45325600785102","153.8998329567449"
"40000","358.00882506945555","169.50074921593833","566.278199553608","421.30947722049046","129.98375360514265","805.5127728794699","119.93791061172932","61.755531183228165","172.18530596718654"
"42500","310.22233229206216","195.64684156575575","489.1199099690108","181.69891582272408","140.9273849081672","246.6953758660771","178.14974166186562","142.42178987282395","245.1074121568593"
"45000","520.9313038288786","198.17860663110616","815.0697313985256","474.7065840182545","132.69857753334787","830.0085958501355","177.30896354184446","129.1564655235767","216.48809930303804"
"47500","360.8403341814294","134.66494341846933","789.5771940648563","359.3796152141992","131.41035247339045","806.75674562063","193.56826874366274","146.38189336936958","287.5236568501813"
"50000","570.6717237495808","419.2171291283438","724.3438598919774","552.4026665092971","145.3235781950936","834.456557214419","160.03986452592298","118.78094723647351","216.36236704437974"
"52500","387.533249461319","110.81994786972595","687.8164894794828","212.25192182210762","132.06969087862873","336.72100822088476","154.6023198316109","57.18321948418128","267.29103415392666"
"55000","674.0423694765135","611.8068257144671","724.6546966339334","359.743725614236","133.794838256157","809.4024902024593","297.061650868385","167.17434668993369","478.4933669291392"
"57500","400.12879980109557","129.35921196883555","546.5134481676075","356.9205168289014","135.84653261028694","780.477324414973","181.24271670450898","121.6992012438786","232.45718614553238"
"60000","376.8526210202154","162.0772614122361","552.8759147148681","360.0307849401167","133.27785650287245","777.0370074288751","360.4061581961269","319.2440006864892","429.9269760847677"
"62500","446.6259898254261","225.88523240409253","685.689085891465","304.5581411849953","138.9040140379901","625.7081683326362","397.8236838810482","226.1209524076547","703.416880331414"
"65000","539.6794688172716","271.65273016528204","771.6746058527717","487.2497811386972","128.01618235634","804.2975865186378","422.65640652164416","209.49805034318996","773.6376626350442"
"67500","583.7490451770651","271.40529790530957","751.1129123813237","333.31621104724144","140.06497325547065","606.6117461287794","317.9427291734951","269.6822038448488","364.21347962102016"
"70000","539.73923925286","335.88171128453666","769.2943900054748","462.2596803910581","143.18364433616972","776.2912793210897","299.17737478902546","236.34496855434546","332.49634025207973"
"72500","697.2254927837694","607.1175088036896","806.0265522561967","552.0246798769284","149.12308173575872","816.6480106046832","208.51409174994174","131.75301539041797","260.3169307453002"
"75000","464.9926053327135","278.547595518231","797.3416971800917","537.8589880715438","164.85148467374015","815.5182725962651","381.1230084013807","127.89196530396536","649.227828378482"
"77500","566.0830058827847","296.27036262295604","808.7697030005642","790.6574073435904","677.4035260980403","877.0167976078744","340.62544456155547","104.40869233997242","584.7305090642946"
"80000","614.7295850638325","532.9995592003839","676.0413622738611","761.6809590187195","651.1794008096554","853.9637418404096","427.63492119331363","87.95681483974595","712.2595036626462"
"82500","570.0603695230183","394.62722477846853","684.7598451283759","458.14886877460305","160.12657041049306","873.7277637490585","220.59363696695868","102.19377596590411","412.6945323884521"
"85000","692.6952595811887","644.9717302976969","774.9470274955796","764.0860641871986","620.5810669178065","873.254572233126","143.3934920350887","139.7419156099913","149.7154243203392"
"87500","579.185760846604","250.94442831071828","768.2184802030619","703.0798276274539","457.01575653867803","863.0893443681983","420.1438706473784","149.8248271319326","780.0886117142022"
"90000","368.8314829300384","153.47909721805985","556.5201190119069","727.2914771526521","531.6489453554768","872.1482092420359","441.99012329712633","124.20458859569229","678.2742417179219"
"92500","454.01378824699805","192.73021855426117","662.5460792642513","536.5685011690772","182.55014607412372","780.1539103218178","494.20940632769356","355.66152384557745","722.853773685493"
"95000","563.5295630425347","266.10675113650495","791.7791816522716","759.6111501637282","715.942679997113","843.3175602903491","347.16260246858275","151.0287652211843","520.3761906560823"
"97500","735.553336019327","694.2764597422869","789.2127404918435","410.48447512202915","152.6428818415267","813.622615921221","383.7190017974958","187.3917397770646","531.3693151937326"
"100000","452.44823666546307","222.587154433042","693.109646641646","716.5325586656364","626.799332354992","814.2555215677876","227.6721190463004","124.03598341528293","371.2967340715786"
"102500","645.6834002211757","481.14822405402253","759.4485489664035","770.8669939081634","694.2863016240505","871.7482713533873","209.173520795607","144.08871864170214","310.09542825075175"
"105000","603.0079822103365","304.6169279503568","843.7337205103411","717.4648340458389","489.2194454398347","873.7270906765128","298.1262530827323","140.58219448925507","548.0633046718664"
"107500","537.3988431023448","287.42849727796346","695.3824666415003","665.4784766916215","570.4446819194425","790.5053559157866","546.2997557821351","130.12492405699246","781.5823082778106"
"110000","509.3934961920357","226.1771880413183","689.612525870815","413.52534724559933","192.02513518477895","632.5234074954761","233.0042853567734","148.37309346342354","371.5583380955476"
"112500","549.2837100664657","353.057435159571","696.5000532478709","712.0381195297708","467.05281888440584","872.5409165047928","696.033062788233","598.8990829593083","789.4703591800317"
"115000","606.0495372537972","464.3552492814518","687.0720911294723","836.1709479744135","801.2739916916762","873.2869166563851","352.24663963387803","225.80166964038455","432.1248603668675"
"117500","732.7150120229603","693.1623932144587","802.8273398454204","446.9309559008148","132.47986047236859","780.3154884012595","316.1540291612056","215.5520682175801","385.7940880916286"
"120000","648.39142326606","512.2403396731719","791.8145149026539","728.3109337900223","502.7514908804681","873.0832629322689","482.83256622590505","223.35304189087574","806.4762311368937"
"122500","586.3689971388021","381.8119222394924","717.0702859186679","400.997723291898","130.16837408836267","706.433646716706","533.841100263232","422.1312937088991","739.3492341544479"
"125000","537.7706868814145","317.3273933519096","666.9309636096237","745.6396699008264","575.1114557600918","875.3000007308361","339.2152934132907","159.43082806758468","443.9089353431579"
"127500","582.3507344729891","426.35386206425846","665.939569350435","751.5073274795163","571.5307225413911","871.5919707851592","393.04463695754475","338.0546305329082","420.75518901121416"
"130000","665.3590603211636","562.5507405934916","752.8628433937931","634.8274693458624","315.62658327438095","794.9570056377325","787.8886624795992","685.454777830236","873.8706260429102"
"132500","618.2478652741721","403.3630678285473","768.9669060596774","643.1085049321737","219.19794323878122","877.8044148761637","488.0443395915645","224.60250212321276","769.8457176106078"
"135000","749.2045152810264","639.0010851678047","877.3732818071078","820.0848429120557","735.6186624063905","869.4067718799317","602.4275566973374","443.79147841155066","811.2219474194632"
"137500","539.9642655622629","394.44000071559356","634.4335013546495","669.2921673944194","410.4999922720611","867.9038034111102","480.26002493480536","288.88024743835706","796.5703125684892"
"140000","762.0724850077381","637.8967727148986","877.5716724558639","791.4066384965927","651.2613036198404","882.6567265914003","661.3052305386176","495.25625738145163","754.6794624247963"
"142500","577.012597981814","432.0657021683743","666.7598261161871","847.9797964912774","830.5846029258671","866.5554710712179","808.2743946134302","677.3821733455798","877.689813588185"
"145000","740.6556601755905","675.5668466682887","820.7624596036949","851.0667237896641","829.4667045161934","866.7624566062289","658.7455156181326","341.7355633526055","854.5589733542754"
"147500","786.2310867047676","665.3779535782253","865.1612088134501","759.1264199679958","543.6171888931636","871.8020742858356","794.1579965406412","718.4661146807852","879.4197363054607"
"150000","775.5973723482366","631.4502523632884","876.0706056019142","849.6021564328961","793.8398496875716","877.645305853237","817.4823881106872","716.1113245614335","879.4710380616498"
"152500","829.0439129289349","781.5191682954608","877.6625113192979","822.7594864272105","801.7884626394946","853.0416886878859","779.445851988234","600.6517012466529","872.9936214084403"
"155000","797.4979244360323","695.378161089259","863.0296457561839","805.5206692652441","776.8296710686534","846.1341315954629","832.5254391533845","781.2342683625026","881.0534420067991"
"157500","772.9088836088569","697.2949069802705","813.0129876198811","828.2506249886552","801.0738825550263","881.4739925647873","754.1979441877066","695.9872324977835","850.4704600382016"
"160000","776.8332566446588","758.5078407641168","801.0492995897605","804.4833861485085","802.5165562916006","807.7789377427866","814.607667136586","766.8452036994759","864.4247692248837"
"162500","789.892076698577","707.7882610487386","879.545651155037","802.298718876876","793.7028757095137","809.1229781829087","865.7809111171042","856.7246145767419","871.8068159649371"
"165000","784.448590542977","716.3974739271926","870.605710088875","845.3842822720079","808.426951535415","866.1821482214967","677.4754010588578","438.8905756764576","857.479892476985"
"167500","670.6091656634011","491.8735773669021","872.7872460498074","865.9582947758173","856.6700276988613","877.0307008564417","776.1851229658045","638.8321462221635","859.858457070053"
"170000","856.6010787254767","836.3433581558123","879.6318497428689","817.166235893629","708.0968722137972","880.0722861348893","613.7479300174828","290.60869434698714","867.0515208893096"
"172500","723.961849506583","548.14870241721","874.9235404502544","827.9525340620307","796.2290064078152","875.0939673283707","690.2257429338812","558.5315098267014","870.1610501280236"
"175000","831.1698959819729","767.3990271331772","871.6825057295043","840.7249438083896","812.0244890789455","860.4417149416392","689.669168061418","671.9035475424391","715.9759169750433"
"177500","716.4486867246706","492.977337017487","878.3088912932772","791.598471179033","650.2646172506079","873.4974464269466","737.2449310130045","657.8335529841231","861.5444349487376"
"180000","727.722349515678","604.6657293747882","877.7779740363906","835.9823295380969","814.6343425599349","872.486045865094","644.5250162699384","471.9678987020596","776.8373453524879"
"182500","706.9441506387251","485.8860497119191","878.1716158536707","841.8400191025372","796.9808204799585","868.3331086507982","790.7472482517578","740.4502642168029","870.3462971583824"
"185000","805.4184008025292","756.3377266935752","874.5891089429963","843.5706488783744","785.5412764404422","876.0726181356506","849.2746166123252","803.9255671341497","874.7590130224637"
"187500","702.4155184361033","659.7348353825931","760.1072838756947","846.2073988594249","796.2205555281975","872.1647788074521","846.1744521171177","803.5032039363821","878.1966534345138"
"190000","811.9037623978178","772.0309484377788","841.9080323050414","862.6509677613639","851.4834899160236","872.1159221248636","845.5001153782729","799.7105416838355","868.8386893230727"
"192500","832.7743205697337","802.5387712262684","849.9178057771253","700.2764183041037","362.553132655364","876.5743552324484","807.7040267415941","754.6288862768869","864.1693790195125"
"195000","853.8097435523741","835.9348937508739","865.977520482845","845.8800572630684","804.1221152769169","872.242908380664","846.9334002846639","800.0858168372426","877.056479087342"
"197500","766.1180764886227","698.1115642709535","863.4990119988779","862.9998722827777","855.6705296655149","877.180347996434","853.151260200409","806.3108846282357","877.3745391634562"
"200000","771.7698441566178","701.9032205046726","862.7387203383707","847.5472365974086","802.7158681838994","880.5177583306655","768.4884559838029","673.3970609963447","853.3640339065917"
"202500","782.9943990637272","697.9706213351604","864.6545892012844","873.485340934675","865.9194724412461","880.5013561371246","781.0052367914935","668.8754415202061","871.0692699067946"
"205000","813.7787321862628","782.820165140173","862.4476177066215","875.6295506402639","866.1941130289837","880.6024337701458","803.5886957369486","742.229864632926","864.1141048710291"
"207500","864.7639344093772","859.4518606448486","871.8355181873615","870.4393600968274","851.5103537650942","880.5578076950154","826.7087921049388","780.9221912390312","850.4078300622756"
"210000","842.9671916737103","789.9814905344638","873.115727384375","866.7491723065838","859.765598551168","873.3265511231766","747.0766112188127","507.9353680975428","877.9805069922592"
"212500","802.3682049850162","687.4422342231863","870.2489607147356","872.2669884206692","863.3932340032436","881.963744726746","829.800764009307","798.5690051284105","864.0488002577982"
"215000","771.9338543317905","660.0927705610541","866.7025173459591","852.1842391801041","804.1679631951943","880.3469171335962","834.486827283606","762.7616406758427","879.7833492546379"
"217500","819.9265830177233","786.326956541349","865.3319501961172","874.0504760970704","866.3281216651787","881.2525629313062","826.5378180196562","747.2895300635706","871.1604265416903"
"220000","811.6728377301597","771.6147781685497","863.6608587678089","865.5591290546623","838.8703001094597","880.1238964231064","816.3470956757595","786.9554704124729","864.4027319550858"
"222500","822.9029151084591","768.742132089223","872.6299010506697","872.3513112735518","868.1681943025969","877.5009228631465","828.2656618636644","769.9385588243393","868.0450625689333"
"225000","779.0339396475639","648.0559887595463","856.4084201030288","856.0265203187664","808.0517812727627","880.8799431922414","827.5929303154866","767.462257642688","878.7368571928977"
"227500","828.3356720510274","772.0873921266068","874.0511560287981","873.3052563017228","866.0578010300367","879.058233114037","871.8632984463948","863.6218882177324","881.3025067662347"
"230000","835.0907968956072","780.5800321663718","871.1747558469527","849.0988070280378","785.7382044418562","881.995661370553","841.0536170502592","790.8034573749004","877.4586027226165"
"232500","853.3342439384047","824.0823312211047","871.1731583023393","878.9441294510971","875.9186925452268","882.9605226895889","795.9479904149301","731.2038856119065","872.3575439607645"
"235000","824.4341361266057","788.1850673862284","856.3517150936692","855.6183564739113","822.1383179470992","880.6126095883619","872.7545227160872","867.6101514175667","878.2471007055449"
"237500","808.0986352772983","770.6988660345353","871.2460693296601","837.9195865180942","800.4540062571925","879.3235541667764","822.1401772836572","786.2067575728975","878.1766294137357"
"240000","833.5772410659639","816.8516853573101","861.7834958172709","845.6542780043552","801.8619089899703","871.621922457782","827.3763274566167","780.6031194422924","870.9404350479972"
"242500","813.7302182304958","762.740638007941","866.0595113326272","851.1459861511072","802.5971895052905","879.5592295147142","622.8758758671324","406.0603599992069","780.6401164794245"
"245000","827.5164625059979","767.2128839399189","866.6861842747223","863.7709915027968","832.0959636807323","882.4010342458978","788.0964766993608","745.5716105105547","827.1545556351364"
"247500","821.5755777239033","777.5300084665475","845.0613213780449","849.8597092128261","809.6687834745351","876.4061191284281","732.1577003521438","536.3466469470658","873.7928917922515"
"250000","742.6510796453531","662.8429642979142","789.2884201618447","839.428048687732","802.6817621018324","873.6356258685425","801.5111908219654","730.5340592035252","877.3329023921633"
"252500","796.6514242952204","775.5339346650233","836.0485031527867","853.9450485652966","841.3668251274515","874.4033984032721","849.3014027621994","803.0982302787086","875.6485994785613"
"255000","803.0791337570851","775.9327720479234","832.6319187728775","848.4705561909124","794.6983019180914","879.5887609118556","693.9003375764693","513.5811844503703","786.5969248230537"
"257500","785.976289261459","723.4508585825191","843.6919600152378","854.1310824836504","809.9844639572602","877.9998214220525","706.9704174768998","464.9026323257546","878.6615983399963"
"260000","835.6612755177802","815.7370416476931","847.8093077853046","873.0025293092591","856.995581720297","882.9151561806282","763.8278929940642","686.1240269130677","825.897205758975"
"262500","832.3363709821234","802.5252524132878","863.0218879940048","876.7948638960279","872.5792082304973","881.6128963101282","811.7681782563322","695.8233148239152","872.4945983993712"
"265000","854.6228352850895","833.0335038017067","874.4922381903576","878.1801665244789","874.9797126331332","882.7019536012834","831.6912812148174","799.2144162991223","849.070849948918"
"267500","847.1150548868264","830.6886195190257","875.2154166373678","853.3858008202595","799.9367287267428","882.4261549339469","846.5063736877551","799.960206343943","874.492375392231"
"270000","787.8992711584636","784.616322439056","790.9795153450425","858.257058071296","818.9857858387671","879.8277885299964","783.5148903045198","672.8957751108926","876.1233643526845"
"272500","747.3627041744345","644.3549714499701","805.7555183483626","880.1573432560868","879.1813400432371","881.7436091786337","850.3177006323139","825.8468165513075","872.1491320331246"
"275000","779.5314554898672","700.3733901740395","843.2936313589905","880.4770533245506","877.6673521969436","882.9647021852245","804.9748403207576","746.3048681847091","865.7782689680309"
"277500","831.2653915107297","762.8928541408989","878.2209293762793","854.8129491690079","802.7212035869832","881.887173299939","782.4072063834137","713.5939213633671","840.3207673429202"
"280000","834.1734239205156","767.5702662473952","878.8053695021023","876.2225078973324","876.0270429141945","876.3952627805226","839.6767715011293","800.4077153360537","874.4723040331746"
"282500","830.0738371962407","762.3019067760495","875.6583325650556","853.1885034805488","798.8936212844441","880.5626587395552","844.2625319883842","803.0094167349405","866.4080787954924"
"285000","800.8797863758467","706.6447150790525","869.0261143956934","874.3485414033051","869.9680141973564","877.2181437944621","859.7653712174905","845.2368860363331","869.8804749455628"
"287500","838.7289598932031","766.2881828709761","877.6257183865566","872.0360230566431","866.4497652034909","877.9761826097056","811.4371776861268","741.9933254572716","878.6358954969517"
"290000","801.8081201411759","785.11696702621","831.5206500581705","879.48492226486","878.3251765061093","880.5400601393958","824.4991458699836","740.9468600748477","867.5999603348002"
"292500","843.2696657218985","780.2279202061912","880.5947437265368","879.3447583112629","877.964888814468","881.9118887119287","840.6596927173472","803.5983384501657","861.1400047506804"
"295000","820.4143682765203","774.8353782263828","847.6189330277775","872.7971742271338","869.2896819007099","875.4253616858481","839.3203755953972","802.5820314056751","859.5147110285891"
"297500","815.7101355996116","791.1956644390618","850.2322788097484","862.4055064741256","839.6023264336627","875.0803792402387","827.5666971280702","760.5150338166477","871.5064571668506"
"300000","743.6290984077309","509.894599500895","878.441521375461","869.8875423368669","855.8586529153806","880.4861975903056","839.322861762911","765.2419967380898","880.0376765186753"
"302500","765.6639476660225","583.0540024132982","858.034441369291","857.7603065531142","821.0627477835591","876.3299180025285","862.543860334732","847.5704055132977","880.3381558464474"
"305000","864.2371071806255","839.5057127069219","880.0383346617879","855.0396758878838","811.5956905867517","878.3249071767881","820.9007492582913","784.7707646903832","870.2871888836993"
"307500","865.5111871959822","840.5409592901727","878.5629516422803","857.0762523843958","810.1215179239034","881.8405341135592","829.4177731434519","761.162655814817","872.5903698953238"
"310000","866.1290375779269","859.5831886231256","872.4604793780607","876.5449039755931","869.9021973849751","881.9680256200651","852.5004264256595","821.7308980183361","871.0926500085421"
"312500","826.3526858313039","779.6310293551337","873.1485248531957","853.5610882054519","811.4138117746891","876.6675427845832","847.9951472294642","815.6140089759543","874.9378107973114"
"315000","805.3666010495491","778.9093119612645","856.0462955639348","870.9319985577107","854.934748295691","880.0790994802679","865.047591327287","851.9347318978719","874.8950529327731"
"317500","833.5837198081593","777.8536920940614","875.0808700793771","877.0379363024468","876.0275567113913","877.6860123198945","867.6540819115365","859.0860163389046","876.7044923836177"
"320000","827.7653518871616","791.6754085325563","849.820975509538","863.1492622503897","839.9039997568132","879.0631335629571","875.788124485488","865.1540977184222","882.3582745753802"
"322500","843.6832095482832","775.883076319122","877.8483386157156","873.9673435478358","871.3461299046112","876.7302259161394","872.1940418078799","858.1982791280801","881.9731971305839"
"325000","854.5209115526092","835.2802955745101","881.1182890834441","869.1432267254764","861.367937784363","873.3760337276859","872.5352964853992","858.7882642461345","879.4883022476819"
"327500","809.591456395442","732.3657101042963","869.189373695968","877.2389079257191","871.9349756918521","881.0487972045306","874.6842263784739","863.5334960162156","880.2956032230386"
"330000","840.9317358449057","792.0014338395756","871.6160789463283","873.4556562624081","867.039538470369","881.0025489178821","869.9806369622871","862.7302137430066","879.3338941750346"
"332500","829.3100797218209","782.9516564180378","862.5478627029494","878.4907215096781","877.3205104920968","880.3164619272715","867.4637863156244","863.456094349435","874.7197933139594"
"335000","862.3121206742993","846.8806095387838","876.8374253230228","879.3489776739933","877.3323746234986","880.6078913327747","864.327927172793","856.0480815431135","876.6138106138769"
"337500","833.494474651931","780.0537712577888","866.6421950656811","874.5021301548221","864.626350864071","882.4586132076671","869.7758053887077","859.8949175192396","876.8970866582486"
"340000","794.9196337018075","694.9454976440405","865.062055913408","875.6887269775079","872.917150547078","880.9598864204347","868.9090098412563","855.5174782477965","878.2562785981557"
"342500","859.0546837279162","842.3617355283028","868.1429456989611","877.217816050197","873.62350055299","880.1774565967484","871.5907273034308","864.0879928960396","879.1505261973052"
"345000","847.1317341382056","803.2369650157386","870.8146923613331","874.6025983608921","870.7614176638733","877.9653129380455","871.7108261697068","857.875607121153","879.1571586457776"
"347500","870.6266524271861","861.2939691370726","875.7679571439876","878.2094323711323","875.8115863032824","880.2687318431223","870.1794974439885","865.1558929104369","879.6107079334375"
"350000","862.3274441073736","853.2295887916425","870.074153800648","878.2731338850659","875.4583431019964","882.9231166343867","875.3736737411094","872.7292247171108","879.5769308604322"
"352500","835.8125267527425","813.316521307541","852.8870108891375","878.5931844276301","873.6687401928153","882.5448715855503","868.1622093030822","861.752321602478","878.556509697318"
"355000","830.8468500279001","759.9980601757909","878.1291950334878","874.0722205342403","870.0891114755617","878.1155376304616","867.4147561397049","863.0589979471806","870.7650802456486"
"357500","851.5213381274704","826.0427389373406","865.9591919003475","876.2255081027337","874.1416668139233","878.2017369888697","876.9333927664376","874.8633617122381","879.2494581639658"
"360000","867.2453917831798","858.1920269488799","878.494187519357","875.7394567726969","873.2487241277528","877.1003442292397","875.9222326737772","872.0294336120241","879.688756453283"
"362500","843.2969014284516","803.5068998936903","875.1387125819789","878.8645794166072","875.6676171221943","880.6820023413457","876.0565500225039","868.085704660499","881.0817799060678"
"365000","835.1878136140007","805.5475173135541","878.6931211342893","873.7889368986826","869.1553340919912","879.7409359194593","873.640284356452","861.7953055205295","879.6210518160453"
"367500","854.4749437384753","842.2711961838177","875.1162488810584","873.3681206672651","868.4793878993958","878.0122412537028","876.8155986931391","870.1820884310467","881.1083965330505"
"370000","853.7917552449529","830.4287626329042","874.1732811647889","877.4937178343233","874.7628712486079","881.5818335059632","875.4147543453637","871.325167980415","879.2601603272478"
"372500","863.1401076740525","846.8231267429068","871.943744009006","873.3875243695056","869.2090784056963","877.3495377392694","876.4915088571476","869.5178864108859","880.2530471836205"
"375000","856.0164532428886","826.5591143844047","878.3313857046862","875.1753445564833","872.2235086070556","877.744756631434","867.2191100228894","851.4075334682153","880.8447716460284"
"377500","846.0822047298456","833.6068660126157","860.4360308462223","875.0944997436833","868.929525249486","878.6622267913444","873.2189079092926","864.8605295757964","877.8918373453946"
"380000","821.2180215241173","737.3119642692052","880.4630640382635","878.112386206522","877.3313979065858","878.8983567124831","870.6568872227925","866.6868223629378","875.9684486381433"
"382500","850.9310915004306","799.0456702871444","879.337947540522","874.8524296714392","874.2204637722665","875.4324747950435","874.2577992614671","869.1743127662754","881.2011308122852"
"385000","846.3235734482774","792.5839077059329","877.2016500881962","875.2571314312155","868.9689318420571","879.3710760353649","879.9331759544194","876.6312152790472","881.9830798460556"
"387500","867.4338893195232","852.8342955525222","875.5010168576798","880.3506840380232","878.7600941127694","881.3301405978551","857.4366727742148","823.309126501935","875.6834722217448"
"390000","875.3361307053993","866.766873682442","880.475120913062","868.9765615032612","864.4091642364461","873.9100729004319","865.7190709855028","837.0418205178914","880.2644109055018"
"392500","873.2191194582978","869.0856698136365","878.434415492518","878.4226754362813","875.0572738991528","881.1202491142583","837.5949135167729","758.3287803087541","879.9678018197088"
"395000","865.2596659428491","856.4348638740572","872.9991985792964","876.7709352453467","874.8825082443389","879.9843027117906","877.075479609441","873.8086164709927","880.195081832474"
"397500","847.1719525360826","802.7891039293542","870.814640958363","875.047604480783","871.238306240394","878.9585886890551","871.8081650460359","870.9716466434902","872.2322680089952"
"400000","844.2321830302891","788.5822317834743","875.4902719742677","876.9949550649397","875.049913699554","878.3157527975067","876.7678260796943","873.9728528178351","881.2897076131272"
"402500","825.6379246887244","732.6336059969366","876.7805799334665","878.1335568891295","874.9571136059856","880.3403294075442","841.3514127547911","780.1785175354569","881.6315363025162"
"405000","846.3612067988279","802.3073056637668","879.7248624835463","874.9109254153087","867.8171404046241","882.70392010653","790.1560150485253","613.4297516776776","878.6431931952795"
"407500","841.931074407932","793.0754702824286","877.310104543272","878.1865478528593","875.3494258612391","882.2795634826152","850.9577442747938","792.5631839538631","881.5562192803394"
"410000","843.8078947917494","799.4630353719069","879.4756609069667","870.7711202451798","864.1397075425144","878.6371637562518","876.7346459650513","866.9087255468403","881.7689086035007"
"412500","868.6270169464893","862.7741433857746","880.3246772136563","876.563471522306","874.5673461568342","879.3889138148816","857.1965198882752","819.0683916353285","879.7143029222552"
"415000","847.084158201896","803.2274710071152","881.1661270846182","874.4211953208247","866.0016198417809","878.7526760220677","877.0599039466669","874.0421521179184","878.8710321978382"
"417500","873.5703111166307","861.3531388880995","881.928946593585","874.9392577349514","867.1402143737465","879.3322886115491","879.5256078977778","876.0227055869493","881.4002800563419"
"420000","860.7488835283569","832.3581911742","880.7064105597725","877.2848221184173","872.0397187374822","880.0403813962128","875.9973132273304","875.5009074839687","876.8360651454547"
"422500","874.2433898274495","862.9914414892613","880.3235682507309","875.1884355311895","869.1957391450372","881.8189926859698","878.4434849195923","875.8000206674493","880.8025146021671"
"425000","851.3326901805464","801.6551866231696","879.3500992572841","877.8407040952852","872.5970521179967","881.1990560251837","877.8259447831565","871.5410150907135","881.9964836140996"
"427500","873.71936508616","864.142176423212","878.8361722695711","849.3701145686235","802.9374048291414","878.0149272752166","876.6547072540219","873.1350477202966","879.9909001378006"
"430000","877.0809183555906","870.9623331056031","881.1288192889567","870.5981405915535","855.2863825594428","880.4177814486305","877.6816737225386","871.7188868980782","881.0482377648539"
"432500","854.0870539101412","819.0190644704555","877.0122473595371","871.5651564348135","853.5659078734964","881.616869544461","844.6869794908067","778.8835507917697","878.9256894898854"
"435000","870.0384393963132","864.1218203642729","878.5688534338263","875.575101805141","869.4093121007706","882.372756262614","845.8138898252556","775.5884754938528","882.8194046349423"
"437500","879.3217630718665","877.9898828243455","880.4310884356631","878.4317220803601","875.5644414289354","882.8075752594832","840.7517306518762","765.5330630041376","878.5037660273534"
"440000","855.404726047469","806.2743579742432","880.4501658447086","875.2470042194805","863.1928714234218","881.3824078188521","834.9435684348506","748.878384773681","879.9745098702346"
"442500","876.8893930731671","876.5296671800837","877.2224057357813","876.4186374794859","869.6630898818772","882.8655758203834","832.9443467497211","746.1233934769118","879.2831576834299"
"445000","826.6478261252837","736.8373536146283","873.4954623961894","877.1618255578618","868.494514991747","882.0906018536931","869.093030453448","847.2753785600677","880.6164257926657"
"447500","870.8510620470203","862.8563692358687","878.5754303414769","872.748321142105","863.9635145748716","882.3114784387908","874.2446106326064","868.3612598764657","879.0757068621155"
"450000","867.208270980902","858.9103341250566","879.5158469872579","876.749649448767","869.7114182179812","882.2364206167888","868.8540127377713","855.2261287811158","875.8625395995259"
"452500","859.2358734120885","840.723310152505","880.6485605789125","878.5206220921391","875.9369375844562","882.5351953324159","866.1263229800629","840.5415121371391","880.0342915516918"
"455000","869.4531195293479","857.2157237463264","877.6396163158079","877.7945115548467","872.4576274610887","882.6463608452639","860.7991530348544","824.7082280477105","879.7974546506242"
"457500","875.6239483125086","869.8709372008831","880.618552800692","877.6802517318571","876.7288045295909","878.5184801988149","870.7117221938506","858.8574166780347","877.7891952948314"
"460000","869.8634453968513","851.3281407459093","879.2940114785231","876.396623217989","867.1262087895426","881.7932058682611","877.7659612945395","872.9979950015237","880.3587018370083"
"462500","875.5094177293607","870.4593102518049","878.8940222425823","876.018318270123","872.8238414667921","878.1700541659693","878.667848327339","876.8866342371306","879.8084402101069"
"465000","876.4337650308067","872.7207254757826","878.4905032656495","877.1498592037942","873.8821142980917","878.9023793165125","876.1936102423302","873.4967369043309","879.6068092872513"
"467500","875.0818808163986","869.3479579306189","878.9481863144936","877.9003451435283","876.631597704599","878.9440545336638","879.1996022692578","878.7257972138661","879.6892034684661"
"470000","855.3824905372949","806.4116843365471","880.3197489724249","876.0449309078936","875.9528255988786","876.1865360057769","878.4415608792242","872.7710129197906","882.3642255651685"
"472500","879.4705011262637","878.7619871973257","880.5852427447155","881.7891217071098","880.3793638968157","882.9617097881107","877.3538904596002","873.3140638537618","880.8626227353525"
"475000","879.0581836533416","878.0739840839957","879.8576048879762","881.007200598246","879.2153050566316","883.0877045228805","877.3279138691277","874.9089781256882","878.9444763468715"
"477500","872.9196018847352","866.6765997452292","878.6730750120125","880.0688110833162","877.7764853864865","881.4635312566446","873.7912734175324","866.538348553393","879.5658788998805"
"480000","839.6470343145187","772.7164053833525","878.6676788678084","877.6726482025825","874.1470546453211","881.9690707080936","875.3540399645359","869.4658604112894","880.8235088061156"
"482500","876.6281585099455","872.9561055865554","878.6780614820049","879.4235876255888","878.4475043057957","880.5852660602956","878.207954813051","874.5176960957867","881.6233237812863"
"485000","876.5315803393811","868.8553805848271","882.190547929803","875.7994777702498","867.8951016522763","882.7106565163413","880.8389494559027","878.2893410273582","882.671061953072"
"487500","874.6780992985258","874.5241175934876","874.9087524353279","881.7124107220392","881.4527562998644","881.8945087354807","877.8581169925419","876.6922023192267","879.4907345108593"
"490000","876.5219413536792","874.4590491780484","878.0935416346489","879.8382010255282","874.7447478493208","882.5126833698563","880.1711586061143","879.0170424672451","881.6653176100748"
"492500","868.144801753258","853.4054921284614","881.1934962894884","877.917504986553","870.7233494103555","881.8804317009277","878.8323883596153","874.790404841839","881.7158180162002"
"495000","874.5685009381559","865.1272929223139","880.4591012759065","879.0905944785123","874.0357757045822","882.245921632538","880.7883721979379","879.3322969437338","882.2087142333054"
"497500","874.713274301212","870.4751664920523","880.6078137855424","879.2500665575366","873.646089400598","882.3151454454694","876.7997616340955","872.5236313131934","882.064139933841"
"500000","864.025148846798","841.4862610067845","878.3918270640676","881.6596584509363","880.0785244517898","883.3073322251132","878.353400083069","875.9813926041779","880.3689795284721"
"502500","873.0418594356441","865.978763258396","879.29032420619","881.2975131306251","880.3630523562791","882.7486260426653","879.3699534564694","877.6007770222677","880.3730811191097"
"505000","870.4243404038484","855.739956275638","878.1152445008538","878.8882079005342","874.7340430084989","882.3274467713054","879.9276944254434","877.5150642763896","882.1192305328216"
"507500","875.9032755184963","873.8600880319334","877.8017662262289","880.683963221316","877.2833121232006","882.4561755341625","865.8285004870077","840.9532660215136","878.2769580978614"
"510000","852.5748533872833","800.6612696093046","880.0222762297084","877.9746272978482","872.5885459069774","882.1294321496638","880.2216702659507","879.6767293163041","881.1054718013058"
"512500","879.4680482915445","877.6018724420813","882.4755990207865","880.7277145550328","878.9458371975741","882.1460982396715","879.1310421236218","878.1721626963297","879.9619440269595"
"515000","873.0087154390973","857.4270665157441","881.7706793141073","881.9762303999097","881.1354106908833","883.0461510322441","880.9017054992786","878.37765774131","882.2424205169278"
"517500","870.3813686255893","864.3416203630877","880.1395585390771","882.1691460383214","881.9250095747345","882.4395156712096","880.3712221725806","878.4495017566954","882.2176979453159"
"520000","875.9457324773736","873.8113825588553","879.8981915144284","874.2557907834968","860.1576705967124","881.6150113181453","874.2642326702768","864.7347797814898","879.0728126574155"
"522500","872.2639206766383","863.6439516338216","880.5271778057322","882.2531472937526","881.9299123220553","882.8802656459127","877.8718147352355","875.4410697143236","879.5577008261091"
"525000","854.2435079341225","811.7141653646222","880.1978740202943","882.0568617143936","881.0853834338279","882.686788810907","879.8974572561856","878.1646695265621","881.3303044857576"
"527500","849.6604739593139","797.4835915034084","880.4705722504308","878.3607742439614","871.0913272932492","882.5144586204569","879.1033897647009","877.085520359434","880.1999856908399"
"530000","870.9161301423595","859.690468234822","876.5864012764965","881.2430915249685","880.2026459438773","882.6700113489165","879.0966527211905","878.7772454504857","879.6366475330185"
"532500","879.7376476223811","878.2450166083869","881.9446658576444","880.1100204505791","877.7516147186503","882.9952242969724","880.2328733571867","877.4979134279868","882.0278625362176"
"535000","879.9438636054987","878.5007811943126","881.71240863113","878.9712968135108","876.7998495215419","881.8001327778682","880.5274286800808","877.9171849895105","882.5326991802631"
"537500","878.268037017892","874.3082485798102","880.3080662276273","877.3726483018772","874.2607820533713","881.3777129021746","879.6319710039437","876.762330208085","882.1499015679904"
"540000","864.2826230993788","833.3089746827643","880.2653045487408","878.7070002556833","871.7264571305253","882.3486747663881","880.1145891670677","878.8413793666095","882.1905855056768"
"542500","876.335794187227","866.2312680993407","881.5605024806475","880.1729705757165","877.6367010183419","881.6064490196488","876.6388920057562","867.8265053262337","881.6660219296931"
"545000","872.000026525263","862.4487908783112","879.2448249807574","877.1009669233382","868.7828355309","882.6586450251529","880.6022083256803","879.1699202887187","882.4409986482508"
"547500","875.7243133794913","866.0351474655126","880.8309750238517","881.1356696963467","880.3375573434594","881.6502373568925","877.2147922398575","874.9360960066009","879.753707625704"
"550000","879.8559581222554","876.418936280255","881.6054584174851","873.7021041232692","866.8509209116421","881.8509755451436","878.6715905440278","878.2349452493736","878.9011142801946"
"552500","872.9298728585417","860.1736774857396","880.2121502654294","875.9910688930509","874.1275630947442","878.1408830805351","881.32774139589","880.7300325614148","881.6918698858753"
"555000","875.9759342353847","866.9167084748821","881.4672687332379","877.5917882076943","871.3392517951563","882.214612530126","878.8135627527357","874.9781334345101","882.854384952381"
"557500","881.1303661553297","879.5586332413525","882.0617553542343","877.3674224883775","874.0958158200407","882.4247210505237","879.9946176602313","877.2776018013963","881.9681005522918"
"560000","880.215488538458","878.5369282363947","881.0791271697093","881.0292442595531","877.35049654815","883.0717056744865","878.1112856109121","875.4739446312287","881.3315472073336"
"562500","877.7680947026673","871.2122571822938","882.0975319348929","881.0798348440698","878.9032422893713","882.5074013814929","878.5258239348896","875.7550701111115","881.7143578334341"
"565000","879.1814384085804","877.5467761928925","882.2023032442837","880.2843197769247","875.4655908320832","882.7491885475374","880.4187719433012","878.9520451075765","881.2645642670884"
"567500","859.108078870834","818.0978556218524","880.9972257263928","875.4883174612387","862.6998304093406","882.3738800393849","878.8242957641405","876.1724460424806","882.9650816406814"
"570000","881.4818681458152","880.7092011591845","881.9816826359341","876.2864758246986","868.2901704785996","881.8312841313527","876.6050113278397","872.4336746177544","880.3355040534419"
"572500","878.6320596320173","876.0217313543164","881.0251217456253","876.2195471577076","865.9723100389449","881.8062625047994","876.0361288931272","872.2366734144082","880.3824399402171"
"575000","880.4569742449312","878.5796039213822","881.4787015914499","877.2792310851827","867.3777885830438","882.7481782598854","878.95755015818","877.6095788460905","880.4621760486853"
"577500","880.7952274607545","879.6294906986125","881.7928229704032","882.4616794606445","882.0748189638987","883.0472242896034","879.4776728014767","877.6362171617668","881.2473897009592"
"580000","879.1648798614516","876.0731028970655","880.8623300712934","882.3173837393488","881.9879518347498","882.5778328840294","845.3103270105145","776.8280659409595","879.8386882735315"
"582500","877.3707160988497","873.9073352140306","882.1953444657081","882.8397120532333","882.6666333256146","882.9421818189782","837.7402240087487","760.5932054235338","879.2148148441738"
"585000","880.770055770111","880.0662848980471","881.2007638453011","882.4148802453309","881.824549091801","882.8463904109501","836.8120686004612","751.1743309407302","881.0723042262416"
"587500","877.4896485919659","871.8751263469514","882.3568929098492","881.8302592939026","880.9184735205174","882.9102511257073","846.5417300325486","781.9423670407285","879.0507841006025"
"590000","878.8191143707564","876.465666895467","882.0470209411784","881.3200306165317","879.3133108107617","883.1007826504576","867.3044335452277","844.0776555662463","879.9486554947496"
"592500","880.0350149772167","877.8852676231338","881.487311806424","880.7746200162441","877.6816059518617","882.4340917184057","872.6660994460972","859.479188484722","879.3754928694987"
"595000","880.4208273066535","879.1673551947215","882.0625678518057","881.5377281525319","878.490441529598","883.194111392488","876.9474066388096","874.079474153206","878.4172541176628"
"597500","879.695137647313","878.1265277000318","881.8432990942947","882.4639936609625","881.8498899672071","883.0000485961621","877.4471517368112","876.746838259654","878.65699689883"
"600000","877.8024735323276","870.5653006437831","882.7760943329879","882.3341460583159","882.0917961008148","882.6182162173036","880.5317368822292","880.0889504597366","880.9109693970324"
"602500","875.7896492759795","869.4747866276018","880.4903562604053","879.3884565107413","875.5956350931074","881.3609239438867","879.4117266239551","875.6890471962248","881.8197237349189"
"605000","872.470030180623","860.8595654726093","880.4170175818638","881.8738504474301","880.20090887285","882.7480252967578","879.3457059586743","877.3335409493218","882.2456491578414"
"607500","880.8572848378353","879.9288677265155","881.746298139566","877.5293623821277","869.996290467491","882.4015758454865","880.0207618398782","878.7267141766037","881.143197279348"
"610000","876.1745038511281","870.1493334973475","881.1604653992532","880.0804115541487","878.1115898047112","881.2292510666928","879.4828012900692","876.1603395070622","881.5550170930586"
"612500","853.224473670527","797.2764461497579","881.3555259131635","877.4877919757511","871.5582163164443","882.2210802911759","879.6311026576377","877.8681355353012","880.9331233008448"
"615000","870.3381122319597","851.9823589820724","879.936795638522","875.3812868414765","869.149247103994","881.5401133116978","881.0686520404179","880.7961329394241","881.5587504162293"
"617500","880.1759292014787","877.2238492660359","882.2092881740879","870.6917456059273","862.9089827426126","882.0979241364057","880.1883128396457","877.4144837129563","882.2205464946315"
"620000","880.6446457579792","879.6265841180332","881.9092175673238","876.7397361633551","867.1310496058526","882.4068146224943","879.1769884246178","878.9234018775076","879.3207608232129"
"622500","823.8184763546625","738.7224250179175","880.8923718010374","877.0830735347378","872.6770893236557","879.4910091572732","879.4853369886213","877.3437207550367","880.9575773124055"
"625000","880.6972280116858","877.9049852490946","882.8852957251247","877.4033241904872","868.8119119787436","882.3305519899756","880.6964668583123","880.2200947612342","881.0558118784156"
"627500","879.0936693777185","873.4337244392485","882.4563565147794","878.4563875239292","874.8782614737462","882.8027933374839","877.6048388743211","876.7012841067735","878.1213821001089"
"630000","863.4944005867104","850.8768040721488","879.5494327924434","876.2078551225444","870.7631344115118","882.3147422961499","859.523757750428","818.9366299074559","880.0103275484637"
"632500","873.1621781735163","860.0331659111558","881.2527260887266","878.72539445775","875.2161622071068","881.8000086952907","878.2836195980008","876.5715517557144","879.8651348224641"
"635000","880.9457939796926","879.8030267963586","882.2487774297188","877.5730421951562","871.6312148553516","882.1334422994487","878.7383736380483","874.8756058636925","881.8153011533153"
"637500","879.5701262739443","875.309473782976","882.2672724836044","878.7027308336733","872.345948423954","882.6086533568647","878.2635179670939","871.2104109849722","882.2592072496145"
"640000","880.8390504997514","880.1947991713072","881.7841699278554","878.7898681685907","873.265624005196","882.0113543940179","878.931668963795","877.9360309141208","879.658561452255"
"642500","879.855643477777","879.1674172754025","880.4650709604751","878.0859706494515","870.0207592576924","882.1785681248737","876.3520132801456","865.024411727466","882.618167923747"
"645000","880.6965770327316","879.5993873124944","881.573232219248","877.6269150882532","869.2829086469376","882.028204444021","877.3058496736825","869.9652191579673","881.0292608072602"
"647500","880.8287301919077","880.721430226307","880.9165546594289","881.0399327413367","877.5429171572393","882.877870303278","877.9892314649313","874.4052968978955","880.3033431152851"
"650000","881.1145102354831","880.2999426923664","882.3566703994074","877.9647447535089","870.2368371830702","882.007346288169","880.8486612890916","879.8396379967071","882.2145153236376"
"652500","867.6675787058797","845.128880125418","881.8655136651923","881.5905225925699","880.2562624434198","882.7695267010049","879.9475324746053","876.6275606707939","882.887467500118"
"655000","848.7502876866561","798.3841210468681","876.8767555612678","882.0378844204264","880.9948956678705","882.7145842906657","881.6744498454512","880.977360126952","882.6368301547548"
"657500","868.968463632893","859.7388809968372","878.7965380879683","882.5189086317126","881.9381431350982","882.8938700328542","879.9753350079567","878.038402099487","882.1039597278075"
"660000","874.5503894701118","861.8086883938965","881.4031133808621","878.8968110828888","871.1566177138748","882.781613954499","881.348311145946","880.5711072028467","882.6422779470715"
"662500","860.9009321728536","845.2208837376713","881.3627101301215","882.428094961238","881.3640208091249","882.973312978436","880.6830557084655","879.7497810391353","881.7046619643392"
"665000","880.3633251476462","878.3537977717478","881.8657740777968","879.8670760472693","874.6597442580489","882.7446911943741","880.4810818512724","878.8032274758505","882.6381500851672"
"667500","858.4212883988642","828.3673513271575","879.5821221699582","879.1267434229513","872.7090704931413","882.524776206394","868.6909129188161","840.9627296743995","882.9416291688942"
"670000","874.9825614953406","868.3525239569626","879.5855117570918","878.1971659719611","869.1852129458196","883.0066156558057","877.4251481269166","869.083889756411","882.3143026736818"
"672500","854.4648899235544","808.799716084789","879.549411789593","880.8023750165104","877.2629713305529","882.8810411754854","864.4515865895642","833.0045906154031","881.4629133729246"
"675000","849.6922953836611","787.0749582798178","881.3514589215405","880.9424897375171","878.5099887291353","882.594121063549","879.2825943761054","874.3117504238284","882.3473841302364"
"677500","877.2947531583927","871.7189566641455","880.4825798610862","878.137379018452","873.804324723432","881.9114695369535","880.7901389179837","879.1260829729936","882.0825784407559"
"680000","878.6832135679642","878.2571531691083","879.0197459821622","878.8987658995751","873.0469237044247","882.8129266967384","880.606216030308","880.1813907067141","881.2796959358941"
"682500","880.0353442750152","879.0283938886889","880.7340015482683","874.1771290200207","867.2719221753978","882.9216958983441","880.1142298599389","878.484506004928","881.0401043606756"
"685000","879.1318554507621","878.4299084648458","879.5514706811266","880.9240185510025","878.6577566725084","882.8703205101517","880.8195041410435","880.0754438867491","882.0294189872975"
"687500","879.4265866227482","876.6045921215812","881.9633302631806","876.0950627356648","865.6023459530064","881.5960023916599","880.6078865845639","879.9355607066476","881.1910173718928"
"690000","878.6946335234076","874.9327169776059","881.0288636474949","880.869855887741","877.6507616913252","882.5193177608938","880.3550693773549","879.8837127598268","880.7616226907863"
"692500","879.9204444375486","879.3234582410869","880.2629992038637","882.7671226837175","882.6732305308517","882.9396990547748","881.2595749351822","881.0236498803304","881.5464717849866"
"695000","879.5114780352793","876.6742693448698","880.9641313625652","882.6828036578212","882.134910671005","883.06801779398","880.1160816997932","879.5276600844079","880.5964023897379"
"697500","880.5875587318629","880.3716758051596","880.9975901492937","882.2292574227012","881.2853620093783","882.8358477307868","879.4801892528112","877.4966945825638","881.4663128053162"
"700000","880.5366856001697","879.6761861230685","881.9503839398734","882.814200055744","882.626547225839","882.9295320024974","880.3432025701921","879.9806150097913","880.9508376755366"
"702500","880.2817716325238","877.6615243776139","882.2446383730097","882.7000631984077","882.4758632528792","882.9821223450994","881.0067930054585","879.9932973605816","881.963816248277"
"705000","880.9570787928275","879.6971991926763","881.5950281362045","878.2421957077801","870.4927874496716","882.8034715062038","879.7720151524499","879.1647435985008","880.9767040534844"
"707500","879.2494540983975","875.4032799769946","881.1743225623786","880.1702208839642","876.1474139324498","882.4554568093492","880.3752751633741","876.5727008266025","882.6256630032419"
"710000","873.2013985594448","867.281201280276","878.6280698324215","880.8420325795864","879.448541358796","881.6091358477964","880.0352450593024","879.1418687360892","881.4890699991495"
"712500","880.3108597794953","878.0445778794059","881.8209592775177","878.5127262344313","873.2026506730026","881.5019024798996","878.5246238476026","874.5952572739709","880.7162749757736"
"715000","876.4688434976532","868.9253309419837","882.1187259859438","882.330758044763","882.0385443096126","882.8281747897263","877.6491493444777","874.7171068448868","880.3991613058621"
"717500","880.202519346299","879.379214872557","881.5078429788203","882.4121714835131","881.8187212193094","882.8053049376206","880.363207046286","878.228275918291","882.1239150446278"
"720000","876.4675680999068","869.5633023136573","880.7558192957104","882.381775737649","882.08257381285","882.7462576049796","880.0158830168625","879.174592436893","881.4656904084522"
"722500","872.7088148030462","858.8456728061298","881.8363205243977","882.7050443520396","882.3821685242935","882.9153306803444","880.3851489414402","879.7506739010223","881.5841838171302"
"725000","879.4388801897686","876.0332666085244","881.2147940565814","882.5283206161002","882.0582288624313","882.8019028941957","880.5582466400161","879.137666593864","882.1765318561304"
"727500","862.3391271135337","841.0785408294644","878.7322536689429","882.2045246285734","881.5598697642923","882.5363952843156","877.823797652737","876.0371381973267","879.0603818534968"
"730000","878.4978195799391","876.9636749755573","879.8760753718992","878.2126601073554","869.6116197050571","882.5232394721054","882.3115893070877","881.6224038486846","883.1633933255807"
"732500","878.4201925244312","876.8030767380126","879.5070774526932","878.9018824072153","875.6726840772571","883.0231611422572","881.2985285671963","879.6098287816454","882.6458963179278"
"735000","878.1667284395699","873.3934019499908","880.5746798063379","881.5480066093984","879.282860031108","883.1068006277914","879.3638230006151","878.1074626613545","881.0854519476246"
"737500","879.7576639024119","877.6907163051998","882.0830616147584","878.2884371765018","871.4575112512641","882.1854128988365","880.4822296096509","878.3499068831768","882.7758237274809"
"740000","880.5178356963665","879.2836659033059","882.0015583719039","878.8864352592285","872.7163166486437","883.015278511534","880.8991969754649","879.199792970958","882.1632518011004"
"742500","877.4648247010931","874.2421621197736","881.736016199384","878.4278414151167","870.2015104038494","882.7102667271456","880.2297884953344","879.0003656051833","881.4257636052473"
"745000","879.5557122128795","876.1218938253558","881.5828352011071","882.7911976347272","882.7304523819399","882.8840791786952","881.8578845497149","881.37387176368","882.5187198559701"
"747500","876.180036762467","869.6694940677974","880.68936702458","880.8603952440358","877.151527410109","882.9039459269541","881.3609195923545","880.9358406735003","881.5883274880622"
"750000","880.076159239056","879.4234677292619","881.2678247825654","879.7733687683759","873.9205794085956","882.8314144028147","880.8273405549127","879.5733833461643","882.1757242962431"
"752500","880.1436426088018","879.7542181970017","880.3993258995733","879.3963068743357","877.108399935616","882.8765357621845","880.5945331143298","878.88526348458","882.1504861163992"
"755000","879.7814442689265","878.4376100041394","880.8193410083255","876.9193161871453","873.192736214053","882.668136256211","878.9754486791738","876.5830055676","881.1060274049938"
"757500","879.3258353690626","876.4226119722307","881.7041610899016","878.0923072517948","875.8345978305406","882.5733817500238","881.3287969610423","880.6774927214731","881.8068866935533"
"760000","869.5172098612226","853.7885852546415","881.6486992238631","878.5948425775902","875.179760879037","882.8423326313177","868.4106432293069","841.905539975797","882.652219150895"
"762500","876.855163656806","869.8969322962569","882.1027341825126","880.7430123109285","877.3123618580448","882.6970151812599","878.5882225424008","873.3199299218643","881.7558432280861"
"765000","879.5060479227577","875.959989524489","881.8462044997093","879.9069871460805","877.3190080196285","882.6423596650177","835.1722144376723","747.4666610503742","879.0341086889086"
"767500","877.7801802769139","875.4828471325775","879.3929537033944","880.9353574467432","879.8458102423335","882.3760329637164","880.8255000370078","879.5021899196547","882.9384580697922"
"770000","880.4097190816211","879.7323403977271","881.0870977655152","881.2976042477476","880.1970615787789","882.3981469167162","880.5637808566953","878.5378124664136","881.8293038251406"
"772500","878.9891333717713","877.2036431324138","880.7746236111288","882.0896652791395","882.0896652791395","882.0896652791395","881.3629638905492","879.8158274776868","882.269687682507"
"775000","880.3726016098406","880.2716624651272","880.473540754554","882.0186528837121","882.0186528837121","882.0186528837121","881.0443143413049","880.3425224112019","881.746106271408"
"777500","880.5681363035942","879.2611753676993","881.8750972394892","880.9132772802423","880.9132772802423","880.9132772802423","882.6181560944063","882.6181560944063","882.6181560944063"
"780000","877.052546016641","874.1404810053257","879.9646110279564","","","","881.1505282875557","881.1505282875557","881.1505282875557"
"782500","881.4695650500496","881.4058622608478","881.5332678392515","","","","880.9527469059689","880.9527469059689","880.9527469059689"
"785000","876.1119315496803","870.4341098323032","881.7897532670573","","","","879.5816732597563","879.5816732597563","879.5816732597563"
"787500","876.4454076643494","876.4454076643494","876.4454076643494","","","","880.303081782387","880.303081782387","880.303081782387"
"790000","871.2859181388854","871.2859181388854","871.2859181388854","","","","882.5094265992711","882.5094265992711","882.5094265992711"
"792500","875.7779096453378","875.7779096453378","875.7779096453378","","","","879.2863287089522","879.2863287089522","879.2863287089522"
"795000","871.5972248789012","871.5972248789012","871.5972248789012","","","","877.3683041224367","877.3683041224367","877.3683041224367"
"797500","859.0815239196033","859.0815239196033","859.0815239196033","","","","879.6703104647888","879.6703104647888","879.6703104647888"
"800000","","","","","","","882.332191949672","882.332191949672","882.332191949672"
"802500","","","","","","","880.1730771870098","880.1730771870098","880.1730771870098"
"805000","","","","","","","881.1831711333773","881.1831711333773","881.1831711333773"